date,time_utc,player_name,team,american_odds,ev_pct,model_prob_pct
2026-05-13,15:06,Liam Hicks,MIA,600,17.81,16.83
2026-05-13,15:06,Oswald Peraza,LAA,1000,25.73,11.43
2026-05-13,15:06,Braden Shewmake,HOU,600,15.92,16.56
2026-05-13,15:09,Liam Hicks,MIA,600,17.81,16.83
2026-05-13,15:09,Oswald Peraza,LAA,1000,25.73,11.43
2026-05-13,15:09,Braden Shewmake,HOU,600,15.92,16.56
2026-05-13,15:10,Liam Hicks,MIA,600,17.81,16.83
2026-05-13,15:10,Oswald Peraza,LAA,1000,25.73,11.43
2026-05-13,15:10,Braden Shewmake,HOU,600,15.92,16.56
2026-05-13,15:12,Liam Hicks,MIA,600,17.81,16.83
2026-05-13,15:12,Oswald Peraza,LAA,1000,25.73,11.43
2026-05-13,15:12,Braden Shewmake,HOU,600,15.92,16.56
2026-05-17,14:20,Drake Baldwin,ATL,500,30.87,23.87
2026-05-17,14:20,Michael Harris II,ATL,600,40.35,20.05
2026-05-17,14:20,Matt Olson,ATL,360,16.15,25.25
2026-05-17,14:20,Liam Hicks,MIA,600,13.33,16.19
2026-05-17,14:20,Jonathan Aranda,TB,750,30.56,15.36
2026-05-17,14:20,Mike Trout,LAA,600,12.49,16.07
2026-05-17,14:20,Angel Martínez,CLE,600,9.13,15.59
2026-05-17,14:22,Drake Baldwin,ATL,500,30.87,23.87
2026-05-17,14:22,Michael Harris II,ATL,600,40.35,20.05
2026-05-17,14:22,Matt Olson,ATL,360,16.15,25.25
2026-05-17,14:22,Liam Hicks,MIA,600,13.33,16.19
2026-05-17,14:22,Jonathan Aranda,TB,750,30.56,15.36
2026-05-17,14:22,Mike Trout,LAA,600,12.49,16.07
2026-05-17,14:22,Angel Martínez,CLE,600,9.13,15.59
2026-05-17,15:03,Drake Baldwin,ATL,500,30.87,23.81
2026-05-17,15:03,Michael Harris II,ATL,600,40.14,20.02
2026-05-17,15:03,Daylen Lile,WSH,800,44.45,16.05
2026-05-17,15:03,Juan Soto,NYM,500,22.10,20.35
2026-05-17,15:03,Matt Olson,ATL,360,16.15,25.25
2026-05-17,15:03,Liam Hicks,MIA,600,13.26,16.18
2026-05-17,15:03,Jonathan Aranda,TB,750,30.56,15.36
2026-05-17,15:03,Mike Trout,LAA,600,12.07,16.01
2026-05-17,15:03,Angel Martínez,CLE,600,9.13,15.59
2026-05-17,15:12,Drake Baldwin,ATL,500,30.87,23.81
2026-05-17,15:12,Michael Harris II,ATL,600,40.14,20.02
2026-05-17,15:12,Daylen Lile,WSH,800,44.45,16.05
2026-05-17,15:12,Angel Martínez,CLE,600,23.13,17.59
2026-05-17,15:12,Juan Soto,NYM,500,22.10,20.35
2026-05-17,15:12,Jordan Walker,STL,430,17.71,22.21
2026-05-17,15:12,Matt Olson,ATL,360,16.15,25.25
2026-05-17,15:12,Liam Hicks,MIA,600,13.26,16.18
2026-05-17,15:12,Jonathan Aranda,TB,750,30.56,15.36
2026-05-17,15:12,Mike Trout,LAA,600,12.07,16.01
2026-05-17,15:14,Drake Baldwin,ATL,500,30.87,23.81
2026-05-17,15:14,Michael Harris II,ATL,600,40.14,20.02
2026-05-17,15:14,Daylen Lile,WSH,800,44.45,16.05
2026-05-17,15:14,Angel Martínez,CLE,600,23.13,17.59
2026-05-17,15:14,Juan Soto,NYM,500,22.10,20.35
2026-05-17,15:14,Jordan Walker,STL,430,17.71,22.21
2026-05-17,15:14,Matt Olson,ATL,360,16.15,25.25
2026-05-17,15:14,Liam Hicks,MIA,600,13.26,16.18
2026-05-17,15:14,Jonathan Aranda,TB,750,30.56,15.36
2026-05-17,15:14,Mike Trout,LAA,600,12.07,16.01
2026-05-17,15:57,Drake Baldwin,ATL,500,30.87,23.81
2026-05-17,15:57,Michael Harris II,ATL,600,40.14,20.02
2026-05-17,15:57,Daylen Lile,WSH,800,44.45,16.05
2026-05-17,15:57,Angel Martínez,CLE,600,23.13,17.59
2026-05-17,15:57,Juan Soto,NYM,500,22.10,20.35
2026-05-17,15:57,Jordan Walker,STL,430,17.71,22.21
2026-05-17,15:57,Matt Olson,ATL,360,16.15,25.25
2026-05-17,15:57,Liam Hicks,MIA,600,13.26,16.18
2026-05-17,15:57,Jonathan Aranda,TB,750,30.56,15.36
2026-05-17,15:57,Mike Trout,LAA,600,12.07,16.01
2026-05-17,16:33,Drake Baldwin,ATL,500,30.87,23.99
2026-05-17,16:33,Michael Harris II,ATL,600,40.43,20.17
2026-05-17,16:33,Daylen Lile,WSH,800,44.45,16.05
2026-05-17,16:33,Angel Martínez,CLE,600,23.55,17.65
2026-05-17,16:33,Juan Soto,NYM,500,20.96,20.16
2026-05-17,16:33,Jordan Walker,STL,430,17.77,22.22
2026-05-17,16:33,Matt Olson,ATL,360,16.15,25.25
2026-05-17,16:33,Liam Hicks,MIA,600,14.59,16.37
2026-05-17,16:33,Mike Trout,LAA,600,11.93,15.99
2026-05-17,18:47,Drake Baldwin,ATL,500,30.87,25.25
2026-05-17,18:47,Michael Harris II,ATL,600,40.43,21.37
2026-05-17,18:47,Mike Trout,LAA,600,36.91,21.19
2026-05-17,18:47,Mickey Moniak,COL,440,30.41,24.15
2026-05-17,18:47,Daylen Lile,WSH,800,47.87,16.43
2026-05-17,18:47,Jacob Young,WSH,1150,36.00,10.88
2026-05-17,18:47,Jordan Walker,STL,430,24.23,23.44
2026-05-17,18:47,Matt Olson,ATL,360,16.15,25.25
2026-05-17,18:47,Miguel Vargas,CWS,510,17.00,19.18
2026-05-17,18:47,Angel Martínez,CLE,600,15.71,16.53
2026-05-17,18:47,Liam Hicks,MIA,600,12.35,16.05
2026-05-17,18:47,Juan Soto,NYM,500,18.14,19.69
2026-05-17,18:47,TJ Rumfield,COL,700,17.92,14.74
2026-05-17,18:47,Jorge Soler,LAA,600,8.43,15.49
2026-05-17,19:41,Drake Baldwin,ATL,500,30.87,25.25
2026-05-17,19:41,Michael Harris II,ATL,600,40.43,21.27
2026-05-17,19:41,Mike Trout,LAA,600,36.91,21.19
2026-05-17,19:41,Mickey Moniak,COL,440,30.41,24.15
2026-05-17,19:41,Daylen Lile,WSH,800,47.42,16.38
2026-05-17,19:41,Luke Raley,SEA,540,29.92,20.30
2026-05-17,19:41,J.P. Crawford,SEA,800,30.05,14.45
2026-05-17,19:41,Jordan Walker,STL,430,22.06,23.03
2026-05-17,19:41,Matt Olson,ATL,360,16.15,25.25
2026-05-17,19:41,Angel Martínez,CLE,600,15.29,16.47
2026-05-17,19:41,Miguel Vargas,CWS,510,15.23,18.89
2026-05-17,19:41,Jacob Young,WSH,1150,35.62,10.85
2026-05-17,19:41,Juan Soto,NYM,500,17.54,19.59
2026-05-17,19:41,TJ Rumfield,COL,700,17.92,14.74
2026-05-17,19:41,Jorge Soler,LAA,600,8.43,15.49
2026-05-17,19:43,Drake Baldwin,ATL,500,30.87,25.25
2026-05-17,19:43,Michael Harris II,ATL,600,40.43,21.27
2026-05-17,19:43,Mike Trout,LAA,600,36.91,21.19
2026-05-17,19:43,Mickey Moniak,COL,440,30.41,24.15
2026-05-17,19:43,Daylen Lile,WSH,800,47.42,16.38
2026-05-17,19:43,Luke Raley,SEA,540,29.92,20.30
2026-05-17,19:43,J.P. Crawford,SEA,800,30.05,14.45
2026-05-17,19:43,Jordan Walker,STL,430,22.06,23.03
2026-05-17,19:43,Matt Olson,ATL,360,16.15,25.25
2026-05-17,19:43,Angel Martínez,CLE,600,15.29,16.47
2026-05-17,19:43,Miguel Vargas,CWS,510,15.23,18.89
2026-05-17,19:43,Jacob Young,WSH,1150,35.62,10.85
2026-05-17,19:43,Juan Soto,NYM,500,17.54,19.59
2026-05-17,19:43,TJ Rumfield,COL,700,17.92,14.74
2026-05-17,19:43,Jorge Soler,LAA,600,8.43,15.49
2026-05-17,19:45,Drake Baldwin,ATL,500,30.87,25.25
2026-05-17,19:45,Michael Harris II,ATL,600,40.43,21.27
2026-05-17,19:45,Mike Trout,LAA,600,36.91,21.19
2026-05-17,19:45,Mickey Moniak,COL,440,30.41,24.15
2026-05-17,19:45,Daylen Lile,WSH,800,47.42,16.38
2026-05-17,19:45,Luke Raley,SEA,540,29.92,20.30
2026-05-17,19:45,J.P. Crawford,SEA,800,30.05,14.45
2026-05-17,19:45,Jordan Walker,STL,430,22.06,23.03
2026-05-17,19:45,Matt Olson,ATL,360,16.15,25.25
2026-05-17,19:45,Angel Martínez,CLE,600,15.29,16.47
2026-05-17,19:45,Miguel Vargas,CWS,510,15.23,18.89
2026-05-17,19:45,Jacob Young,WSH,1150,35.62,10.85
2026-05-17,19:45,Juan Soto,NYM,500,17.54,19.59
2026-05-17,19:45,TJ Rumfield,COL,700,17.92,14.74
2026-05-17,19:45,Jorge Soler,LAA,600,8.43,15.49
2026-05-17,20:30,Drake Baldwin,ATL,500,30.87,25.25
2026-05-17,20:30,Michael Harris II,ATL,600,40.43,21.04
2026-05-17,20:30,Mike Trout,LAA,600,36.91,21.24
2026-05-17,20:30,Mickey Moniak,COL,440,35.00,25.00
2026-05-17,20:30,Daylen Lile,WSH,800,46.34,16.26
2026-05-17,20:30,Jacob Young,WSH,1150,42.25,11.38
2026-05-17,20:30,Luke Raley,SEA,540,31.58,20.56
2026-05-17,20:30,J.P. Crawford,SEA,800,31.49,14.61
2026-05-17,20:30,Matt Olson,ATL,360,16.15,25.25
2026-05-17,20:30,Miguel Vargas,CWS,510,16.81,19.15
2026-05-17,20:30,TJ Rumfield,COL,700,19.84,14.98
2026-05-17,20:30,Juan Soto,NYM,500,17.24,19.54
2026-05-17,20:30,Harrison Bader,SF,700,10.48,13.81
2026-05-19,19:25,Xavier Edwards,MIA,1000,36.44,13.99
2026-05-19,19:25,Spencer Steer,CIN,525,19.25,19.08
2026-05-19,19:25,Jac Caglianone,KC,900,18.00,11.80
2026-05-19,19:28,Xavier Edwards,MIA,1000,36.44,13.99
2026-05-19,19:28,Jac Caglianone,KC,900,18.00,11.80
2026-05-19,19:31,Xavier Edwards,MIA,1000,36.44,13.99
2026-05-19,19:31,Jac Caglianone,KC,900,18.00,11.80
2026-05-19,19:42,Xavier Edwards,MIA,1000,36.44,13.99
2026-05-19,19:42,Spencer Steer,CIN,525,19.25,19.08
2026-05-19,19:42,Jac Caglianone,KC,900,18.00,11.80
2026-05-19,19:45,Xavier Edwards,MIA,1000,36.44,13.99
2026-05-19,19:45,Spencer Steer,CIN,525,19.25,19.08
2026-05-19,19:45,Jac Caglianone,KC,900,18.00,11.80
2026-05-19,19:51,Xavier Edwards,MIA,1000,36.44,13.99
2026-05-19,19:51,Spencer Steer,CIN,525,19.25,19.08
2026-05-19,19:51,Jac Caglianone,KC,900,18.00,11.80
2026-05-19,20:05,Xavier Edwards,MIA,1000,36.44,13.99
2026-05-19,20:05,Jac Caglianone,KC,900,16.80,11.68
2026-05-19,20:08,Xavier Edwards,MIA,1000,36.44,13.99
2026-05-19,20:08,Spencer Steer,CIN,525,20.69,19.31
2026-05-19,20:08,Jac Caglianone,KC,900,16.80,11.68
2026-05-19,20:18,Xavier Edwards,MIA,1000,36.44,13.92
2026-05-19,20:18,Spencer Steer,CIN,525,20.69,19.31
2026-05-19,20:18,Jac Caglianone,KC,900,16.80,11.68
2026-05-19,20:18,Tyrone Taylor,NYM,900,17.60,11.76
2026-05-19,20:18,Byron Buxton,MIN,325,7.31,25.25
2026-05-19,20:20,Xavier Edwards,MIA,1000,36.44,13.92
2026-05-19,20:20,Spencer Steer,CIN,525,19.25,19.08
2026-05-19,20:20,Jac Caglianone,KC,900,18.00,11.80
2026-05-19,20:20,Tyrone Taylor,NYM,900,17.60,11.76
2026-05-19,20:20,Byron Buxton,MIN,325,7.31,25.25
2026-05-20,15:52,JJ Bleday,CIN,575,39.10,21.97
2026-05-20,15:52,Adley Rutschman,BAL,750,38.72,16.32
2026-05-20,15:52,Xavier Edwards,MIA,1000,30.13,11.83
2026-05-20,15:52,Byron Buxton,MIN,325,7.31,25.25
2026-05-20,15:59,JJ Bleday,CIN,575,39.10,21.97
2026-05-20,15:59,Adley Rutschman,BAL,750,38.72,16.32
2026-05-20,15:59,Xavier Edwards,MIA,1000,30.13,11.83
2026-05-20,15:59,Byron Buxton,MIN,325,7.31,25.25
2026-05-20,16:03,JJ Bleday,CIN,575,39.10,21.97
2026-05-20,16:03,Adley Rutschman,BAL,750,38.72,16.32
2026-05-20,16:03,Xavier Edwards,MIA,1000,30.13,11.83
2026-05-20,16:03,Byron Buxton,MIN,325,7.31,25.25
2026-05-20,16:05,JJ Bleday,CIN,575,39.10,21.97
2026-05-20,16:05,Adley Rutschman,BAL,750,38.72,16.32
2026-05-20,16:05,Xavier Edwards,MIA,1000,30.13,11.83
2026-05-20,16:05,Byron Buxton,MIN,325,7.31,25.25
2026-05-20,16:07,JJ Bleday,CIN,575,39.10,21.97
2026-05-20,16:07,Adley Rutschman,BAL,750,38.72,16.32
2026-05-20,16:07,Xavier Edwards,MIA,1000,30.13,11.83
2026-05-20,16:07,Byron Buxton,MIN,325,7.31,25.25
2026-05-20,16:09,JJ Bleday,CIN,575,39.10,21.97
2026-05-20,16:09,Adley Rutschman,BAL,750,38.72,16.32
2026-05-20,16:09,Xavier Edwards,MIA,1000,30.13,11.83
2026-05-20,16:09,Byron Buxton,MIN,325,7.31,25.25
2026-05-20,16:10,JJ Bleday,CIN,575,39.10,21.97
2026-05-20,16:10,Adley Rutschman,BAL,750,38.72,16.32
2026-05-20,16:10,Xavier Edwards,MIA,1000,30.13,11.83
2026-05-20,16:10,Byron Buxton,MIN,325,7.31,25.25
2026-05-20,16:10,JJ Bleday,CIN,575,39.10,21.97
2026-05-20,16:10,Adley Rutschman,BAL,750,38.72,16.32
2026-05-20,16:10,Xavier Edwards,MIA,1000,30.13,11.83
2026-05-20,16:10,Byron Buxton,MIN,325,7.31,25.25
2026-05-20,16:10,JJ Bleday,CIN,575,39.10,21.97
2026-05-20,16:10,Adley Rutschman,BAL,750,38.72,16.32
2026-05-20,16:10,Xavier Edwards,MIA,1000,30.13,11.83
2026-05-20,16:10,Byron Buxton,MIN,325,7.31,25.25
2026-05-20,16:11,JJ Bleday,CIN,575,39.10,21.97
2026-05-20,16:11,Adley Rutschman,BAL,750,38.72,16.32
2026-05-20,16:11,Xavier Edwards,MIA,1000,30.13,11.83
2026-05-20,16:11,Byron Buxton,MIN,325,7.31,25.25
2026-05-20,16:11,JJ Bleday,CIN,575,39.10,21.97
2026-05-20,16:11,Adley Rutschman,BAL,750,38.72,16.32
2026-05-20,16:11,Xavier Edwards,MIA,1000,30.13,11.83
2026-05-20,16:11,Byron Buxton,MIN,325,7.31,25.25
2026-05-20,16:11,JJ Bleday,CIN,575,39.10,21.97
2026-05-20,16:11,Adley Rutschman,BAL,750,38.72,16.32
2026-05-20,16:11,Xavier Edwards,MIA,1000,30.13,11.83
2026-05-20,16:11,Byron Buxton,MIN,325,7.31,25.25
2026-05-20,16:11,JJ Bleday,CIN,575,39.10,21.97
2026-05-20,16:11,Adley Rutschman,BAL,750,38.72,16.32
2026-05-20,16:11,Xavier Edwards,MIA,1000,30.13,11.83
2026-05-20,16:11,Byron Buxton,MIN,325,7.31,25.25
2026-05-20,16:15,JJ Bleday,CIN,575,39.10,21.97
2026-05-20,16:15,Adley Rutschman,BAL,750,38.72,16.32
2026-05-20,16:15,Xavier Edwards,MIA,1000,30.13,11.83
2026-05-20,16:15,Byron Buxton,MIN,325,7.31,25.25
2026-05-20,16:16,JJ Bleday,CIN,575,39.10,21.97
2026-05-20,16:16,Adley Rutschman,BAL,750,38.72,16.32
2026-05-20,16:16,Xavier Edwards,MIA,1000,30.13,11.83
2026-05-20,16:16,Byron Buxton,MIN,325,7.31,25.25
2026-05-20,16:16,JJ Bleday,CIN,575,39.10,21.97
2026-05-20,16:16,Adley Rutschman,BAL,750,38.72,16.32
2026-05-20,16:16,Xavier Edwards,MIA,1000,30.13,11.83
2026-05-20,16:16,Byron Buxton,MIN,325,7.31,25.25
2026-05-20,16:16,JJ Bleday,CIN,575,39.10,21.97
2026-05-20,16:16,Adley Rutschman,BAL,750,38.72,16.32
2026-05-20,16:16,Xavier Edwards,MIA,1000,30.13,11.83
2026-05-20,16:16,Byron Buxton,MIN,325,7.31,25.25
2026-05-20,16:16,JJ Bleday,CIN,575,39.10,21.97
2026-05-20,16:16,Adley Rutschman,BAL,750,38.72,16.32
2026-05-20,16:16,Xavier Edwards,MIA,1000,30.13,11.83
2026-05-20,16:16,Byron Buxton,MIN,325,7.31,25.25
2026-05-20,16:16,JJ Bleday,CIN,575,39.10,21.97
2026-05-20,16:16,Adley Rutschman,BAL,750,38.72,16.32
2026-05-20,16:16,Xavier Edwards,MIA,1000,30.13,11.83
2026-05-20,16:16,Byron Buxton,MIN,325,7.31,25.25
2026-05-20,16:35,JJ Bleday,CIN,575,39.10,21.97
2026-05-20,16:35,Adley Rutschman,BAL,750,38.72,16.32
2026-05-20,16:35,Xavier Edwards,MIA,1000,30.13,11.83
2026-05-20,16:35,Byron Buxton,MIN,325,7.31,25.25
2026-05-20,17:01,Drew Romo,CWS,900,19.20,11.92
2026-05-20,17:01,Michael Helman,TEX,700,15.52,14.44
2026-05-20,17:01,Brice Turang,MIL,900,22.00,12.20
2026-05-20,17:01,Xavier Edwards,MIA,900,18.30,11.83
2026-05-20,17:03,Drew Romo,CWS,900,19.20,11.92
2026-05-20,17:03,Michael Helman,TEX,700,15.52,14.44
2026-05-20,17:03,Brice Turang,MIL,900,22.00,12.20
2026-05-20,17:03,Xavier Edwards,MIA,900,18.30,11.83
2026-05-20,17:33,Casey Schmitt,SF,420,22.72,23.60
2026-05-20,17:33,Drew Romo,CWS,900,28.70,12.87
2026-05-20,17:33,Michael Helman,TEX,700,15.52,14.44
2026-05-20,17:33,Brice Turang,MIL,900,22.00,12.20
2026-05-20,17:33,Xavier Edwards,MIA,900,18.30,11.83
2026-05-20,20:54,Brice Turang,MIL,900,37.06,15.61
2026-05-20,20:54,Casey Schmitt,SF,420,29.27,24.86
2026-05-20,20:54,Xavier Edwards,MIA,900,31.04,15.60
2026-05-20,20:54,Drew Romo,CWS,900,22.10,12.21
2026-05-20,20:54,Michael Helman,TEX,700,15.52,14.44
2026-05-20,20:54,Michael Harris II,ATL,500,9.80,18.30
2026-05-20,20:54,Christian Yelich,MIL,1000,33.65,12.15
2026-05-20,20:54,Angel Martínez,CLE,700,16.80,14.60
2026-05-20,20:54,JJ Wetherholt,STL,700,15.44,14.43
2026-05-20,20:54,Brice Turang,MIL,900,37.06,15.61
2026-05-20,20:54,Casey Schmitt,SF,420,29.27,24.86
2026-05-20,20:54,Xavier Edwards,MIA,900,31.04,15.60
2026-05-20,20:54,Drew Romo,CWS,900,22.10,12.21
2026-05-20,20:54,Michael Helman,TEX,700,15.52,14.44
2026-05-20,20:54,Michael Harris II,ATL,500,9.80,18.30
2026-05-20,20:54,Christian Yelich,MIL,1000,33.65,12.15
2026-05-20,20:54,Angel Martínez,CLE,700,16.80,14.60
2026-05-20,20:54,JJ Wetherholt,STL,700,15.44,14.43
2026-05-20,20:55,Brice Turang,MIL,900,37.06,15.61
2026-05-20,20:55,Casey Schmitt,SF,420,29.27,24.86
2026-05-20,20:55,Xavier Edwards,MIA,900,31.04,15.60
2026-05-20,20:55,Drew Romo,CWS,900,22.10,12.21
2026-05-20,20:55,Michael Helman,TEX,700,15.52,14.44
2026-05-20,20:55,Michael Harris II,ATL,500,9.80,18.30
2026-05-20,20:55,Christian Yelich,MIL,1000,33.65,12.15
2026-05-20,20:55,Angel Martínez,CLE,700,16.80,14.60
2026-05-20,20:55,JJ Wetherholt,STL,700,15.44,14.43
2026-05-20,20:56,Brice Turang,MIL,900,37.06,15.61
2026-05-20,20:56,Casey Schmitt,SF,420,29.12,24.83
2026-05-20,20:56,Xavier Edwards,MIA,900,31.04,15.60
2026-05-20,20:56,Drew Romo,CWS,900,22.10,12.21
2026-05-20,20:56,Michael Helman,TEX,700,15.52,14.44
2026-05-20,20:56,Michael Harris II,ATL,500,9.80,18.30
2026-05-20,20:56,Christian Yelich,MIL,1000,33.65,12.15
2026-05-20,20:56,Angel Martínez,CLE,700,16.80,14.60
2026-05-20,20:56,JJ Wetherholt,STL,700,15.44,14.43
2026-05-20,20:56,Brice Turang,MIL,900,37.06,15.61
2026-05-20,20:56,Casey Schmitt,SF,420,29.12,24.83
2026-05-20,20:56,Xavier Edwards,MIA,900,31.04,15.60
2026-05-20,20:56,Drew Romo,CWS,900,22.10,12.21
2026-05-20,20:56,Michael Helman,TEX,700,15.52,14.44
2026-05-20,20:56,Michael Harris II,ATL,500,9.80,18.30
2026-05-20,20:56,Christian Yelich,MIL,1000,33.65,12.15
2026-05-20,20:56,Angel Martínez,CLE,700,16.80,14.60
2026-05-20,20:56,JJ Wetherholt,STL,700,15.44,14.43
2026-05-20,20:57,Brice Turang,MIL,900,37.06,15.61
2026-05-20,20:57,Casey Schmitt,SF,420,29.12,24.83
2026-05-20,20:57,Xavier Edwards,MIA,900,31.04,15.60
2026-05-20,20:57,Drew Romo,CWS,900,22.10,12.21
2026-05-20,20:57,Michael Helman,TEX,700,15.52,14.44
2026-05-20,20:57,Michael Harris II,ATL,500,9.80,18.30
2026-05-20,20:57,Christian Yelich,MIL,1000,33.65,12.15
2026-05-20,20:57,Angel Martínez,CLE,700,16.80,14.60
2026-05-20,20:57,JJ Wetherholt,STL,700,15.44,14.43
2026-05-20,20:58,Brice Turang,MIL,900,37.06,15.61
2026-05-20,20:58,Casey Schmitt,SF,420,29.12,24.83
2026-05-20,20:58,Xavier Edwards,MIA,900,31.04,15.60
2026-05-20,20:58,Drew Romo,CWS,900,22.10,12.21
2026-05-20,20:58,Michael Helman,TEX,700,15.52,14.44
2026-05-20,20:58,Michael Harris II,ATL,500,9.80,18.30
2026-05-20,20:58,Christian Yelich,MIL,1000,33.65,12.15
2026-05-20,20:58,Angel Martínez,CLE,700,16.80,14.60
2026-05-20,20:58,JJ Wetherholt,STL,700,15.44,14.43
2026-05-20,20:58,Brice Turang,MIL,900,37.06,15.61
2026-05-20,20:58,Casey Schmitt,SF,420,28.96,24.80
2026-05-20,20:58,Xavier Edwards,MIA,900,31.04,15.60
2026-05-20,20:58,Drew Romo,CWS,900,21.90,12.19
2026-05-20,20:58,Michael Helman,TEX,700,15.52,14.44
2026-05-20,20:58,Michael Harris II,ATL,500,9.80,18.30
2026-05-20,20:58,Christian Yelich,MIL,1000,33.65,12.15
2026-05-20,20:58,Angel Martínez,CLE,700,16.80,14.60
2026-05-20,20:58,JJ Wetherholt,STL,700,15.44,14.43
2026-05-20,20:59,Brice Turang,MIL,900,37.06,15.61
2026-05-20,20:59,Casey Schmitt,SF,420,28.96,24.80
2026-05-20,20:59,Xavier Edwards,MIA,900,31.04,15.60
2026-05-20,20:59,Drew Romo,CWS,900,21.90,12.19
2026-05-20,20:59,Michael Helman,TEX,700,15.52,14.44
2026-05-20,20:59,Michael Harris II,ATL,500,9.80,18.30
2026-05-20,20:59,Christian Yelich,MIL,1000,33.65,12.15
2026-05-20,20:59,Angel Martínez,CLE,700,16.80,14.60
2026-05-20,20:59,JJ Wetherholt,STL,700,15.44,14.43
2026-05-20,20:59,Brice Turang,MIL,900,37.06,15.61
2026-05-20,20:59,Casey Schmitt,SF,420,28.96,24.80
2026-05-20,20:59,Xavier Edwards,MIA,900,31.04,15.60
2026-05-20,20:59,Drew Romo,CWS,900,21.90,12.19
2026-05-20,20:59,Michael Helman,TEX,700,15.52,14.44
2026-05-20,20:59,Michael Harris II,ATL,500,9.80,18.30
2026-05-20,20:59,Christian Yelich,MIL,1000,33.65,12.15
2026-05-20,20:59,Angel Martínez,CLE,700,16.80,14.60
2026-05-20,20:59,JJ Wetherholt,STL,700,15.44,14.43
2026-05-20,20:59,Brice Turang,MIL,900,37.06,15.61
2026-05-20,20:59,Casey Schmitt,SF,420,28.96,24.80
2026-05-20,20:59,Xavier Edwards,MIA,900,31.04,15.60
2026-05-20,20:59,Drew Romo,CWS,900,21.90,12.19
2026-05-20,20:59,Michael Helman,TEX,700,15.52,14.44
2026-05-20,20:59,Michael Harris II,ATL,500,9.80,18.30
2026-05-20,20:59,Christian Yelich,MIL,1000,33.65,12.15
2026-05-20,20:59,Angel Martínez,CLE,700,16.80,14.60
2026-05-20,20:59,JJ Wetherholt,STL,700,15.44,14.43
2026-05-20,21:00,Brice Turang,MIL,900,37.06,15.61
2026-05-20,21:00,Casey Schmitt,SF,420,28.96,24.80
2026-05-20,21:00,Xavier Edwards,MIA,900,31.04,15.60
2026-05-20,21:00,Drew Romo,CWS,900,21.90,12.19
2026-05-20,21:00,Michael Helman,TEX,700,15.52,14.44
2026-05-20,21:00,Michael Harris II,ATL,500,9.80,18.30
2026-05-20,21:00,Christian Yelich,MIL,1000,33.65,12.15
2026-05-20,21:00,Angel Martínez,CLE,700,16.80,14.60
2026-05-20,21:00,JJ Wetherholt,STL,700,15.44,14.43
2026-05-20,21:08,Brice Turang,MIL,900,37.06,15.61
2026-05-20,21:08,Casey Schmitt,SF,420,29.27,24.86
2026-05-20,21:08,Xavier Edwards,MIA,900,31.04,15.60
2026-05-20,21:08,Drew Romo,CWS,900,21.90,12.19
2026-05-20,21:08,Michael Helman,TEX,700,15.52,14.44
2026-05-20,21:08,Michael Harris II,ATL,500,9.80,18.30
2026-05-20,21:08,Christian Yelich,MIL,1000,33.76,12.16
2026-05-20,21:08,Angel Martínez,CLE,700,16.96,14.62
2026-05-20,21:08,JJ Wetherholt,STL,700,15.52,14.44
2026-05-20,21:08,Brice Turang,MIL,900,37.06,15.61
2026-05-20,21:08,Casey Schmitt,SF,420,29.27,24.86
2026-05-20,21:08,Xavier Edwards,MIA,900,31.04,15.60
2026-05-20,21:08,Drew Romo,CWS,900,21.90,12.19
2026-05-20,21:08,Michael Helman,TEX,700,15.52,14.44
2026-05-20,21:08,Michael Harris II,ATL,500,9.80,18.30
2026-05-20,21:08,Christian Yelich,MIL,1000,33.76,12.16
2026-05-20,21:08,Angel Martínez,CLE,700,16.96,14.62
2026-05-20,21:08,JJ Wetherholt,STL,700,15.52,14.44
2026-05-20,21:08,Brice Turang,MIL,900,37.06,15.61
2026-05-20,21:08,Casey Schmitt,SF,420,29.27,24.86
2026-05-20,21:08,Xavier Edwards,MIA,900,31.04,15.60
2026-05-20,21:08,Drew Romo,CWS,900,21.90,12.19
2026-05-20,21:08,Michael Helman,TEX,700,15.52,14.44
2026-05-20,21:08,Michael Harris II,ATL,500,9.80,18.30
2026-05-20,21:08,Christian Yelich,MIL,1000,33.76,12.16
2026-05-20,21:08,Angel Martínez,CLE,700,16.96,14.62
2026-05-20,21:08,JJ Wetherholt,STL,700,15.52,14.44
2026-05-21,15:38,JJ Wetherholt,STL,700,14.16,14.27
2026-05-21,15:38,Jordan Walker,STL,500,7.52,17.92
2026-05-21,15:59,JJ Wetherholt,STL,700,14.00,14.25
2026-05-21,16:01,JJ Wetherholt,STL,700,14.00,14.25
2026-05-21,16:03,JJ Wetherholt,STL,700,14.00,14.25
2026-05-21,16:04,JJ Wetherholt,STL,700,14.00,14.25
2026-05-21,16:05,JJ Wetherholt,STL,700,14.00,14.25
2026-05-21,16:06,JJ Wetherholt,STL,700,14.00,14.25
2026-05-21,16:08,JJ Wetherholt,STL,700,14.00,14.25
2026-05-21,16:10,JJ Wetherholt,STL,700,14.00,14.25
2026-05-21,16:14,JJ Wetherholt,STL,700,13.92,14.24
2026-05-21,16:16,JJ Wetherholt,STL,700,13.92,14.24
2026-05-21,16:22,JJ Wetherholt,STL,700,13.92,14.24
2026-05-21,18:43,Jordan Walker,STL,500,13.76,18.96
2026-05-21,18:43,JJ Wetherholt,STL,700,12.72,14.09
2026-05-22,02:56,Zack Gelof,ATH,1800,27.41,14.88
2026-05-22,02:56,Mike Trout,LAA,700,29.81,17.87
2026-05-22,02:56,Shea Langeliers,ATH,800,28.77,17.32
2026-05-22,02:56,Brent Rooker,ATH,950,28.77,15.63
2026-05-22,02:56,Corbin Carroll,AZ,750,28.76,16.71
2026-05-22,02:56,Josh Lowe,LAA,2200,27.51,10.70
2026-05-22,02:56,Carlos Cortes,ATH,2400,27.40,10.33
2026-05-22,02:56,Vaughn Grissom,LAA,1800,27.41,10.89
2026-05-22,02:56,Gabriel Moreno,AZ,2400,27.40,9.06
2026-05-22,02:56,Ketel Marte,AZ,750,28.76,15.42
2026-05-22,02:56,Nolan Arenado,AZ,950,28.52,12.24
2026-05-22,02:56,Tyler Freeman,COL,1800,27.41,8.88
2026-05-22,02:56,Ildemaro Vargas,AZ,2800,27.48,7.03
2026-05-22,02:56,Jeff McNeil,ATH,3300,27.57,6.24
2026-05-22,02:56,Adrian Del Castillo,AZ,1800,27.41,8.11
2026-05-22,02:56,Jake McCarthy,COL,2400,27.40,6.74
2026-05-22,02:56,Jose Siri,LAA,1800,27.41,7.65
2026-05-22,02:56,Nick Kurtz,ATH,750,19.51,14.06
2026-05-22,02:56,Zach Neto,LAA,800,18.26,13.14
2026-05-22,02:56,Lourdes Gurriel Jr.,AZ,1700,27.51,7.37
2026-05-22,02:56,Sebastián Rivero,LAA,2800,27.48,6.41
2026-05-22,02:56,Tyler Soderstrom,ATH,1200,20.38,9.26
2026-05-22,16:41,Jake Meyers,HOU,1200,39.75,10.75
2026-05-22,16:41,Braden Shewmake,HOU,1000,34.20,12.20
2026-05-22,16:41,Yordan Alvarez,HOU,460,21.18,21.64
2026-05-22,16:41,Christian Walker,HOU,575,21.97,18.07
2026-05-22,16:41,Jacob Young,WSH,1150,32.25,10.58
2026-05-22,16:42,Jake Meyers,HOU,1200,39.75,10.75
2026-05-22,16:42,Braden Shewmake,HOU,1000,34.20,12.20
2026-05-22,16:42,Yordan Alvarez,HOU,460,21.18,21.64
2026-05-22,16:42,Christian Walker,HOU,575,21.97,18.07
2026-05-22,16:42,Jacob Young,WSH,1150,32.25,10.58
2026-05-22,16:43,Jake Meyers,HOU,1200,39.75,10.75
2026-05-22,16:43,Braden Shewmake,HOU,1000,34.20,12.20
2026-05-22,16:43,Yordan Alvarez,HOU,460,21.18,21.64
2026-05-22,16:43,Christian Walker,HOU,575,21.97,18.07
2026-05-22,16:43,Jacob Young,WSH,1150,32.25,10.58
2026-05-22,16:44,Jake Meyers,HOU,1200,39.75,10.75
2026-05-22,16:44,Braden Shewmake,HOU,1000,34.20,12.20
2026-05-22,16:44,Yordan Alvarez,HOU,460,21.18,21.64
2026-05-22,16:44,Christian Walker,HOU,575,21.97,18.07
2026-05-22,16:44,Jacob Young,WSH,1150,32.25,10.58
2026-05-22,16:48,Jake Meyers,HOU,1200,39.75,10.75
2026-05-22,16:48,Braden Shewmake,HOU,1000,34.20,12.20
2026-05-22,16:48,Yordan Alvarez,HOU,460,21.18,21.64
2026-05-22,16:48,Christian Walker,HOU,575,21.97,18.07
2026-05-22,16:48,Jacob Young,WSH,1150,32.25,10.58
2026-05-22,16:49,Jake Meyers,HOU,1200,39.75,10.75
2026-05-22,16:49,Braden Shewmake,HOU,1000,34.20,12.20
2026-05-22,16:49,Yordan Alvarez,HOU,460,21.18,21.64
2026-05-22,16:49,Christian Walker,HOU,575,21.97,18.07
2026-05-22,16:49,Jacob Young,WSH,1150,32.25,10.58
2026-05-22,16:50,Jake Meyers,HOU,1200,39.75,10.75
2026-05-22,16:50,Braden Shewmake,HOU,1000,34.20,12.20
2026-05-22,16:50,Yordan Alvarez,HOU,460,21.18,21.64
2026-05-22,16:50,Christian Walker,HOU,575,21.97,18.07
2026-05-22,16:50,Jacob Young,WSH,1150,32.25,10.58
2026-05-22,16:51,Jake Meyers,HOU,1200,39.75,10.75
2026-05-22,16:51,Braden Shewmake,HOU,1000,34.20,12.20
2026-05-22,16:51,Yordan Alvarez,HOU,460,21.18,21.64
2026-05-22,16:51,Christian Walker,HOU,575,21.97,18.07
2026-05-22,16:51,Jacob Young,WSH,1150,32.25,10.58
2026-05-22,17:19,Jake Meyers,HOU,1200,39.62,10.74
2026-05-22,17:19,Braden Shewmake,HOU,1000,34.20,12.20
2026-05-22,17:19,Yordan Alvarez,HOU,460,21.02,21.61
2026-05-22,17:19,Christian Walker,HOU,575,21.84,18.05
2026-05-22,17:19,Jacob Young,WSH,1150,31.37,10.51
2026-05-22,17:19,Jake Meyers,HOU,1200,39.62,10.74
2026-05-22,17:19,Braden Shewmake,HOU,1000,34.20,12.20
2026-05-22,17:19,Yordan Alvarez,HOU,460,21.02,21.61
2026-05-22,17:19,Christian Walker,HOU,575,21.84,18.05
2026-05-22,17:19,Jacob Young,WSH,1150,31.37,10.51
2026-05-22,17:20,Jake Meyers,HOU,1200,39.62,10.74
2026-05-22,17:20,Braden Shewmake,HOU,1000,34.20,12.20
2026-05-22,17:20,Yordan Alvarez,HOU,460,21.02,21.61
2026-05-22,17:20,Christian Walker,HOU,575,21.84,18.05
2026-05-22,17:20,Jacob Young,WSH,1150,31.37,10.51
2026-05-22,17:20,Jake Meyers,HOU,1200,39.62,10.74
2026-05-22,17:20,Braden Shewmake,HOU,1000,34.20,12.20
2026-05-22,17:20,Yordan Alvarez,HOU,460,21.02,21.61
2026-05-22,17:20,Christian Walker,HOU,575,21.84,18.05
2026-05-22,17:20,Jacob Young,WSH,1150,31.37,10.51
2026-05-23,14:50,Jacob Young,WSH,1300,56.02,11.44
2026-05-23,14:50,Ryan Kreidler,MIN,900,20.70,12.07
2026-05-23,14:51,Jacob Young,WSH,1300,56.02,11.44
2026-05-23,14:51,Ryan Kreidler,MIN,900,20.70,12.07
2026-05-23,15:25,Jacob Young,WSH,1300,56.02,11.44
2026-05-23,15:25,Ryan Kreidler,MIN,900,20.70,12.07
2026-05-23,15:25,Jacob Young,WSH,1300,56.02,11.44
2026-05-23,15:25,Ryan Kreidler,MIN,900,20.70,12.07
2026-05-23,15:28,Jacob Young,WSH,1300,56.02,11.44
2026-05-23,15:28,Ryan Kreidler,MIN,900,20.70,12.07
2026-05-23,15:29,Jacob Young,WSH,1300,56.02,11.44
2026-05-23,15:29,Ryan Kreidler,MIN,900,20.70,12.07
2026-05-23,15:31,Jacob Young,WSH,1300,56.02,11.44
2026-05-23,15:31,Ryan Kreidler,MIN,900,20.70,12.07
2026-05-23,15:37,Jacob Young,WSH,1300,56.02,11.44
2026-05-23,15:37,Ryan Kreidler,MIN,900,20.70,12.07
2026-05-23,15:38,Jacob Young,WSH,1300,56.02,11.44
2026-05-23,15:38,Ryan Kreidler,MIN,900,20.70,12.07
2026-05-23,15:39,Jacob Young,WSH,1300,56.02,11.44
2026-05-23,15:39,Ryan Kreidler,MIN,900,20.70,12.07
2026-05-23,15:40,Jacob Young,WSH,1300,56.02,11.44
2026-05-23,15:40,Ryan Kreidler,MIN,900,20.70,12.07
2026-05-23,15:42,Jacob Young,WSH,1300,56.02,11.44
2026-05-23,15:42,Ryan Kreidler,MIN,900,20.70,12.07
2026-05-23,15:43,Jacob Young,WSH,1300,56.02,11.44
2026-05-23,15:43,Ryan Kreidler,MIN,900,20.70,12.07
2026-05-23,15:45,Jacob Young,WSH,1300,56.02,11.44
2026-05-23,15:45,Ryan Kreidler,MIN,900,20.70,12.07
2026-05-23,16:17,Jacob Young,WSH,1300,56.02,11.44
2026-05-23,16:17,Ryan Kreidler,MIN,900,20.70,12.07
2026-05-23,16:18,Jacob Young,WSH,1300,56.02,11.44
2026-05-23,16:18,Byron Buxton,MIN,350,12.37,24.97
2026-05-23,16:18,Jarren Duran,BOS,700,16.24,14.53
2026-05-23,16:20,Jacob Young,WSH,1300,56.02,11.44
2026-05-23,16:20,Byron Buxton,MIN,350,12.37,24.97
2026-05-23,16:20,Jarren Duran,BOS,700,16.24,14.53
2026-05-23,18:54,JJ Bleday,CIN,1700,27.51,19.51
2026-05-23,18:54,Jordan Walker,STL,750,28.76,21.75
2026-05-23,18:54,JJ Wetherholt,STL,1300,28.77,16.63
2026-05-23,18:54,Sal Stewart,CIN,800,28.77,18.96
2026-05-23,18:54,Michael Harris II,ATL,450,29.82,23.89
2026-05-23,18:54,JJ Bleday,CIN,1700,27.51,14.13
2026-05-23,18:54,J.P. Crawford,SEA,1000,28.74,14.89
2026-05-23,18:54,Alec Burleson,STL,800,28.77,15.76
2026-05-23,18:54,Jordan Walker,STL,750,28.76,16.12
2026-05-23,18:54,JJ Wetherholt,STL,1300,28.77,12.02
2026-05-23,18:54,Tyler Stephenson,CIN,1800,27.41,10.35
2026-05-23,18:54,Angel Martínez,CLE,1000,28.74,13.61
2026-05-23,18:54,Elly De La Cruz,CIN,1100,28.69,12.50
2026-05-23,18:54,Dane Myers,CIN,2400,27.40,10.52
2026-05-23,18:54,Tyler Stephenson,CIN,1800,27.41,9.62
2026-05-23,18:54,Blake Dunn,CIN,2200,27.51,10.29
2026-05-23,18:54,Luke Raley,SEA,525,22.19,19.55
2026-05-23,18:54,Daylen Lile,WSH,750,23.93,14.58
2026-05-23,18:54,Spencer Steer,CIN,1050,25.12,10.88
2026-05-23,18:54,Sal Stewart,CIN,800,24.11,13.79
2026-05-23,18:54,Iván Herrera,STL,950,19.59,11.39
2026-05-23,18:54,Zach Cole,HOU,850,19.04,12.53
2026-05-23,18:54,Jarren Duran,BOS,700,16.72,14.59
2026-05-23,18:54,Byron Buxton,MIN,340,10.40,25.09
2026-05-23,18:54,CJ Abrams,WSH,575,11.85,16.57
2026-05-23,18:54,Bryce Harper,PHI,440,10.00,20.37
2026-05-23,18:54,Juan Soto,NYM,335,8.62,24.97
2026-05-23,18:54,César Prieto,STL,2400,27.40,8.97
2026-05-23,18:54,Blake Dunn,CIN,2200,27.51,8.93
2026-05-23,18:54,Bryan Torres,STL,1300,28.77,10.93
2026-05-23,18:54,César Prieto,STL,2400,27.40,8.34
2026-05-23,18:54,Victor Scott II,STL,2900,27.68,5.10
2026-05-23,18:54,Bryan Torres,STL,1300,28.77,9.28
2026-05-23,19:01,JJ Bleday,CIN,1700,27.51,19.51
2026-05-23,19:01,Jordan Walker,STL,750,28.76,21.75
2026-05-23,19:01,JJ Wetherholt,STL,1300,28.77,16.63
2026-05-23,19:01,Sal Stewart,CIN,800,28.77,18.96
2026-05-23,19:01,Michael Harris II,ATL,450,29.82,23.89
2026-05-23,19:01,JJ Bleday,CIN,1700,27.51,14.13
2026-05-23,19:01,J.P. Crawford,SEA,1000,28.74,14.89
2026-05-23,19:01,Alec Burleson,STL,800,28.77,15.76
2026-05-23,19:01,Jordan Walker,STL,750,28.76,16.12
2026-05-23,19:01,JJ Wetherholt,STL,1300,28.77,12.02
2026-05-23,19:01,Tyler Stephenson,CIN,1800,27.41,10.35
2026-05-23,19:01,Angel Martínez,CLE,1000,28.74,13.61
2026-05-23,19:01,Elly De La Cruz,CIN,1100,28.69,12.50
2026-05-23,19:01,Dane Myers,CIN,2400,27.40,10.52
2026-05-23,19:01,Tyler Stephenson,CIN,1800,27.41,9.62
2026-05-23,19:01,Blake Dunn,CIN,2200,27.51,10.29
2026-05-23,19:01,Luke Raley,SEA,525,22.19,19.55
2026-05-23,19:01,Daylen Lile,WSH,750,23.93,14.58
2026-05-23,19:01,Spencer Steer,CIN,1050,25.12,10.88
2026-05-23,19:01,Sal Stewart,CIN,800,24.11,13.79
2026-05-23,19:01,Iván Herrera,STL,950,19.59,11.39
2026-05-23,19:01,Zach Cole,HOU,850,19.04,12.53
2026-05-23,19:01,Jarren Duran,BOS,700,16.72,14.59
2026-05-23,19:01,Byron Buxton,MIN,340,10.40,25.09
2026-05-23,19:01,CJ Abrams,WSH,575,11.85,16.57
2026-05-23,19:01,Bryce Harper,PHI,440,10.00,20.37
2026-05-23,19:01,Juan Soto,NYM,335,8.62,24.97
2026-05-23,19:01,César Prieto,STL,2400,27.40,8.97
2026-05-23,19:01,Blake Dunn,CIN,2200,27.51,8.93
2026-05-23,19:01,Bryan Torres,STL,1300,28.77,10.93
2026-05-23,19:01,César Prieto,STL,2400,27.40,8.34
2026-05-23,19:01,Victor Scott II,STL,2900,27.68,5.10
2026-05-23,19:01,Bryan Torres,STL,1300,28.77,9.28
2026-05-23,19:02,JJ Bleday,CIN,1700,27.51,19.51
2026-05-23,19:02,Jordan Walker,STL,750,28.76,21.75
2026-05-23,19:02,JJ Wetherholt,STL,1300,28.77,16.63
2026-05-23,19:02,Sal Stewart,CIN,800,28.77,18.96
2026-05-23,19:02,Michael Harris II,ATL,450,29.82,23.89
2026-05-23,19:02,JJ Bleday,CIN,1700,27.51,14.13
2026-05-23,19:02,J.P. Crawford,SEA,1000,28.74,14.89
2026-05-23,19:02,Alec Burleson,STL,800,28.77,15.76
2026-05-23,19:02,Jordan Walker,STL,750,28.76,16.12
2026-05-23,19:02,JJ Wetherholt,STL,1300,28.77,12.02
2026-05-23,19:02,Tyler Stephenson,CIN,1800,27.41,10.35
2026-05-23,19:02,Angel Martínez,CLE,1000,28.74,13.61
2026-05-23,19:02,Elly De La Cruz,CIN,1100,28.69,12.50
2026-05-23,19:02,Dane Myers,CIN,2400,27.40,10.52
2026-05-23,19:02,Tyler Stephenson,CIN,1800,27.41,9.62
2026-05-23,19:02,Blake Dunn,CIN,2200,27.51,10.29
2026-05-23,19:02,Luke Raley,SEA,525,22.19,19.55
2026-05-23,19:02,Daylen Lile,WSH,750,23.93,14.58
2026-05-23,19:02,Spencer Steer,CIN,1050,25.12,10.88
2026-05-23,19:02,Sal Stewart,CIN,800,24.11,13.79
2026-05-23,19:02,Iván Herrera,STL,950,19.59,11.39
2026-05-23,19:02,Zach Cole,HOU,850,19.04,12.53
2026-05-23,19:02,Jarren Duran,BOS,700,16.72,14.59
2026-05-23,19:02,Byron Buxton,MIN,340,10.40,25.09
2026-05-23,19:02,CJ Abrams,WSH,575,11.85,16.57
2026-05-23,19:02,Bryce Harper,PHI,440,10.00,20.37
2026-05-23,19:02,Juan Soto,NYM,335,8.62,24.97
2026-05-23,19:02,César Prieto,STL,2400,27.40,8.97
2026-05-23,19:02,Blake Dunn,CIN,2200,27.51,8.93
2026-05-23,19:02,Bryan Torres,STL,1300,28.77,10.93
2026-05-23,19:02,César Prieto,STL,2400,27.40,8.34
2026-05-23,19:02,Victor Scott II,STL,2900,27.68,5.10
2026-05-23,19:02,Bryan Torres,STL,1300,28.77,9.28
2026-05-23,19:20,JJ Bleday,CIN,1700,27.51,19.51
2026-05-23,19:20,Jordan Walker,STL,750,28.76,21.75
2026-05-23,19:20,JJ Wetherholt,STL,1300,28.77,16.63
2026-05-23,19:20,Sal Stewart,CIN,800,28.77,18.96
2026-05-23,19:20,Michael Harris II,ATL,450,29.82,23.89
2026-05-23,19:20,JJ Bleday,CIN,1700,27.51,14.13
2026-05-23,19:20,J.P. Crawford,SEA,1000,28.74,14.89
2026-05-23,19:20,Alec Burleson,STL,800,28.77,15.76
2026-05-23,19:20,Jordan Walker,STL,750,28.76,16.12
2026-05-23,19:20,JJ Wetherholt,STL,1300,28.77,12.02
2026-05-23,19:20,Tyler Stephenson,CIN,1800,27.41,10.35
2026-05-23,19:20,Angel Martínez,CLE,1000,28.74,13.61
2026-05-23,19:20,Elly De La Cruz,CIN,1100,28.69,12.50
2026-05-23,19:20,Dane Myers,CIN,2400,27.40,10.52
2026-05-23,19:20,Tyler Stephenson,CIN,1800,27.41,9.62
2026-05-23,19:20,Blake Dunn,CIN,2200,27.51,10.29
2026-05-23,19:20,Luke Raley,SEA,525,22.19,19.55
2026-05-23,19:20,Daylen Lile,WSH,750,23.93,14.58
2026-05-23,19:20,Spencer Steer,CIN,1050,25.12,10.88
2026-05-23,19:20,Sal Stewart,CIN,800,24.11,13.79
2026-05-23,19:20,Iván Herrera,STL,950,19.59,11.39
2026-05-23,19:20,Zach Cole,HOU,850,19.04,12.53
2026-05-23,19:20,Jarren Duran,BOS,700,16.72,14.59
2026-05-23,19:20,Byron Buxton,MIN,340,10.40,25.09
2026-05-23,19:20,CJ Abrams,WSH,575,11.85,16.57
2026-05-23,19:20,Bryce Harper,PHI,440,10.00,20.37
2026-05-23,19:20,Juan Soto,NYM,335,8.62,24.97
2026-05-23,19:20,César Prieto,STL,2400,27.40,8.97
2026-05-23,19:20,Blake Dunn,CIN,2200,27.51,8.93
2026-05-23,19:20,Bryan Torres,STL,1300,28.77,10.93
2026-05-23,19:20,César Prieto,STL,2400,27.40,8.34
2026-05-23,19:20,Victor Scott II,STL,2900,27.68,5.10
2026-05-23,19:20,Bryan Torres,STL,1300,28.77,9.28
2026-05-23,19:21,JJ Bleday,CIN,1700,27.51,19.51
2026-05-23,19:21,Jordan Walker,STL,750,28.76,21.75
2026-05-23,19:21,JJ Wetherholt,STL,1300,28.77,16.63
2026-05-23,19:21,Sal Stewart,CIN,800,28.77,18.96
2026-05-23,19:21,Michael Harris II,ATL,450,29.82,23.89
2026-05-23,19:21,JJ Bleday,CIN,1700,27.51,14.13
2026-05-23,19:21,J.P. Crawford,SEA,1000,28.74,14.89
2026-05-23,19:21,Alec Burleson,STL,800,28.77,15.76
2026-05-23,19:21,Jordan Walker,STL,750,28.76,16.12
2026-05-23,19:21,JJ Wetherholt,STL,1300,28.77,12.02
2026-05-23,19:21,Tyler Stephenson,CIN,1800,27.41,10.35
2026-05-23,19:21,Angel Martínez,CLE,1000,28.74,13.61
2026-05-23,19:21,Elly De La Cruz,CIN,1100,28.69,12.50
2026-05-23,19:21,Dane Myers,CIN,2400,27.40,10.52
2026-05-23,19:21,Tyler Stephenson,CIN,1800,27.41,9.62
2026-05-23,19:21,Blake Dunn,CIN,2200,27.51,10.29
2026-05-23,19:21,Luke Raley,SEA,525,22.19,19.55
2026-05-23,19:21,Daylen Lile,WSH,750,23.93,14.58
2026-05-23,19:21,Spencer Steer,CIN,1050,25.12,10.88
2026-05-23,19:21,Sal Stewart,CIN,800,24.11,13.79
2026-05-23,19:21,Iván Herrera,STL,950,19.59,11.39
2026-05-23,19:21,Zach Cole,HOU,850,19.04,12.53
2026-05-23,19:21,Jarren Duran,BOS,700,16.72,14.59
2026-05-23,19:21,Byron Buxton,MIN,340,10.40,25.09
2026-05-23,19:21,CJ Abrams,WSH,575,11.85,16.57
2026-05-23,19:21,Bryce Harper,PHI,440,10.00,20.37
2026-05-23,19:21,Juan Soto,NYM,335,8.62,24.97
2026-05-23,19:21,César Prieto,STL,2400,27.40,8.97
2026-05-23,19:21,Blake Dunn,CIN,2200,27.51,8.93
2026-05-23,19:21,Bryan Torres,STL,1300,28.77,10.93
2026-05-23,19:21,César Prieto,STL,2400,27.40,8.34
2026-05-23,19:21,Victor Scott II,STL,2900,27.68,5.10
2026-05-23,19:21,Bryan Torres,STL,1300,28.77,9.28
2026-05-23,19:31,JJ Bleday,CIN,1700,27.51,19.51
2026-05-23,19:31,Jordan Walker,STL,750,28.76,21.75
2026-05-23,19:31,JJ Wetherholt,STL,1300,28.77,16.63
2026-05-23,19:31,Sal Stewart,CIN,800,28.77,18.96
2026-05-23,19:31,Michael Harris II,ATL,450,29.82,23.89
2026-05-23,19:31,JJ Bleday,CIN,1700,27.51,14.13
2026-05-23,19:31,J.P. Crawford,SEA,1000,28.74,14.89
2026-05-23,19:31,Alec Burleson,STL,800,28.77,15.76
2026-05-23,19:31,Jordan Walker,STL,750,28.76,16.12
2026-05-23,19:31,JJ Wetherholt,STL,1300,28.77,12.02
2026-05-23,19:31,Tyler Stephenson,CIN,1800,27.41,10.35
2026-05-23,19:31,Angel Martínez,CLE,1000,28.74,13.61
2026-05-23,19:31,Elly De La Cruz,CIN,1100,28.69,12.50
2026-05-23,19:31,Dane Myers,CIN,2400,27.40,10.52
2026-05-23,19:31,Tyler Stephenson,CIN,1800,27.41,9.62
2026-05-23,19:31,Blake Dunn,CIN,2200,27.51,10.29
2026-05-23,19:31,Luke Raley,SEA,525,22.19,19.55
2026-05-23,19:31,Daylen Lile,WSH,750,23.93,14.58
2026-05-23,19:31,Spencer Steer,CIN,1050,25.12,10.88
2026-05-23,19:31,Sal Stewart,CIN,800,24.11,13.79
2026-05-23,19:31,Iván Herrera,STL,950,19.59,11.39
2026-05-23,19:31,Zach Cole,HOU,850,19.04,12.53
2026-05-23,19:31,Jarren Duran,BOS,700,16.72,14.59
2026-05-23,19:31,Byron Buxton,MIN,340,10.40,25.09
2026-05-23,19:31,CJ Abrams,WSH,575,11.85,16.57
2026-05-23,19:31,Bryce Harper,PHI,440,10.00,20.37
2026-05-23,19:31,Juan Soto,NYM,335,8.62,24.97
2026-05-23,19:31,César Prieto,STL,2400,27.40,8.97
2026-05-23,19:31,Blake Dunn,CIN,2200,27.51,8.93
2026-05-23,19:31,Bryan Torres,STL,1300,28.77,10.93
2026-05-23,19:31,César Prieto,STL,2400,27.40,8.34
2026-05-23,19:31,Victor Scott II,STL,2900,27.68,5.10
2026-05-23,19:31,Bryan Torres,STL,1300,28.77,9.28
2026-05-23,19:43,JJ Bleday,CIN,1700,27.51,19.51
2026-05-23,19:43,Jordan Walker,STL,750,28.76,21.75
2026-05-23,19:43,JJ Wetherholt,STL,1300,28.77,16.63
2026-05-23,19:43,Sal Stewart,CIN,800,28.77,18.96
2026-05-23,19:43,Michael Harris II,ATL,450,29.82,23.89
2026-05-23,19:43,JJ Bleday,CIN,1700,27.51,14.13
2026-05-23,19:43,J.P. Crawford,SEA,1000,28.74,14.89
2026-05-23,19:43,Alec Burleson,STL,800,28.77,15.76
2026-05-23,19:43,Jordan Walker,STL,750,28.76,16.12
2026-05-23,19:43,JJ Wetherholt,STL,1300,28.77,12.02
2026-05-23,19:43,Tyler Stephenson,CIN,1800,27.41,10.35
2026-05-23,19:43,Angel Martínez,CLE,1000,28.74,13.61
2026-05-23,19:43,Elly De La Cruz,CIN,1100,28.69,12.50
2026-05-23,19:43,Dane Myers,CIN,2400,27.40,10.52
2026-05-23,19:43,Tyler Stephenson,CIN,1800,27.41,9.62
2026-05-23,19:43,Blake Dunn,CIN,2200,27.51,10.29
2026-05-23,19:43,Luke Raley,SEA,525,22.19,19.55
2026-05-23,19:43,Daylen Lile,WSH,750,23.93,14.58
2026-05-23,19:43,Spencer Steer,CIN,1050,25.12,10.88
2026-05-23,19:43,Sal Stewart,CIN,800,24.11,13.79
2026-05-23,19:43,Iván Herrera,STL,950,19.59,11.39
2026-05-23,19:43,Zach Cole,HOU,850,19.04,12.53
2026-05-23,19:43,Jarren Duran,BOS,700,16.72,14.59
2026-05-23,19:43,Byron Buxton,MIN,340,10.40,25.09
2026-05-23,19:43,CJ Abrams,WSH,575,11.85,16.57
2026-05-23,19:43,Bryce Harper,PHI,440,10.00,20.37
2026-05-23,19:43,Juan Soto,NYM,335,8.62,24.97
2026-05-23,19:43,César Prieto,STL,2400,27.40,8.97
2026-05-23,19:43,Blake Dunn,CIN,2200,27.51,8.93
2026-05-23,19:43,Bryan Torres,STL,1300,28.77,10.93
2026-05-23,19:43,César Prieto,STL,2400,27.40,8.34
2026-05-23,19:43,Victor Scott II,STL,2900,27.68,5.10
2026-05-23,19:43,Bryan Torres,STL,1300,28.77,9.28
2026-05-23,20:20,Michael Harris II,ATL,440,29.81,25.25
2026-05-23,20:20,Juan Soto,NYM,440,29.81,25.25
2026-05-23,20:20,J.P. Crawford,SEA,1100,28.69,14.52
2026-05-23,20:20,Angel Martínez,CLE,1000,28.74,13.50
2026-05-23,20:20,Byron Buxton,MIN,370,18.67,25.25
2026-05-23,20:20,José Tena,WSH,900,28.80,13.23
2026-05-23,20:20,Marcell Ozuna,PIT,1000,28.74,12.13
2026-05-23,20:20,Andrés Giménez,TOR,2800,27.48,7.55
2026-05-23,20:20,Spencer Horwitz,PIT,2200,27.51,8.05
2026-05-23,20:20,Yohendrick Piñango,TOR,1900,27.40,8.63
2026-05-23,20:20,Austin Martin,MIN,1900,27.40,7.58
2026-05-23,20:20,Wade Meckler,LAA,1000,23.86,11.26
2026-05-23,20:20,Luke Raley,SEA,475,15.58,20.10
2026-05-23,20:20,CJ Abrams,WSH,575,15.90,17.17
2026-05-23,20:20,Daylen Lile,WSH,700,16.64,14.58
2026-05-23,20:20,James Wood,WSH,440,12.54,20.84
2026-05-23,20:20,Jordan Walker,STL,380,9.25,22.76
2026-05-23,20:20,Bryce Harper,PHI,440,9.19,20.22
2026-05-23,20:20,Ernie Clement,TOR,2900,27.68,5.22
2026-05-23,20:20,Jhostynxon Garcia,PIT,1700,27.51,8.56
2026-05-23,20:20,Jarren Duran,BOS,650,10.18,14.69
2026-05-23,20:21,Michael Harris II,ATL,440,29.81,25.25
2026-05-23,20:21,Juan Soto,NYM,440,29.81,25.25
2026-05-23,20:21,J.P. Crawford,SEA,1100,28.69,14.52
2026-05-23,20:21,Angel Martínez,CLE,1000,28.74,13.50
2026-05-23,20:21,Byron Buxton,MIN,370,18.67,25.25
2026-05-23,20:21,José Tena,WSH,900,28.80,13.23
2026-05-23,20:21,Marcell Ozuna,PIT,1000,28.74,12.13
2026-05-23,20:21,Andrés Giménez,TOR,2800,27.48,7.55
2026-05-23,20:21,Spencer Horwitz,PIT,2200,27.51,8.05
2026-05-23,20:21,Yohendrick Piñango,TOR,1900,27.40,8.63
2026-05-23,20:21,Austin Martin,MIN,1900,27.40,7.58
2026-05-23,20:21,Wade Meckler,LAA,1000,23.86,11.26
2026-05-23,20:21,Luke Raley,SEA,475,15.58,20.10
2026-05-23,20:21,CJ Abrams,WSH,575,15.90,17.17
2026-05-23,20:21,Daylen Lile,WSH,700,16.64,14.58
2026-05-23,20:21,James Wood,WSH,440,12.54,20.84
2026-05-23,20:21,Jordan Walker,STL,380,9.25,22.76
2026-05-23,20:21,Bryce Harper,PHI,440,9.19,20.22
2026-05-23,20:21,Ernie Clement,TOR,2900,27.68,5.22
2026-05-23,20:21,Jhostynxon Garcia,PIT,1700,27.51,8.56
2026-05-23,20:21,Jarren Duran,BOS,650,10.18,14.69
2026-05-23,20:22,Michael Harris II,ATL,440,29.81,25.25
2026-05-23,20:22,Juan Soto,NYM,440,29.81,25.25
2026-05-23,20:22,J.P. Crawford,SEA,1100,28.69,14.52
2026-05-23,20:22,Angel Martínez,CLE,1000,28.74,13.50
2026-05-23,20:22,Byron Buxton,MIN,370,18.67,25.25
2026-05-23,20:22,José Tena,WSH,900,28.80,13.23
2026-05-23,20:22,Marcell Ozuna,PIT,1000,28.74,12.13
2026-05-23,20:22,Andrés Giménez,TOR,2800,27.48,7.55
2026-05-23,20:22,Spencer Horwitz,PIT,2200,27.51,8.05
2026-05-23,20:22,Yohendrick Piñango,TOR,1900,27.40,8.63
2026-05-23,20:22,Austin Martin,MIN,1900,27.40,7.58
2026-05-23,20:22,Wade Meckler,LAA,1000,23.86,11.26
2026-05-23,20:22,Luke Raley,SEA,475,15.58,20.10
2026-05-23,20:22,CJ Abrams,WSH,575,15.90,17.17
2026-05-23,20:22,Daylen Lile,WSH,700,16.64,14.58
2026-05-23,20:22,James Wood,WSH,440,12.54,20.84
2026-05-23,20:22,Jordan Walker,STL,380,9.25,22.76
2026-05-23,20:22,Bryce Harper,PHI,440,9.19,20.22
2026-05-23,20:22,Ernie Clement,TOR,2900,27.68,5.22
2026-05-23,20:22,Jhostynxon Garcia,PIT,1700,27.51,8.56
2026-05-23,20:22,Jarren Duran,BOS,650,10.18,14.69
2026-05-23,20:23,Michael Harris II,ATL,440,29.81,25.25
2026-05-23,20:23,Juan Soto,NYM,440,29.81,25.25
2026-05-23,20:23,J.P. Crawford,SEA,1100,28.69,14.52
2026-05-23,20:23,Angel Martínez,CLE,1000,28.74,13.50
2026-05-23,20:23,Byron Buxton,MIN,370,18.67,25.25
2026-05-23,20:23,José Tena,WSH,900,28.80,13.23
2026-05-23,20:23,Marcell Ozuna,PIT,1000,28.74,12.13
2026-05-23,20:23,Andrés Giménez,TOR,2800,27.48,7.55
2026-05-23,20:23,Spencer Horwitz,PIT,2200,27.51,8.05
2026-05-23,20:23,Yohendrick Piñango,TOR,1900,27.40,8.63
2026-05-23,20:23,Austin Martin,MIN,1900,27.40,7.58
2026-05-23,20:23,Wade Meckler,LAA,1000,23.86,11.26
2026-05-23,20:23,Luke Raley,SEA,475,15.58,20.10
2026-05-23,20:23,CJ Abrams,WSH,575,15.90,17.17
2026-05-23,20:23,Daylen Lile,WSH,700,16.64,14.58
2026-05-23,20:23,James Wood,WSH,440,12.54,20.84
2026-05-23,20:23,Jordan Walker,STL,380,9.25,22.76
2026-05-23,20:23,Bryce Harper,PHI,440,9.19,20.22
2026-05-23,20:23,Ernie Clement,TOR,2900,27.68,5.22
2026-05-23,20:23,Jhostynxon Garcia,PIT,1700,27.51,8.56
2026-05-23,20:23,Jarren Duran,BOS,650,10.18,14.69
2026-05-23,20:24,Michael Harris II,ATL,440,29.81,25.25
2026-05-23,20:24,Juan Soto,NYM,440,29.81,25.25
2026-05-23,20:24,J.P. Crawford,SEA,1100,28.69,14.52
2026-05-23,20:24,Angel Martínez,CLE,1000,28.74,13.50
2026-05-23,20:24,Byron Buxton,MIN,370,18.67,25.25
2026-05-23,20:24,José Tena,WSH,900,28.80,13.23
2026-05-23,20:24,Marcell Ozuna,PIT,1000,28.74,12.13
2026-05-23,20:24,Andrés Giménez,TOR,2800,27.48,7.55
2026-05-23,20:24,Spencer Horwitz,PIT,2200,27.51,8.05
2026-05-23,20:24,Yohendrick Piñango,TOR,1900,27.40,8.63
2026-05-23,20:24,Austin Martin,MIN,1900,27.40,7.58
2026-05-23,20:24,Wade Meckler,LAA,1000,23.86,11.26
2026-05-23,20:24,Luke Raley,SEA,475,15.58,20.10
2026-05-23,20:24,CJ Abrams,WSH,575,15.90,17.17
2026-05-23,20:24,Daylen Lile,WSH,700,16.64,14.58
2026-05-23,20:24,James Wood,WSH,440,12.54,20.84
2026-05-23,20:24,Jordan Walker,STL,380,9.25,22.76
2026-05-23,20:24,Bryce Harper,PHI,440,9.19,20.22
2026-05-23,20:24,Ernie Clement,TOR,2900,27.68,5.22
2026-05-23,20:24,Jhostynxon Garcia,PIT,1700,27.51,8.56
2026-05-23,20:24,Jarren Duran,BOS,650,10.18,14.69
2026-05-23,20:27,Michael Harris II,ATL,440,29.81,25.25
2026-05-23,20:27,Juan Soto,NYM,440,29.81,25.25
2026-05-23,20:27,J.P. Crawford,SEA,1100,28.69,14.52
2026-05-23,20:27,Angel Martínez,CLE,1000,28.74,13.50
2026-05-23,20:27,Byron Buxton,MIN,370,18.67,25.25
2026-05-23,20:27,José Tena,WSH,900,28.80,13.23
2026-05-23,20:27,Marcell Ozuna,PIT,1000,28.74,12.13
2026-05-23,20:27,Andrés Giménez,TOR,2800,27.48,7.55
2026-05-23,20:27,Spencer Horwitz,PIT,2200,27.51,8.05
2026-05-23,20:27,Yohendrick Piñango,TOR,1900,27.40,8.63
2026-05-23,20:27,Austin Martin,MIN,1900,27.40,7.58
2026-05-23,20:27,Wade Meckler,LAA,1000,23.86,11.26
2026-05-23,20:27,Luke Raley,SEA,475,15.58,20.10
2026-05-23,20:27,CJ Abrams,WSH,575,15.90,17.17
2026-05-23,20:27,Daylen Lile,WSH,700,16.64,14.58
2026-05-23,20:27,James Wood,WSH,440,12.54,20.84
2026-05-23,20:27,Jordan Walker,STL,380,9.25,22.76
2026-05-23,20:27,Bryce Harper,PHI,440,9.19,20.22
2026-05-23,20:27,Ernie Clement,TOR,2900,27.68,5.22
2026-05-23,20:27,Jhostynxon Garcia,PIT,1700,27.51,8.56
2026-05-23,20:27,Jarren Duran,BOS,650,10.18,14.69
2026-05-23,20:27,Michael Harris II,ATL,440,29.81,25.25
2026-05-23,20:27,Juan Soto,NYM,440,29.81,25.25
2026-05-23,20:27,J.P. Crawford,SEA,1100,28.69,14.52
2026-05-23,20:27,Angel Martínez,CLE,1000,28.74,13.50
2026-05-23,20:27,Byron Buxton,MIN,370,18.67,25.25
2026-05-23,20:27,José Tena,WSH,900,28.80,13.23
2026-05-23,20:27,Marcell Ozuna,PIT,1000,28.74,12.13
2026-05-23,20:27,Andrés Giménez,TOR,2800,27.48,7.55
2026-05-23,20:27,Spencer Horwitz,PIT,2200,27.51,8.05
2026-05-23,20:27,Yohendrick Piñango,TOR,1900,27.40,8.63
2026-05-23,20:27,Austin Martin,MIN,1900,27.40,7.58
2026-05-23,20:27,Wade Meckler,LAA,1000,23.86,11.26
2026-05-23,20:27,Luke Raley,SEA,475,15.58,20.10
2026-05-23,20:27,CJ Abrams,WSH,575,15.90,17.17
2026-05-23,20:27,Daylen Lile,WSH,700,16.64,14.58
2026-05-23,20:27,James Wood,WSH,440,12.54,20.84
2026-05-23,20:27,Jordan Walker,STL,380,9.25,22.76
2026-05-23,20:27,Bryce Harper,PHI,440,9.19,20.22
2026-05-23,20:27,Ernie Clement,TOR,2900,27.68,5.22
2026-05-23,20:27,Jhostynxon Garcia,PIT,1700,27.51,8.56
2026-05-23,20:27,Jarren Duran,BOS,650,10.18,14.69
2026-05-23,21:02,Michael Harris II,ATL,440,29.81,25.25
2026-05-23,21:02,Juan Soto,NYM,440,29.81,25.25
2026-05-23,21:02,J.P. Crawford,SEA,1100,28.69,14.11
2026-05-23,21:02,Angel Martínez,CLE,1000,28.74,13.46
2026-05-23,21:02,Byron Buxton,MIN,370,18.67,25.25
2026-05-23,21:02,José Tena,WSH,900,28.80,13.14
2026-05-23,21:02,Marcell Ozuna,PIT,1000,28.74,12.02
2026-05-23,21:02,Andrés Giménez,TOR,2800,27.48,7.50
2026-05-23,21:02,Spencer Horwitz,PIT,2200,27.51,7.97
2026-05-23,21:02,Yohendrick Piñango,TOR,1900,27.40,8.54
2026-05-23,21:02,Austin Martin,MIN,1900,27.40,7.54
2026-05-23,21:02,Wade Meckler,LAA,1000,23.86,11.26
2026-05-23,21:02,CJ Abrams,WSH,575,16.44,17.25
2026-05-23,21:02,Luke Raley,SEA,475,13.85,19.80
2026-05-23,21:02,Jarren Duran,BOS,650,14.97,15.33
2026-05-23,21:02,James Wood,WSH,440,11.73,20.69
2026-05-23,21:02,Daylen Lile,WSH,700,13.28,14.16
2026-05-23,21:02,Jordan Walker,STL,380,9.44,22.80
2026-05-23,21:02,Bryce Harper,PHI,440,8.81,20.15
2026-05-23,21:02,Ernie Clement,TOR,2900,27.68,5.18
2026-05-23,21:02,Jhostynxon Garcia,PIT,1700,27.51,8.51
2026-05-23,21:02,Liam Hicks,MIA,650,8.75,14.50
2026-05-23,21:19,Michael Harris II,ATL,440,29.81,25.25
2026-05-23,21:19,Juan Soto,NYM,440,29.81,25.25
2026-05-23,21:19,J.P. Crawford,SEA,1100,28.69,14.11
2026-05-23,21:19,Angel Martínez,CLE,1000,28.74,13.46
2026-05-23,21:19,Byron Buxton,MIN,370,18.67,25.25
2026-05-23,21:19,José Tena,WSH,900,28.80,13.14
2026-05-23,21:19,Marcell Ozuna,PIT,1000,28.74,12.02
2026-05-23,21:19,Andrés Giménez,TOR,2800,27.48,7.50
2026-05-23,21:19,Spencer Horwitz,PIT,2200,27.51,7.97
2026-05-23,21:19,Yohendrick Piñango,TOR,1900,27.40,8.54
2026-05-23,21:19,Austin Martin,MIN,1900,27.40,7.54
2026-05-23,21:19,Wade Meckler,LAA,1000,23.86,11.26
2026-05-23,21:19,CJ Abrams,WSH,575,16.44,17.25
2026-05-23,21:19,Luke Raley,SEA,475,13.85,19.80
2026-05-23,21:19,Jarren Duran,BOS,650,14.97,15.33
2026-05-23,21:19,James Wood,WSH,440,11.73,20.69
2026-05-23,21:19,Daylen Lile,WSH,700,13.28,14.16
2026-05-23,21:19,Jordan Walker,STL,380,9.44,22.80
2026-05-23,21:19,Bryce Harper,PHI,440,8.81,20.15
2026-05-23,21:19,Ernie Clement,TOR,2900,27.68,5.18
2026-05-23,21:19,Jhostynxon Garcia,PIT,1700,27.51,8.51
2026-05-23,21:19,Liam Hicks,MIA,650,8.75,14.50
2026-05-24,00:18,Jordan Walker,STL,650,29.78,23.12
2026-05-24,00:18,Sal Stewart,CIN,700,29.81,18.19
2026-05-24,00:18,JJ Bleday,CIN,700,29.81,18.37
2026-05-24,00:18,Mookie Betts,LAD,850,28.74,16.27
2026-05-24,00:18,Nathaniel Lowe,CIN,850,28.74,15.63
2026-05-24,00:18,JJ Wetherholt,STL,750,28.76,16.48
2026-05-24,00:18,Brice Turang,MIL,950,28.77,13.03
2026-05-24,00:18,Wade Meckler,LAA,900,28.80,12.95
2026-05-24,00:18,Matt McLain,CIN,1200,28.67,10.39
2026-05-24,00:18,Freddie Freeman,LAD,800,25.19,13.91
2026-05-24,00:18,Christian Yelich,MIL,900,27.20,12.72
2026-05-24,00:18,Blake Dunn,CIN,1050,28.80,11.95
2026-05-24,00:18,Andy Pages,LAD,900,21.30,12.13
2026-05-24,00:18,TJ Rumfield,COL,750,16.70,13.73
2026-05-24,00:18,Bryan Torres,STL,1200,28.67,12.02
2026-05-24,00:18,Jake Bauers,MIL,750,12.11,13.19
2026-05-24,00:18,Alec Burleson,STL,600,9.97,15.71
2026-05-24,01:48,Wade Meckler,LAA,900,28.80,13.23
2026-05-24,01:48,TJ Rumfield,COL,700,9.76,13.72
2026-05-24,02:00,Wade Meckler,LAA,900,28.80,13.23
2026-05-24,02:00,TJ Rumfield,COL,700,9.76,13.72
2026-05-24,02:16,Wade Meckler,LAA,900,28.80,14.18
2026-05-24,02:16,Zach Neto,LAA,500,6.74,17.79
2026-05-24,02:19,Wade Meckler,LAA,900,28.80,14.18
2026-05-24,02:19,Zach Neto,LAA,500,6.74,17.79
2026-05-24,02:40,Wade Meckler,LAA,900,28.80,14.18
2026-05-24,02:40,Zach Neto,LAA,500,6.74,17.79
2026-05-24,02:42,Wade Meckler,LAA,900,28.80,14.18
2026-05-24,02:42,Zach Neto,LAA,500,6.74,17.79
2026-05-24,02:42,Wade Meckler,LAA,900,28.80,14.18
2026-05-24,02:42,Zach Neto,LAA,500,6.74,17.79
2026-05-24,02:43,Wade Meckler,LAA,900,28.80,14.18
2026-05-24,02:43,Zach Neto,LAA,500,6.74,17.79
2026-05-24,02:44,Wade Meckler,LAA,900,28.80,14.18
2026-05-24,02:44,Zach Neto,LAA,500,6.74,17.79
2026-05-24,02:45,Wade Meckler,LAA,900,28.80,14.18
2026-05-24,02:45,Zach Neto,LAA,500,6.74,17.79
2026-05-24,02:45,Wade Meckler,LAA,900,28.80,14.18
2026-05-24,02:45,Zach Neto,LAA,500,6.74,17.79
2026-05-24,02:46,Wade Meckler,LAA,950,28.77,13.98
2026-05-24,02:46,Jake McCarthy,COL,1800,27.41,9.42
2026-05-24,02:46,TJ Rumfield,COL,850,24.45,13.10
2026-05-24,02:46,Miguel Andujar,SD,1000,24.85,11.35
2026-05-24,02:46,Zach Neto,LAA,525,10.25,17.64
2026-05-24,02:46,Ty France,SD,800,13.85,12.65
2026-05-24,02:46,Wade Meckler,LAA,950,28.77,13.98
2026-05-24,02:46,Jake McCarthy,COL,1800,27.41,9.42
2026-05-24,02:46,TJ Rumfield,COL,850,24.45,13.10
2026-05-24,02:46,Miguel Andujar,SD,1000,24.85,11.35
2026-05-24,02:46,Zach Neto,LAA,525,10.25,17.64
2026-05-24,02:46,Ty France,SD,800,13.85,12.65
2026-05-24,02:47,Wade Meckler,LAA,950,28.77,13.98
2026-05-24,02:47,Jake McCarthy,COL,1800,27.41,9.42
2026-05-24,02:47,TJ Rumfield,COL,850,24.45,13.10
2026-05-24,02:47,Miguel Andujar,SD,1000,24.85,11.35
2026-05-24,02:47,Zach Neto,LAA,525,10.25,17.64
2026-05-24,02:47,Ty France,SD,800,13.85,12.65
2026-05-24,02:48,Wade Meckler,LAA,950,28.77,13.98
2026-05-24,02:48,Jake McCarthy,COL,1800,27.41,9.42
2026-05-24,02:48,TJ Rumfield,COL,850,24.45,13.10
2026-05-24,02:48,Miguel Andujar,SD,1000,24.85,11.35
2026-05-24,02:48,Zach Neto,LAA,525,10.25,17.64
2026-05-24,02:48,Ty France,SD,800,13.85,12.65
2026-05-24,02:49,Wade Meckler,LAA,950,28.77,13.98
2026-05-24,02:49,Jake McCarthy,COL,1800,27.41,9.42
2026-05-24,02:49,TJ Rumfield,COL,850,24.45,13.10
2026-05-24,02:49,Miguel Andujar,SD,1000,24.85,11.35
2026-05-24,02:49,Zach Neto,LAA,525,10.25,17.64
2026-05-24,02:49,Ty France,SD,800,13.85,12.65
2026-05-24,02:50,Wade Meckler,LAA,950,28.77,13.98
2026-05-24,02:50,Jake McCarthy,COL,1800,27.41,9.42
2026-05-24,02:50,TJ Rumfield,COL,850,24.45,13.10
2026-05-24,02:50,Miguel Andujar,SD,1000,24.85,11.35
2026-05-24,02:50,Zach Neto,LAA,525,10.25,17.64
2026-05-24,02:50,Ty France,SD,800,13.85,12.65
2026-05-24,02:50,Wade Meckler,LAA,950,28.77,13.98
2026-05-24,02:50,Jake McCarthy,COL,1800,27.41,9.42
2026-05-24,02:50,TJ Rumfield,COL,850,24.45,13.10
2026-05-24,02:50,Miguel Andujar,SD,1000,24.85,11.35
2026-05-24,02:50,Zach Neto,LAA,525,10.25,17.64
2026-05-24,02:50,Ty France,SD,800,13.85,12.65
2026-05-24,02:50,Wade Meckler,LAA,950,28.77,13.98
2026-05-24,02:50,Jake McCarthy,COL,1800,27.41,9.42
2026-05-24,02:50,TJ Rumfield,COL,850,24.45,13.10
2026-05-24,02:50,Miguel Andujar,SD,1000,24.85,11.35
2026-05-24,02:50,Zach Neto,LAA,525,10.25,17.64
2026-05-24,02:50,Ty France,SD,800,13.85,12.65
2026-05-24,02:52,Wade Meckler,LAA,950,28.77,13.98
2026-05-24,02:52,Jake McCarthy,COL,1800,27.41,9.42
2026-05-24,02:52,TJ Rumfield,COL,850,24.45,13.10
2026-05-24,02:52,Miguel Andujar,SD,1000,24.85,11.35
2026-05-24,02:52,Zach Neto,LAA,525,10.25,17.64
2026-05-24,02:52,Ty France,SD,800,13.04,12.56
2026-05-24,03:00,Wade Meckler,LAA,950,28.77,13.97
2026-05-24,03:00,Jake McCarthy,COL,1800,27.41,9.42
2026-05-24,03:00,TJ Rumfield,COL,850,24.45,13.10
2026-05-24,03:00,Miguel Andujar,SD,1000,24.85,11.35
2026-05-24,03:00,Zach Neto,LAA,525,9.81,17.57
2026-05-24,03:00,Ty France,SD,800,13.04,12.56
2026-05-24,03:00,Wade Meckler,LAA,950,28.77,13.97
2026-05-24,03:00,Jake McCarthy,COL,1800,27.41,9.42
2026-05-24,03:00,TJ Rumfield,COL,850,24.45,13.10
2026-05-24,03:00,Miguel Andujar,SD,1000,24.85,11.35
2026-05-24,03:00,Zach Neto,LAA,525,9.81,17.57
2026-05-24,03:00,Ty France,SD,800,13.04,12.56
2026-05-24,03:00,Wade Meckler,LAA,950,28.77,13.97
2026-05-24,03:00,Jake McCarthy,COL,1800,27.41,9.42
2026-05-24,03:00,TJ Rumfield,COL,850,24.45,13.10
2026-05-24,03:00,Miguel Andujar,SD,1000,24.85,11.35
2026-05-24,03:00,Zach Neto,LAA,525,9.81,17.57
2026-05-24,03:00,Ty France,SD,800,13.04,12.56
2026-05-24,03:01,Wade Meckler,LAA,950,28.77,13.97
2026-05-24,03:01,Jake McCarthy,COL,1800,27.41,9.42
2026-05-24,03:01,TJ Rumfield,COL,850,24.45,13.10
2026-05-24,03:01,Miguel Andujar,SD,1000,24.85,11.35
2026-05-24,03:01,Zach Neto,LAA,525,9.81,17.57
2026-05-24,03:01,Ty France,SD,800,13.04,12.56
2026-05-24,03:02,Wade Meckler,LAA,950,28.77,13.97
2026-05-24,03:02,Jake McCarthy,COL,1800,27.41,9.42
2026-05-24,03:02,TJ Rumfield,COL,850,24.45,13.10
2026-05-24,03:02,Miguel Andujar,SD,1000,24.85,11.35
2026-05-24,03:02,Zach Neto,LAA,525,9.81,17.57
2026-05-24,03:02,Ty France,SD,800,13.04,12.56
2026-05-24,03:02,Wade Meckler,LAA,950,28.77,13.97
2026-05-24,03:02,Jake McCarthy,COL,1800,27.41,9.42
2026-05-24,03:02,TJ Rumfield,COL,850,24.45,13.10
2026-05-24,03:02,Miguel Andujar,SD,1000,24.85,11.35
2026-05-24,03:02,Zach Neto,LAA,525,9.81,17.57
2026-05-24,03:02,Ty France,SD,800,13.04,12.56
2026-05-24,03:03,Wade Meckler,LAA,950,28.77,13.97
2026-05-24,03:03,Jake McCarthy,COL,1800,27.41,9.42
2026-05-24,03:03,TJ Rumfield,COL,850,24.45,13.10
2026-05-24,03:03,Miguel Andujar,SD,1000,24.85,11.35
2026-05-24,03:03,Zach Neto,LAA,525,9.81,17.57
2026-05-24,03:03,Ty France,SD,800,13.04,12.56
2026-05-24,03:03,Wade Meckler,LAA,950,28.77,13.97
2026-05-24,03:03,Jake McCarthy,COL,1800,27.41,9.42
2026-05-24,03:03,TJ Rumfield,COL,850,24.45,13.10
2026-05-24,03:03,Miguel Andujar,SD,1000,24.85,11.35
2026-05-24,03:03,Zach Neto,LAA,525,9.81,17.57
2026-05-24,03:03,Ty France,SD,800,13.04,12.56
2026-05-24,03:05,Wade Meckler,LAA,950,28.77,13.97
2026-05-24,03:05,Jake McCarthy,COL,1800,27.41,9.42
2026-05-24,03:05,TJ Rumfield,COL,850,24.45,13.10
2026-05-24,03:05,Miguel Andujar,SD,1000,24.85,11.35
2026-05-24,03:05,Zach Neto,LAA,525,9.81,17.57
2026-05-24,03:05,Ty France,SD,800,13.04,12.56
2026-05-24,03:06,Wade Meckler,LAA,950,28.77,13.93
2026-05-24,03:06,Jake McCarthy,COL,1800,27.41,9.42
2026-05-24,03:06,TJ Rumfield,COL,850,24.45,13.10
2026-05-24,03:06,Miguel Andujar,SD,1000,24.85,11.35
2026-05-24,03:06,Zach Neto,LAA,525,9.50,17.52
2026-05-24,03:06,Ty France,SD,800,13.04,12.56
2026-05-24,03:06,Wade Meckler,LAA,950,28.77,13.93
2026-05-24,03:06,Jake McCarthy,COL,1800,27.41,9.42
2026-05-24,03:06,TJ Rumfield,COL,850,24.45,13.10
2026-05-24,03:06,Miguel Andujar,SD,1000,24.85,11.35
2026-05-24,03:06,Zach Neto,LAA,525,9.50,17.52
2026-05-24,03:06,Ty France,SD,800,13.04,12.56
2026-05-24,03:06,Wade Meckler,LAA,950,28.77,13.93
2026-05-24,03:06,Jake McCarthy,COL,1800,27.41,9.42
2026-05-24,03:06,TJ Rumfield,COL,850,24.45,13.10
2026-05-24,03:06,Miguel Andujar,SD,1000,24.85,11.35
2026-05-24,03:06,Zach Neto,LAA,525,9.50,17.52
2026-05-24,03:06,Ty France,SD,800,13.04,12.56
2026-05-24,03:06,Wade Meckler,LAA,950,28.77,13.93
2026-05-24,03:06,Jake McCarthy,COL,1800,27.41,9.42
2026-05-24,03:06,TJ Rumfield,COL,850,24.45,13.10
2026-05-24,03:06,Miguel Andujar,SD,1000,24.85,11.35
2026-05-24,03:06,Zach Neto,LAA,525,9.50,17.52
2026-05-24,03:06,Ty France,SD,800,13.04,12.56
2026-05-24,03:07,Wade Meckler,LAA,950,28.77,13.93
2026-05-24,03:07,Jake McCarthy,COL,1800,27.41,9.42
2026-05-24,03:07,TJ Rumfield,COL,850,24.45,13.10
2026-05-24,03:07,Miguel Andujar,SD,1000,24.85,11.35
2026-05-24,03:07,Zach Neto,LAA,525,9.50,17.52
2026-05-24,03:07,Ty France,SD,800,13.04,12.56
2026-05-24,03:08,Wade Meckler,LAA,950,28.77,13.93
2026-05-24,03:08,Jake McCarthy,COL,1800,27.41,9.42
2026-05-24,03:08,TJ Rumfield,COL,850,24.45,13.10
2026-05-24,03:08,Miguel Andujar,SD,1000,24.85,11.35
2026-05-24,03:08,Zach Neto,LAA,525,9.50,17.52
2026-05-24,03:08,Ty France,SD,800,13.04,12.56
2026-05-24,03:08,Wade Meckler,LAA,950,28.77,13.93
2026-05-24,03:08,Jake McCarthy,COL,1800,27.41,9.42
2026-05-24,03:08,TJ Rumfield,COL,850,24.45,13.10
2026-05-24,03:08,Miguel Andujar,SD,1000,24.85,11.35
2026-05-24,03:08,Zach Neto,LAA,525,9.50,17.52
2026-05-24,03:08,Ty France,SD,800,13.04,12.56
2026-05-24,03:09,Wade Meckler,LAA,950,28.77,13.93
2026-05-24,03:09,Jake McCarthy,COL,1800,27.41,9.42
2026-05-24,03:09,TJ Rumfield,COL,850,24.45,13.10
2026-05-24,03:09,Miguel Andujar,SD,1000,24.85,11.35
2026-05-24,03:09,Zach Neto,LAA,525,9.50,17.52
2026-05-24,03:09,Ty France,SD,800,13.04,12.56
2026-05-24,03:09,Wade Meckler,LAA,950,28.77,13.93
2026-05-24,03:09,Jake McCarthy,COL,1800,27.41,9.42
2026-05-24,03:09,TJ Rumfield,COL,850,24.45,13.10
2026-05-24,03:09,Miguel Andujar,SD,1000,24.85,11.35
2026-05-24,03:09,Zach Neto,LAA,525,9.50,17.52
2026-05-24,03:09,Ty France,SD,800,13.04,12.56
2026-05-24,17:25,Ben Rice,NYY,460,29.83,25.25
2026-05-24,17:25,Dillon Dingler,DET,900,28.80,18.16
2026-05-24,17:25,Michael Harris II,ATL,575,29.84,20.64
2026-05-24,17:25,Randal Grichuk,CWS,575,29.84,20.31
2026-05-24,17:25,Brandon Lowe,PIT,700,29.81,17.07
2026-05-24,17:25,Adley Rutschman,BAL,850,28.74,14.90
2026-05-24,17:25,Gunnar Henderson,BAL,1000,28.74,12.93
2026-05-24,17:25,Liam Hicks,MIA,800,28.77,15.09
2026-05-24,17:25,Paul Goldschmidt,NYY,950,28.77,12.61
2026-05-24,17:25,Matt Vierling,DET,1050,28.80,11.87
2026-05-24,17:25,Josh Bell,MIN,1000,26.94,11.54
2026-05-24,17:25,Ryan McMahon,NYY,1000,25.18,11.38
2026-05-24,17:25,Kyle Schwarber,PHI,360,16.15,25.25
2026-05-24,17:25,Zack Gelof,ATH,850,16.38,12.25
2026-05-24,17:25,Luke Raley,SEA,550,10.69,17.03
2026-05-24,17:25,Mookie Betts,LAD,575,10.23,16.33
2026-05-24,17:25,Jordan Walker,STL,325,7.31,25.25
2026-05-24,17:25,Derek Hill,CWS,900,16.80,11.68
2026-05-24,17:25,Weston Wilson,BAL,1100,18.08,9.84
2026-05-24,17:25,Dillon Dingler,DET,900,13.70,11.37
2026-05-24,17:25,J.P. Crawford,SEA,800,10.88,12.32
2026-05-24,17:25,Brice Turang,MIL,750,9.40,12.87
2026-05-24,17:25,Miguel Vargas,CWS,400,4.95,20.99
2026-05-24,18:44,Ben Rice,NYY,800,28.77,25.18
2026-05-24,18:44,Kyle Schwarber,PHI,650,29.78,25.25
2026-05-24,18:44,Yandy Díaz,TB,1900,27.40,15.03
2026-05-24,18:44,Michael Harris II,ATL,575,29.84,20.64
2026-05-24,18:44,Junior Caminero,TB,900,28.80,16.53
2026-05-24,18:44,Paul Goldschmidt,NYY,2200,27.51,12.67
2026-05-24,18:44,Bryce Harper,PHI,1050,28.80,15.30
2026-05-24,18:44,J.P. Crawford,SEA,1800,27.41,13.02
2026-05-24,18:44,Jarren Duran,BOS,1000,28.74,14.80
2026-05-24,18:44,Liam Hicks,MIA,1050,28.80,15.60
2026-05-24,18:44,Randal Grichuk,CWS,575,29.84,20.38
2026-05-24,18:44,Luke Raley,SEA,750,28.76,17.39
2026-05-24,18:44,Alec Bohm,PHI,1800,27.41,12.09
2026-05-24,18:44,Bryson Stott,PHI,1700,27.51,11.36
2026-05-24,18:44,Trent Grisham,NYY,950,28.77,12.99
2026-05-24,18:44,Josh Bell,MIN,1150,28.80,11.62
2026-05-24,18:44,Jonathan Aranda,TB,1900,27.40,9.21
2026-05-24,18:44,Ryan Vilade,TB,1900,27.40,10.73
2026-05-24,18:44,Ryan McMahon,NYY,1100,28.69,11.59
2026-05-24,18:44,Mookie Betts,LAD,650,26.07,16.81
2026-05-24,18:44,Jazz Chisholm Jr.,NYY,1300,28.77,9.43
2026-05-24,18:44,A.J. Ewing,NYM,2200,27.51,8.82
2026-05-24,18:44,Marcus Semien,NYM,1800,27.41,8.14
2026-05-24,18:44,Carson Benge,NYM,1800,27.41,8.12
2026-05-24,18:44,Travis Bazzana,CLE,1700,27.51,9.43
2026-05-24,18:44,Edmundo Sosa,PHI,2400,27.40,7.95
2026-05-24,18:44,David Fry,CLE,1150,28.80,10.85
2026-05-24,18:44,Austin Martin,MIN,2400,27.40,7.37
2026-05-24,18:44,Bo Bichette,NYM,1800,27.41,7.88
2026-05-24,18:44,Aaron Judge,NYY,575,21.91,18.06
2026-05-24,18:44,Tyrone Taylor,NYM,2200,27.51,7.36
2026-05-24,18:44,Brice Turang,MIL,850,23.40,12.99
2026-05-24,18:44,Mark Vientos,NYM,1000,24.74,11.34
2026-05-24,18:44,Chase DeLauter,CLE,900,19.30,11.93
2026-05-24,18:44,Harrison Bader,SF,1000,20.89,10.99
2026-05-24,18:44,Victor Caratini,MIN,1900,27.40,6.82
2026-05-24,18:44,Orlando Arcia,MIN,1700,27.51,7.55
2026-05-24,18:44,Cedric Mullins,TB,2400,27.40,5.66
2026-05-24,18:44,Kody Clemens,MIN,1300,24.46,8.89
2026-05-24,18:44,Cody Bellinger,NYY,1050,15.46,10.04
2026-05-24,18:44,Zach Dezenzo,HOU,1100,16.04,9.67
2026-05-24,18:44,Rhys Hoskins,CLE,850,14.76,12.08
2026-05-24,18:44,Ceddanne Rafaela,BOS,950,13.93,10.85
2026-05-24,18:44,Christian Walker,HOU,550,6.73,16.42
2026-05-24,18:45,Ben Rice,NYY,800,28.77,25.18
2026-05-24,18:45,Kyle Schwarber,PHI,650,29.78,25.25
2026-05-24,18:45,Yandy Díaz,TB,1900,27.40,15.03
2026-05-24,18:45,Michael Harris II,ATL,575,29.84,20.64
2026-05-24,18:45,Junior Caminero,TB,900,28.80,16.53
2026-05-24,18:45,Paul Goldschmidt,NYY,2200,27.51,12.67
2026-05-24,18:45,Bryce Harper,PHI,1050,28.80,15.30
2026-05-24,18:45,J.P. Crawford,SEA,1800,27.41,13.02
2026-05-24,18:45,Jarren Duran,BOS,1000,28.74,14.80
2026-05-24,18:45,Liam Hicks,MIA,1050,28.80,15.60
2026-05-24,18:45,Randal Grichuk,CWS,575,29.84,20.38
2026-05-24,18:45,Luke Raley,SEA,750,28.76,17.39
2026-05-24,18:45,Alec Bohm,PHI,1800,27.41,12.09
2026-05-24,18:45,Bryson Stott,PHI,1700,27.51,11.36
2026-05-24,18:45,Trent Grisham,NYY,950,28.77,12.99
2026-05-24,18:45,Josh Bell,MIN,1150,28.80,11.62
2026-05-24,18:45,Jonathan Aranda,TB,1900,27.40,9.21
2026-05-24,18:45,Ryan Vilade,TB,1900,27.40,10.73
2026-05-24,18:45,Ryan McMahon,NYY,1100,28.69,11.59
2026-05-24,18:45,Mookie Betts,LAD,650,26.07,16.81
2026-05-24,18:45,Jazz Chisholm Jr.,NYY,1300,28.77,9.43
2026-05-24,18:45,A.J. Ewing,NYM,2200,27.51,8.82
2026-05-24,18:45,Marcus Semien,NYM,1800,27.41,8.14
2026-05-24,18:45,Carson Benge,NYM,1800,27.41,8.12
2026-05-24,18:45,Travis Bazzana,CLE,1700,27.51,9.43
2026-05-24,18:45,Edmundo Sosa,PHI,2400,27.40,7.95
2026-05-24,18:45,David Fry,CLE,1150,28.80,10.85
2026-05-24,18:45,Austin Martin,MIN,2400,27.40,7.37
2026-05-24,18:45,Bo Bichette,NYM,1800,27.41,7.88
2026-05-24,18:45,Aaron Judge,NYY,575,21.91,18.06
2026-05-24,18:45,Tyrone Taylor,NYM,2200,27.51,7.36
2026-05-24,18:45,Brice Turang,MIL,850,23.40,12.99
2026-05-24,18:45,Mark Vientos,NYM,1000,24.74,11.34
2026-05-24,18:45,Chase DeLauter,CLE,900,19.30,11.93
2026-05-24,18:45,Harrison Bader,SF,1000,20.89,10.99
2026-05-24,18:45,Victor Caratini,MIN,1900,27.40,6.82
2026-05-24,18:45,Orlando Arcia,MIN,1700,27.51,7.55
2026-05-24,18:45,Cedric Mullins,TB,2400,27.40,5.66
2026-05-24,18:45,Kody Clemens,MIN,1300,24.46,8.89
2026-05-24,18:45,Cody Bellinger,NYY,1050,15.46,10.04
2026-05-24,18:45,Zach Dezenzo,HOU,1100,16.04,9.67
2026-05-24,18:45,Rhys Hoskins,CLE,850,14.76,12.08
2026-05-24,18:45,Ceddanne Rafaela,BOS,950,13.93,10.85
2026-05-24,18:45,Christian Walker,HOU,550,6.73,16.42
2026-05-24,18:46,Ben Rice,NYY,800,28.77,25.17
2026-05-24,18:46,Kyle Schwarber,PHI,650,29.78,25.25
2026-05-24,18:46,Yandy Díaz,TB,1900,27.40,15.02
2026-05-24,18:46,Michael Harris II,ATL,575,29.84,20.65
2026-05-24,18:46,Junior Caminero,TB,900,28.80,16.53
2026-05-24,18:46,Bryce Harper,PHI,1050,28.80,15.32
2026-05-24,18:46,Paul Goldschmidt,NYY,2200,27.51,12.67
2026-05-24,18:46,J.P. Crawford,SEA,1800,27.41,13.02
2026-05-24,18:46,Jarren Duran,BOS,1000,28.74,14.55
2026-05-24,18:46,Liam Hicks,MIA,1050,28.80,15.60
2026-05-24,18:46,Randal Grichuk,CWS,575,29.84,20.38
2026-05-24,18:46,Luke Raley,SEA,750,28.76,17.39
2026-05-24,18:46,Alec Bohm,PHI,1800,27.41,12.09
2026-05-24,18:46,Bryson Stott,PHI,1700,27.51,11.37
2026-05-24,18:46,Trent Grisham,NYY,950,28.77,12.99
2026-05-24,18:46,Josh Bell,MIN,1150,28.80,11.43
2026-05-24,18:46,Jonathan Aranda,TB,1900,27.40,9.21
2026-05-24,18:46,Ryan Vilade,TB,1900,27.40,10.72
2026-05-24,18:46,Ryan McMahon,NYY,1100,28.69,11.59
2026-05-24,18:46,Mookie Betts,LAD,650,25.77,16.77
2026-05-24,18:46,Jazz Chisholm Jr.,NYY,1300,28.77,9.43
2026-05-24,18:46,A.J. Ewing,NYM,2200,27.51,8.82
2026-05-24,18:46,Marcus Semien,NYM,1800,27.41,8.14
2026-05-24,18:46,Carson Benge,NYM,1800,27.41,8.12
2026-05-24,18:46,Travis Bazzana,CLE,1700,27.51,9.44
2026-05-24,18:46,Edmundo Sosa,PHI,2400,27.40,7.95
2026-05-24,18:46,David Fry,CLE,1150,28.80,10.85
2026-05-24,18:46,Bo Bichette,NYM,1800,27.41,7.88
2026-05-24,18:46,Austin Martin,MIN,2400,27.40,7.25
2026-05-24,18:46,Aaron Judge,NYY,575,21.91,18.06
2026-05-24,18:46,Tyrone Taylor,NYM,2200,27.51,7.36
2026-05-24,18:46,Brice Turang,MIL,850,23.40,12.99
2026-05-24,18:46,Mark Vientos,NYM,1000,24.74,11.34
2026-05-24,18:46,Chase DeLauter,CLE,900,19.30,11.93
2026-05-24,18:46,Harrison Bader,SF,1000,20.89,10.99
2026-05-24,18:46,Victor Caratini,MIN,1900,27.40,6.71
2026-05-24,18:46,Orlando Arcia,MIN,1700,27.51,7.42
2026-05-24,18:46,Cedric Mullins,TB,2400,27.40,5.66
2026-05-24,18:46,Kody Clemens,MIN,1300,22.36,8.74
2026-05-24,18:46,Zach Dezenzo,HOU,1100,17.72,9.81
2026-05-24,18:46,Cody Bellinger,NYY,1050,15.46,10.04
2026-05-24,18:46,Rhys Hoskins,CLE,850,14.85,12.09
2026-05-24,18:46,Ceddanne Rafaela,BOS,950,13.93,10.85
2026-05-24,18:46,Christian Walker,HOU,550,8.16,16.64
2026-05-24,18:46,Ben Rice,NYY,800,28.77,25.17
2026-05-24,18:46,Kyle Schwarber,PHI,650,29.78,25.25
2026-05-24,18:46,Yandy Díaz,TB,1900,27.40,15.02
2026-05-24,18:46,Michael Harris II,ATL,575,29.84,20.65
2026-05-24,18:46,Junior Caminero,TB,900,28.80,16.53
2026-05-24,18:46,Bryce Harper,PHI,1050,28.80,15.32
2026-05-24,18:46,Paul Goldschmidt,NYY,2200,27.51,12.67
2026-05-24,18:46,J.P. Crawford,SEA,1800,27.41,13.02
2026-05-24,18:46,Jarren Duran,BOS,1000,28.74,14.55
2026-05-24,18:46,Liam Hicks,MIA,1050,28.80,15.60
2026-05-24,18:46,Randal Grichuk,CWS,575,29.84,20.38
2026-05-24,18:46,Luke Raley,SEA,750,28.76,17.39
2026-05-24,18:46,Alec Bohm,PHI,1800,27.41,12.09
2026-05-24,18:46,Bryson Stott,PHI,1700,27.51,11.37
2026-05-24,18:46,Trent Grisham,NYY,950,28.77,12.99
2026-05-24,18:46,Josh Bell,MIN,1150,28.80,11.43
2026-05-24,18:46,Jonathan Aranda,TB,1900,27.40,9.21
2026-05-24,18:46,Ryan Vilade,TB,1900,27.40,10.72
2026-05-24,18:46,Ryan McMahon,NYY,1100,28.69,11.59
2026-05-24,18:46,Mookie Betts,LAD,650,25.77,16.77
2026-05-24,18:46,Jazz Chisholm Jr.,NYY,1300,28.77,9.43
2026-05-24,18:46,A.J. Ewing,NYM,2200,27.51,8.82
2026-05-24,18:46,Marcus Semien,NYM,1800,27.41,8.14
2026-05-24,18:46,Carson Benge,NYM,1800,27.41,8.12
2026-05-24,18:46,Travis Bazzana,CLE,1700,27.51,9.44
2026-05-24,18:46,Edmundo Sosa,PHI,2400,27.40,7.95
2026-05-24,18:46,David Fry,CLE,1150,28.80,10.85
2026-05-24,18:46,Bo Bichette,NYM,1800,27.41,7.88
2026-05-24,18:46,Austin Martin,MIN,2400,27.40,7.25
2026-05-24,18:46,Aaron Judge,NYY,575,21.91,18.06
2026-05-24,18:46,Tyrone Taylor,NYM,2200,27.51,7.36
2026-05-24,18:46,Brice Turang,MIL,850,23.40,12.99
2026-05-24,18:46,Mark Vientos,NYM,1000,24.74,11.34
2026-05-24,18:46,Chase DeLauter,CLE,900,19.30,11.93
2026-05-24,18:46,Harrison Bader,SF,1000,20.89,10.99
2026-05-24,18:46,Victor Caratini,MIN,1900,27.40,6.71
2026-05-24,18:46,Orlando Arcia,MIN,1700,27.51,7.42
2026-05-24,18:46,Cedric Mullins,TB,2400,27.40,5.66
2026-05-24,18:46,Kody Clemens,MIN,1300,22.36,8.74
2026-05-24,18:46,Zach Dezenzo,HOU,1100,17.72,9.81
2026-05-24,18:46,Cody Bellinger,NYY,1050,15.46,10.04
2026-05-24,18:46,Rhys Hoskins,CLE,850,14.85,12.09
2026-05-24,18:46,Ceddanne Rafaela,BOS,950,13.93,10.85
2026-05-24,18:46,Christian Walker,HOU,550,8.16,16.64
2026-05-24,18:49,Ben Rice,NYY,800,28.77,24.96
2026-05-24,18:49,Kyle Schwarber,PHI,650,29.78,25.25
2026-05-24,18:49,Yandy Díaz,TB,1900,27.40,14.91
2026-05-24,18:49,Michael Harris II,ATL,575,29.84,20.59
2026-05-24,18:49,Junior Caminero,TB,900,28.80,16.40
2026-05-24,18:49,Bryce Harper,PHI,1050,28.80,15.31
2026-05-24,18:49,Paul Goldschmidt,NYY,2200,27.51,12.55
2026-05-24,18:49,J.P. Crawford,SEA,1800,27.41,13.06
2026-05-24,18:49,Liam Hicks,MIA,1050,28.80,15.60
2026-05-24,18:49,Jarren Duran,BOS,1000,28.74,14.53
2026-05-24,18:49,Randal Grichuk,CWS,575,29.84,20.34
2026-05-24,18:49,Luke Raley,SEA,750,28.76,17.45
2026-05-24,18:49,Alec Bohm,PHI,1800,27.41,12.09
2026-05-24,18:49,Bryson Stott,PHI,1700,27.51,11.36
2026-05-24,18:49,Trent Grisham,NYY,950,28.77,12.89
2026-05-24,18:49,Josh Bell,MIN,1150,28.80,11.41
2026-05-24,18:49,Jonathan Aranda,TB,1900,27.40,9.13
2026-05-24,18:49,Ryan Vilade,TB,1900,27.40,10.63
2026-05-24,18:49,Ryan McMahon,NYY,1100,28.69,11.50
2026-05-24,18:49,Mookie Betts,LAD,650,25.77,16.77
2026-05-24,18:49,Jazz Chisholm Jr.,NYY,1300,28.77,9.43
2026-05-24,18:49,A.J. Ewing,NYM,2200,27.51,8.82
2026-05-24,18:49,Marcus Semien,NYM,1800,27.41,8.14
2026-05-24,18:49,Carson Benge,NYM,1800,27.41,8.12
2026-05-24,18:49,Travis Bazzana,CLE,1700,27.51,9.44
2026-05-24,18:49,Edmundo Sosa,PHI,2400,27.40,7.95
2026-05-24,18:49,David Fry,CLE,1150,28.80,10.85
2026-05-24,18:49,Bo Bichette,NYM,1800,27.41,7.88
2026-05-24,18:49,Austin Martin,MIN,2400,27.40,7.24
2026-05-24,18:49,Tyrone Taylor,NYM,2200,27.51,7.36
2026-05-24,18:49,Aaron Judge,NYY,575,20.83,17.90
2026-05-24,18:49,Brice Turang,MIL,850,23.40,12.99
2026-05-24,18:49,Mark Vientos,NYM,1000,24.74,11.34
2026-05-24,18:49,Chase DeLauter,CLE,900,19.30,11.93
2026-05-24,18:49,Harrison Bader,SF,1000,20.67,10.97
2026-05-24,18:49,Victor Caratini,MIN,1900,27.40,6.70
2026-05-24,18:49,Orlando Arcia,MIN,1700,27.51,7.40
2026-05-24,18:49,Kody Clemens,MIN,1300,22.22,8.73
2026-05-24,18:49,Zach Dezenzo,HOU,1100,17.72,9.81
2026-05-24,18:49,Rhys Hoskins,CLE,850,14.85,12.09
2026-05-24,18:49,Ceddanne Rafaela,BOS,950,13.93,10.85
2026-05-24,18:49,Christian Walker,HOU,550,8.23,16.65
2026-05-24,18:49,Ben Rice,NYY,800,28.77,24.96
2026-05-24,18:49,Kyle Schwarber,PHI,650,29.78,25.25
2026-05-24,18:49,Yandy Díaz,TB,1900,27.40,14.91
2026-05-24,18:49,Michael Harris II,ATL,575,29.84,20.59
2026-05-24,18:49,Junior Caminero,TB,900,28.80,16.40
2026-05-24,18:49,Bryce Harper,PHI,1050,28.80,15.31
2026-05-24,18:49,Paul Goldschmidt,NYY,2200,27.51,12.55
2026-05-24,18:49,J.P. Crawford,SEA,1800,27.41,13.06
2026-05-24,18:49,Liam Hicks,MIA,1050,28.80,15.60
2026-05-24,18:49,Jarren Duran,BOS,1000,28.74,14.53
2026-05-24,18:49,Randal Grichuk,CWS,575,29.84,20.34
2026-05-24,18:49,Luke Raley,SEA,750,28.76,17.45
2026-05-24,18:49,Alec Bohm,PHI,1800,27.41,12.09
2026-05-24,18:49,Bryson Stott,PHI,1700,27.51,11.36
2026-05-24,18:49,Trent Grisham,NYY,950,28.77,12.89
2026-05-24,18:49,Josh Bell,MIN,1150,28.80,11.41
2026-05-24,18:49,Jonathan Aranda,TB,1900,27.40,9.13
2026-05-24,18:49,Ryan Vilade,TB,1900,27.40,10.63
2026-05-24,18:49,Ryan McMahon,NYY,1100,28.69,11.50
2026-05-24,18:49,Mookie Betts,LAD,650,25.77,16.77
2026-05-24,18:49,Jazz Chisholm Jr.,NYY,1300,28.77,9.43
2026-05-24,18:49,A.J. Ewing,NYM,2200,27.51,8.82
2026-05-24,18:49,Marcus Semien,NYM,1800,27.41,8.14
2026-05-24,18:49,Carson Benge,NYM,1800,27.41,8.12
2026-05-24,18:49,Travis Bazzana,CLE,1700,27.51,9.44
2026-05-24,18:49,Edmundo Sosa,PHI,2400,27.40,7.95
2026-05-24,18:49,David Fry,CLE,1150,28.80,10.85
2026-05-24,18:49,Bo Bichette,NYM,1800,27.41,7.88
2026-05-24,18:49,Austin Martin,MIN,2400,27.40,7.24
2026-05-24,18:49,Tyrone Taylor,NYM,2200,27.51,7.36
2026-05-24,18:49,Aaron Judge,NYY,575,20.83,17.90
2026-05-24,18:49,Brice Turang,MIL,850,23.40,12.99
2026-05-24,18:49,Mark Vientos,NYM,1000,24.74,11.34
2026-05-24,18:49,Chase DeLauter,CLE,900,19.30,11.93
2026-05-24,18:49,Harrison Bader,SF,1000,20.67,10.97
2026-05-24,18:49,Victor Caratini,MIN,1900,27.40,6.70
2026-05-24,18:49,Orlando Arcia,MIN,1700,27.51,7.40
2026-05-24,18:49,Kody Clemens,MIN,1300,22.22,8.73
2026-05-24,18:49,Zach Dezenzo,HOU,1100,17.72,9.81
2026-05-24,18:49,Rhys Hoskins,CLE,850,14.85,12.09
2026-05-24,18:49,Ceddanne Rafaela,BOS,950,13.93,10.85
2026-05-24,18:49,Christian Walker,HOU,550,8.23,16.65
2026-05-24,18:53,Ben Rice,NYY,800,28.77,24.86
2026-05-24,18:53,Kyle Schwarber,PHI,650,29.78,25.25
2026-05-24,18:53,Yandy Díaz,TB,1900,27.40,14.88
2026-05-24,18:53,Michael Harris II,ATL,575,29.84,20.59
2026-05-24,18:53,Junior Caminero,TB,900,28.80,16.37
2026-05-24,18:53,Bryce Harper,PHI,1050,28.80,15.27
2026-05-24,18:53,Paul Goldschmidt,NYY,2200,27.51,12.50
2026-05-24,18:53,Jarren Duran,BOS,1000,28.74,14.94
2026-05-24,18:53,J.P. Crawford,SEA,1800,27.41,13.04
2026-05-24,18:53,Liam Hicks,MIA,1050,28.80,15.55
2026-05-24,18:53,Randal Grichuk,CWS,575,29.84,20.34
2026-05-24,18:53,Luke Raley,SEA,750,28.76,17.40
2026-05-24,18:53,Alec Bohm,PHI,1800,27.41,12.09
2026-05-24,18:53,Bryson Stott,PHI,1700,27.51,11.33
2026-05-24,18:53,Trent Grisham,NYY,950,28.77,12.84
2026-05-24,18:53,Josh Bell,MIN,1150,28.80,11.41
2026-05-24,18:53,Jonathan Aranda,TB,1900,27.40,9.06
2026-05-24,18:53,Ryan Vilade,TB,1900,27.40,10.62
2026-05-24,18:53,Ryan McMahon,NYY,1100,28.69,11.38
2026-05-24,18:53,Mookie Betts,LAD,650,25.77,16.77
2026-05-24,18:53,Jazz Chisholm Jr.,NYY,1300,28.77,9.43
2026-05-24,18:53,A.J. Ewing,NYM,2200,27.51,8.82
2026-05-24,18:53,Marcus Semien,NYM,1800,27.41,8.14
2026-05-24,18:53,Carson Benge,NYM,1800,27.41,8.12
2026-05-24,18:53,Travis Bazzana,CLE,1700,27.51,9.42
2026-05-24,18:53,David Fry,CLE,1150,28.80,10.85
2026-05-24,18:53,Edmundo Sosa,PHI,2400,27.40,7.92
2026-05-24,18:53,Bo Bichette,NYM,1800,27.41,7.88
2026-05-24,18:53,Austin Martin,MIN,2400,27.40,7.24
2026-05-24,18:53,Tyrone Taylor,NYM,2200,27.51,7.36
2026-05-24,18:53,Brice Turang,MIL,850,23.40,12.99
2026-05-24,18:53,Aaron Judge,NYY,575,20.35,17.83
2026-05-24,18:53,Mark Vientos,NYM,1000,24.74,11.34
2026-05-24,18:53,Chase DeLauter,CLE,900,19.30,11.93
2026-05-24,18:53,Harrison Bader,SF,1000,20.67,10.97
2026-05-24,18:53,Victor Caratini,MIN,1900,27.40,6.70
2026-05-24,18:53,Orlando Arcia,MIN,1700,27.51,7.40
2026-05-24,18:53,Kody Clemens,MIN,1300,22.22,8.73
2026-05-24,18:53,Zach Dezenzo,HOU,1100,17.72,9.81
2026-05-24,18:53,Rhys Hoskins,CLE,850,14.66,12.07
2026-05-24,18:53,Ceddanne Rafaela,BOS,950,13.93,10.85
2026-05-24,18:53,Christian Walker,HOU,550,8.23,16.65
2026-05-24,18:53,Ben Rice,NYY,800,28.77,24.86
2026-05-24,18:53,Kyle Schwarber,PHI,650,29.78,25.25
2026-05-24,18:53,Yandy Díaz,TB,1900,27.40,14.88
2026-05-24,18:53,Michael Harris II,ATL,575,29.84,20.59
2026-05-24,18:53,Junior Caminero,TB,900,28.80,16.37
2026-05-24,18:53,Bryce Harper,PHI,1050,28.80,15.27
2026-05-24,18:53,Paul Goldschmidt,NYY,2200,27.51,12.50
2026-05-24,18:53,Jarren Duran,BOS,1000,28.74,14.94
2026-05-24,18:53,J.P. Crawford,SEA,1800,27.41,13.04
2026-05-24,18:53,Liam Hicks,MIA,1050,28.80,15.55
2026-05-24,18:53,Randal Grichuk,CWS,575,29.84,20.34
2026-05-24,18:53,Luke Raley,SEA,750,28.76,17.40
2026-05-24,18:53,Alec Bohm,PHI,1800,27.41,12.09
2026-05-24,18:53,Bryson Stott,PHI,1700,27.51,11.33
2026-05-24,18:53,Trent Grisham,NYY,950,28.77,12.84
2026-05-24,18:53,Josh Bell,MIN,1150,28.80,11.41
2026-05-24,18:53,Jonathan Aranda,TB,1900,27.40,9.06
2026-05-24,18:53,Ryan Vilade,TB,1900,27.40,10.62
2026-05-24,18:53,Ryan McMahon,NYY,1100,28.69,11.38
2026-05-24,18:53,Mookie Betts,LAD,650,25.77,16.77
2026-05-24,18:53,Jazz Chisholm Jr.,NYY,1300,28.77,9.43
2026-05-24,18:53,A.J. Ewing,NYM,2200,27.51,8.82
2026-05-24,18:53,Marcus Semien,NYM,1800,27.41,8.14
2026-05-24,18:53,Carson Benge,NYM,1800,27.41,8.12
2026-05-24,18:53,Travis Bazzana,CLE,1700,27.51,9.42
2026-05-24,18:53,David Fry,CLE,1150,28.80,10.85
2026-05-24,18:53,Edmundo Sosa,PHI,2400,27.40,7.92
2026-05-24,18:53,Bo Bichette,NYM,1800,27.41,7.88
2026-05-24,18:53,Austin Martin,MIN,2400,27.40,7.24
2026-05-24,18:53,Tyrone Taylor,NYM,2200,27.51,7.36
2026-05-24,18:53,Brice Turang,MIL,850,23.40,12.99
2026-05-24,18:53,Aaron Judge,NYY,575,20.35,17.83
2026-05-24,18:53,Mark Vientos,NYM,1000,24.74,11.34
2026-05-24,18:53,Chase DeLauter,CLE,900,19.30,11.93
2026-05-24,18:53,Harrison Bader,SF,1000,20.67,10.97
2026-05-24,18:53,Victor Caratini,MIN,1900,27.40,6.70
2026-05-24,18:53,Orlando Arcia,MIN,1700,27.51,7.40
2026-05-24,18:53,Kody Clemens,MIN,1300,22.22,8.73
2026-05-24,18:53,Zach Dezenzo,HOU,1100,17.72,9.81
2026-05-24,18:53,Rhys Hoskins,CLE,850,14.66,12.07
2026-05-24,18:53,Ceddanne Rafaela,BOS,950,13.93,10.85
2026-05-24,18:53,Christian Walker,HOU,550,8.23,16.65
2026-05-24,19:04,Ben Rice,NYY,800,28.77,24.86
2026-05-24,19:04,Kyle Schwarber,PHI,650,29.78,25.25
2026-05-24,19:04,Yandy Díaz,TB,1900,27.40,14.88
2026-05-24,19:04,Michael Harris II,ATL,575,29.84,20.59
2026-05-24,19:04,Junior Caminero,TB,900,28.80,16.37
2026-05-24,19:04,Bryce Harper,PHI,1050,28.80,15.27
2026-05-24,19:04,Paul Goldschmidt,NYY,2200,27.51,12.50
2026-05-24,19:04,Jarren Duran,BOS,1000,28.74,14.94
2026-05-24,19:04,J.P. Crawford,SEA,1800,27.41,13.04
2026-05-24,19:04,Liam Hicks,MIA,1050,28.80,15.55
2026-05-24,19:04,Randal Grichuk,CWS,575,29.84,20.34
2026-05-24,19:04,Luke Raley,SEA,750,28.76,17.40
2026-05-24,19:04,Alec Bohm,PHI,1800,27.41,12.09
2026-05-24,19:04,Bryson Stott,PHI,1700,27.51,11.33
2026-05-24,19:04,Trent Grisham,NYY,950,28.77,12.84
2026-05-24,19:04,Josh Bell,MIN,1150,28.80,11.41
2026-05-24,19:04,Jonathan Aranda,TB,1900,27.40,9.06
2026-05-24,19:04,Ryan Vilade,TB,1900,27.40,10.62
2026-05-24,19:04,Ryan McMahon,NYY,1100,28.69,11.38
2026-05-24,19:04,Mookie Betts,LAD,650,25.77,16.77
2026-05-24,19:04,Jazz Chisholm Jr.,NYY,1300,28.77,9.43
2026-05-24,19:04,A.J. Ewing,NYM,2200,27.51,8.82
2026-05-24,19:04,Marcus Semien,NYM,1800,27.41,8.14
2026-05-24,19:04,Carson Benge,NYM,1800,27.41,8.12
2026-05-24,19:04,Travis Bazzana,CLE,1700,27.51,9.42
2026-05-24,19:04,David Fry,CLE,1150,28.80,10.85
2026-05-24,19:04,Edmundo Sosa,PHI,2400,27.40,7.92
2026-05-24,19:04,Bo Bichette,NYM,1800,27.41,7.88
2026-05-24,19:04,Austin Martin,MIN,2400,27.40,7.24
2026-05-24,19:04,Tyrone Taylor,NYM,2200,27.51,7.36
2026-05-24,19:04,Brice Turang,MIL,850,23.40,12.99
2026-05-24,19:04,Aaron Judge,NYY,575,20.35,17.83
2026-05-24,19:04,Mark Vientos,NYM,1000,24.74,11.34
2026-05-24,19:04,Chase DeLauter,CLE,900,19.30,11.93
2026-05-24,19:04,Harrison Bader,SF,1000,20.67,10.97
2026-05-24,19:04,Victor Caratini,MIN,1900,27.40,6.70
2026-05-24,19:04,Orlando Arcia,MIN,1700,27.51,7.40
2026-05-24,19:04,Kody Clemens,MIN,1300,22.22,8.73
2026-05-24,19:04,Zach Dezenzo,HOU,1100,17.72,9.81
2026-05-24,19:04,Rhys Hoskins,CLE,850,14.66,12.07
2026-05-24,19:04,Ceddanne Rafaela,BOS,950,13.93,10.85
2026-05-24,19:04,Christian Walker,HOU,550,8.23,16.65
2026-05-24,19:04,Ben Rice,NYY,800,28.77,24.86
2026-05-24,19:04,Kyle Schwarber,PHI,650,29.78,25.25
2026-05-24,19:04,Yandy Díaz,TB,1900,27.40,14.88
2026-05-24,19:04,Michael Harris II,ATL,575,29.84,20.59
2026-05-24,19:04,Junior Caminero,TB,900,28.80,16.37
2026-05-24,19:04,Bryce Harper,PHI,1050,28.80,15.27
2026-05-24,19:04,Paul Goldschmidt,NYY,2200,27.51,12.50
2026-05-24,19:04,Jarren Duran,BOS,1000,28.74,14.94
2026-05-24,19:04,J.P. Crawford,SEA,1800,27.41,13.04
2026-05-24,19:04,Liam Hicks,MIA,1050,28.80,15.55
2026-05-24,19:04,Randal Grichuk,CWS,575,29.84,20.34
2026-05-24,19:04,Luke Raley,SEA,750,28.76,17.40
2026-05-24,19:04,Alec Bohm,PHI,1800,27.41,12.09
2026-05-24,19:04,Bryson Stott,PHI,1700,27.51,11.33
2026-05-24,19:04,Trent Grisham,NYY,950,28.77,12.84
2026-05-24,19:04,Josh Bell,MIN,1150,28.80,11.41
2026-05-24,19:04,Jonathan Aranda,TB,1900,27.40,9.06
2026-05-24,19:04,Ryan Vilade,TB,1900,27.40,10.62
2026-05-24,19:04,Ryan McMahon,NYY,1100,28.69,11.38
2026-05-24,19:04,Mookie Betts,LAD,650,25.77,16.77
2026-05-24,19:04,Jazz Chisholm Jr.,NYY,1300,28.77,9.43
2026-05-24,19:04,A.J. Ewing,NYM,2200,27.51,8.82
2026-05-24,19:04,Marcus Semien,NYM,1800,27.41,8.14
2026-05-24,19:04,Carson Benge,NYM,1800,27.41,8.12
2026-05-24,19:04,Travis Bazzana,CLE,1700,27.51,9.42
2026-05-24,19:04,David Fry,CLE,1150,28.80,10.85
2026-05-24,19:04,Edmundo Sosa,PHI,2400,27.40,7.92
2026-05-24,19:04,Bo Bichette,NYM,1800,27.41,7.88
2026-05-24,19:04,Austin Martin,MIN,2400,27.40,7.24
2026-05-24,19:04,Tyrone Taylor,NYM,2200,27.51,7.36
2026-05-24,19:04,Brice Turang,MIL,850,23.40,12.99
2026-05-24,19:04,Aaron Judge,NYY,575,20.35,17.83
2026-05-24,19:04,Mark Vientos,NYM,1000,24.74,11.34
2026-05-24,19:04,Chase DeLauter,CLE,900,19.30,11.93
2026-05-24,19:04,Harrison Bader,SF,1000,20.67,10.97
2026-05-24,19:04,Victor Caratini,MIN,1900,27.40,6.70
2026-05-24,19:04,Orlando Arcia,MIN,1700,27.51,7.40
2026-05-24,19:04,Kody Clemens,MIN,1300,22.22,8.73
2026-05-24,19:04,Zach Dezenzo,HOU,1100,17.72,9.81
2026-05-24,19:04,Rhys Hoskins,CLE,850,14.66,12.07
2026-05-24,19:04,Ceddanne Rafaela,BOS,950,13.93,10.85
2026-05-24,19:04,Christian Walker,HOU,550,8.23,16.65
2026-05-24,19:05,Ben Rice,NYY,800,28.77,24.86
2026-05-24,19:05,Kyle Schwarber,PHI,650,29.78,25.25
2026-05-24,19:05,Yandy Díaz,TB,1900,27.40,14.88
2026-05-24,19:05,Michael Harris II,ATL,575,29.84,20.59
2026-05-24,19:05,Junior Caminero,TB,900,28.80,16.37
2026-05-24,19:05,Bryce Harper,PHI,1050,28.80,15.27
2026-05-24,19:05,Paul Goldschmidt,NYY,2200,27.51,12.50
2026-05-24,19:05,Jarren Duran,BOS,1000,28.74,14.94
2026-05-24,19:05,J.P. Crawford,SEA,1800,27.41,13.04
2026-05-24,19:05,Liam Hicks,MIA,1050,28.80,15.55
2026-05-24,19:05,Randal Grichuk,CWS,575,29.84,20.34
2026-05-24,19:05,Luke Raley,SEA,750,28.76,17.40
2026-05-24,19:05,Alec Bohm,PHI,1800,27.41,12.09
2026-05-24,19:05,Bryson Stott,PHI,1700,27.51,11.33
2026-05-24,19:05,Trent Grisham,NYY,950,28.77,12.84
2026-05-24,19:05,Josh Bell,MIN,1150,28.80,11.41
2026-05-24,19:05,Jonathan Aranda,TB,1900,27.40,9.06
2026-05-24,19:05,Ryan Vilade,TB,1900,27.40,10.62
2026-05-24,19:05,Ryan McMahon,NYY,1100,28.69,11.38
2026-05-24,19:05,Mookie Betts,LAD,650,25.77,16.77
2026-05-24,19:05,Jazz Chisholm Jr.,NYY,1300,28.77,9.43
2026-05-24,19:05,A.J. Ewing,NYM,2200,27.51,8.82
2026-05-24,19:05,Marcus Semien,NYM,1800,27.41,8.14
2026-05-24,19:05,Carson Benge,NYM,1800,27.41,8.12
2026-05-24,19:05,Travis Bazzana,CLE,1700,27.51,9.42
2026-05-24,19:05,David Fry,CLE,1150,28.80,10.85
2026-05-24,19:05,Edmundo Sosa,PHI,2400,27.40,7.92
2026-05-24,19:05,Bo Bichette,NYM,1800,27.41,7.88
2026-05-24,19:05,Austin Martin,MIN,2400,27.40,7.24
2026-05-24,19:05,Tyrone Taylor,NYM,2200,27.51,7.36
2026-05-24,19:05,Brice Turang,MIL,850,23.40,12.99
2026-05-24,19:05,Aaron Judge,NYY,575,20.35,17.83
2026-05-24,19:05,Mark Vientos,NYM,1000,24.74,11.34
2026-05-24,19:05,Chase DeLauter,CLE,900,19.30,11.93
2026-05-24,19:05,Harrison Bader,SF,1000,20.67,10.97
2026-05-24,19:05,Victor Caratini,MIN,1900,27.40,6.70
2026-05-24,19:05,Orlando Arcia,MIN,1700,27.51,7.40
2026-05-24,19:05,Kody Clemens,MIN,1300,22.22,8.73
2026-05-24,19:05,Zach Dezenzo,HOU,1100,17.72,9.81
2026-05-24,19:05,Rhys Hoskins,CLE,850,14.66,12.07
2026-05-24,19:05,Ceddanne Rafaela,BOS,950,13.93,10.85
2026-05-24,19:05,Christian Walker,HOU,550,8.23,16.65
2026-05-24,19:06,Ben Rice,NYY,800,28.77,24.86
2026-05-24,19:06,Kyle Schwarber,PHI,650,29.78,25.25
2026-05-24,19:06,Yandy Díaz,TB,1900,27.40,14.88
2026-05-24,19:06,Michael Harris II,ATL,575,29.84,20.59
2026-05-24,19:06,Junior Caminero,TB,900,28.80,16.37
2026-05-24,19:06,Bryce Harper,PHI,1050,28.80,15.27
2026-05-24,19:06,Paul Goldschmidt,NYY,2200,27.51,12.50
2026-05-24,19:06,Jarren Duran,BOS,1000,28.74,14.94
2026-05-24,19:06,J.P. Crawford,SEA,1800,27.41,13.04
2026-05-24,19:06,Liam Hicks,MIA,1050,28.80,15.55
2026-05-24,19:06,Randal Grichuk,CWS,575,29.84,20.34
2026-05-24,19:06,Luke Raley,SEA,750,28.76,17.40
2026-05-24,19:06,Alec Bohm,PHI,1800,27.41,12.09
2026-05-24,19:06,Bryson Stott,PHI,1700,27.51,11.33
2026-05-24,19:06,Trent Grisham,NYY,950,28.77,12.84
2026-05-24,19:06,Josh Bell,MIN,1150,28.80,11.41
2026-05-24,19:06,Jonathan Aranda,TB,1900,27.40,9.06
2026-05-24,19:06,Ryan Vilade,TB,1900,27.40,10.62
2026-05-24,19:06,Ryan McMahon,NYY,1100,28.69,11.38
2026-05-24,19:06,Mookie Betts,LAD,650,25.77,16.77
2026-05-24,19:06,Jazz Chisholm Jr.,NYY,1300,28.77,9.43
2026-05-24,19:06,A.J. Ewing,NYM,2200,27.51,8.82
2026-05-24,19:06,Marcus Semien,NYM,1800,27.41,8.14
2026-05-24,19:06,Carson Benge,NYM,1800,27.41,8.12
2026-05-24,19:06,Travis Bazzana,CLE,1700,27.51,9.42
2026-05-24,19:06,David Fry,CLE,1150,28.80,10.85
2026-05-24,19:06,Edmundo Sosa,PHI,2400,27.40,7.92
2026-05-24,19:06,Bo Bichette,NYM,1800,27.41,7.88
2026-05-24,19:06,Austin Martin,MIN,2400,27.40,7.24
2026-05-24,19:06,Tyrone Taylor,NYM,2200,27.51,7.36
2026-05-24,19:06,Brice Turang,MIL,850,23.40,12.99
2026-05-24,19:06,Aaron Judge,NYY,575,20.35,17.83
2026-05-24,19:06,Mark Vientos,NYM,1000,24.74,11.34
2026-05-24,19:06,Chase DeLauter,CLE,900,19.30,11.93
2026-05-24,19:06,Harrison Bader,SF,1000,20.67,10.97
2026-05-24,19:06,Victor Caratini,MIN,1900,27.40,6.70
2026-05-24,19:06,Orlando Arcia,MIN,1700,27.51,7.40
2026-05-24,19:06,Kody Clemens,MIN,1300,22.22,8.73
2026-05-24,19:06,Zach Dezenzo,HOU,1100,17.72,9.81
2026-05-24,19:06,Rhys Hoskins,CLE,850,14.66,12.07
2026-05-24,19:06,Ceddanne Rafaela,BOS,950,13.93,10.85
2026-05-24,19:06,Christian Walker,HOU,550,8.23,16.65
2026-05-24,19:27,Ben Rice,NYY,800,28.77,24.86
2026-05-24,19:27,Kyle Schwarber,PHI,650,29.78,25.25
2026-05-24,19:27,Yandy Díaz,TB,1900,27.40,14.88
2026-05-24,19:27,Michael Harris II,ATL,575,29.84,20.59
2026-05-24,19:27,Junior Caminero,TB,900,28.80,16.37
2026-05-24,19:27,Bryce Harper,PHI,1050,28.80,15.27
2026-05-24,19:27,Paul Goldschmidt,NYY,2200,27.51,12.50
2026-05-24,19:27,Jarren Duran,BOS,1000,28.74,14.94
2026-05-24,19:27,J.P. Crawford,SEA,1800,27.41,13.04
2026-05-24,19:27,Liam Hicks,MIA,1050,28.80,15.55
2026-05-24,19:27,Randal Grichuk,CWS,575,29.84,20.34
2026-05-24,19:27,Luke Raley,SEA,750,28.76,17.40
2026-05-24,19:27,Alec Bohm,PHI,1800,27.41,12.09
2026-05-24,19:27,Bryson Stott,PHI,1700,27.51,11.33
2026-05-24,19:27,Trent Grisham,NYY,950,28.77,12.84
2026-05-24,19:27,Josh Bell,MIN,1150,28.80,11.41
2026-05-24,19:27,Jonathan Aranda,TB,1900,27.40,9.06
2026-05-24,19:27,Ryan Vilade,TB,1900,27.40,10.62
2026-05-24,19:27,Ryan McMahon,NYY,1100,28.69,11.38
2026-05-24,19:27,Mookie Betts,LAD,650,25.77,16.77
2026-05-24,19:27,Jazz Chisholm Jr.,NYY,1300,28.77,9.43
2026-05-24,19:27,A.J. Ewing,NYM,2200,27.51,8.82
2026-05-24,19:27,Marcus Semien,NYM,1800,27.41,8.14
2026-05-24,19:27,Carson Benge,NYM,1800,27.41,8.12
2026-05-24,19:27,Travis Bazzana,CLE,1700,27.51,9.42
2026-05-24,19:27,David Fry,CLE,1150,28.80,10.85
2026-05-24,19:27,Edmundo Sosa,PHI,2400,27.40,7.92
2026-05-24,19:27,Bo Bichette,NYM,1800,27.41,7.88
2026-05-24,19:27,Austin Martin,MIN,2400,27.40,7.24
2026-05-24,19:27,Tyrone Taylor,NYM,2200,27.51,7.36
2026-05-24,19:27,Brice Turang,MIL,850,23.40,12.99
2026-05-24,19:27,Aaron Judge,NYY,575,20.35,17.83
2026-05-24,19:27,Mark Vientos,NYM,1000,24.74,11.34
2026-05-24,19:27,Chase DeLauter,CLE,900,19.30,11.93
2026-05-24,19:27,Harrison Bader,SF,1000,20.67,10.97
2026-05-24,19:27,Victor Caratini,MIN,1900,27.40,6.70
2026-05-24,19:27,Orlando Arcia,MIN,1700,27.51,7.40
2026-05-24,19:27,Kody Clemens,MIN,1300,22.22,8.73
2026-05-24,19:27,Zach Dezenzo,HOU,1100,17.72,9.81
2026-05-24,19:27,Rhys Hoskins,CLE,850,14.66,12.07
2026-05-24,19:27,Ceddanne Rafaela,BOS,950,13.93,10.85
2026-05-24,19:27,Christian Walker,HOU,550,8.23,16.65
2026-05-24,19:29,Ben Rice,NYY,800,28.77,24.86
2026-05-24,19:29,Kyle Schwarber,PHI,650,29.78,25.25
2026-05-24,19:29,Yandy Díaz,TB,1900,27.40,14.88
2026-05-24,19:29,Michael Harris II,ATL,575,29.84,20.59
2026-05-24,19:29,Junior Caminero,TB,900,28.80,16.37
2026-05-24,19:29,Bryce Harper,PHI,1050,28.80,15.27
2026-05-24,19:29,Paul Goldschmidt,NYY,2200,27.51,12.50
2026-05-24,19:29,Jarren Duran,BOS,1000,28.74,14.94
2026-05-24,19:29,J.P. Crawford,SEA,1800,27.41,13.04
2026-05-24,19:29,Liam Hicks,MIA,1050,28.80,15.55
2026-05-24,19:29,Randal Grichuk,CWS,575,29.84,20.34
2026-05-24,19:29,Luke Raley,SEA,750,28.76,17.40
2026-05-24,19:29,Alec Bohm,PHI,1800,27.41,12.09
2026-05-24,19:29,Bryson Stott,PHI,1700,27.51,11.33
2026-05-24,19:29,Trent Grisham,NYY,950,28.77,12.84
2026-05-24,19:29,Josh Bell,MIN,1150,28.80,11.41
2026-05-24,19:29,Jonathan Aranda,TB,1900,27.40,9.06
2026-05-24,19:29,Ryan Vilade,TB,1900,27.40,10.62
2026-05-24,19:29,Ryan McMahon,NYY,1100,28.69,11.38
2026-05-24,19:29,Mookie Betts,LAD,650,25.77,16.77
2026-05-24,19:29,Jazz Chisholm Jr.,NYY,1300,28.77,9.43
2026-05-24,19:29,A.J. Ewing,NYM,2200,27.51,8.82
2026-05-24,19:29,Marcus Semien,NYM,1800,27.41,8.14
2026-05-24,19:29,Carson Benge,NYM,1800,27.41,8.12
2026-05-24,19:29,Travis Bazzana,CLE,1700,27.51,9.42
2026-05-24,19:29,David Fry,CLE,1150,28.80,10.85
2026-05-24,19:29,Edmundo Sosa,PHI,2400,27.40,7.92
2026-05-24,19:29,Bo Bichette,NYM,1800,27.41,7.88
2026-05-24,19:29,Austin Martin,MIN,2400,27.40,7.24
2026-05-24,19:29,Tyrone Taylor,NYM,2200,27.51,7.36
2026-05-24,19:29,Brice Turang,MIL,850,23.40,12.99
2026-05-24,19:29,Aaron Judge,NYY,575,20.35,17.83
2026-05-24,19:29,Mark Vientos,NYM,1000,24.74,11.34
2026-05-24,19:29,Chase DeLauter,CLE,900,19.30,11.93
2026-05-24,19:29,Harrison Bader,SF,1000,20.67,10.97
2026-05-24,19:29,Victor Caratini,MIN,1900,27.40,6.70
2026-05-24,19:29,Orlando Arcia,MIN,1700,27.51,7.40
2026-05-24,19:29,Kody Clemens,MIN,1300,22.22,8.73
2026-05-24,19:29,Zach Dezenzo,HOU,1100,17.72,9.81
2026-05-24,19:29,Rhys Hoskins,CLE,850,14.66,12.07
2026-05-24,19:29,Ceddanne Rafaela,BOS,950,13.93,10.85
2026-05-24,19:29,Christian Walker,HOU,550,8.23,16.65
2026-05-24,19:34,Ben Rice,NYY,800,28.77,24.86
2026-05-24,19:34,Kyle Schwarber,PHI,650,29.78,25.25
2026-05-24,19:34,Yandy Díaz,TB,1900,27.40,14.88
2026-05-24,19:34,Michael Harris II,ATL,575,29.84,20.59
2026-05-24,19:34,Junior Caminero,TB,900,28.80,16.37
2026-05-24,19:34,Bryce Harper,PHI,1050,28.80,15.27
2026-05-24,19:34,Paul Goldschmidt,NYY,2200,27.51,12.50
2026-05-24,19:34,Jarren Duran,BOS,1000,28.74,14.94
2026-05-24,19:34,J.P. Crawford,SEA,1800,27.41,13.04
2026-05-24,19:34,Liam Hicks,MIA,1050,28.80,15.55
2026-05-24,19:34,Randal Grichuk,CWS,575,29.84,20.34
2026-05-24,19:34,Luke Raley,SEA,750,28.76,17.40
2026-05-24,19:34,Alec Bohm,PHI,1800,27.41,12.09
2026-05-24,19:34,Bryson Stott,PHI,1700,27.51,11.33
2026-05-24,19:34,Trent Grisham,NYY,950,28.77,12.84
2026-05-24,19:34,Josh Bell,MIN,1150,28.80,11.41
2026-05-24,19:34,Jonathan Aranda,TB,1900,27.40,9.06
2026-05-24,19:34,Ryan Vilade,TB,1900,27.40,10.62
2026-05-24,19:34,Ryan McMahon,NYY,1100,28.69,11.38
2026-05-24,19:34,Mookie Betts,LAD,650,25.77,16.77
2026-05-24,19:34,Jazz Chisholm Jr.,NYY,1300,28.77,9.43
2026-05-24,19:34,A.J. Ewing,NYM,2200,27.51,8.82
2026-05-24,19:34,Marcus Semien,NYM,1800,27.41,8.14
2026-05-24,19:34,Carson Benge,NYM,1800,27.41,8.12
2026-05-24,19:34,Travis Bazzana,CLE,1700,27.51,9.42
2026-05-24,19:34,David Fry,CLE,1150,28.80,10.85
2026-05-24,19:34,Edmundo Sosa,PHI,2400,27.40,7.92
2026-05-24,19:34,Bo Bichette,NYM,1800,27.41,7.88
2026-05-24,19:34,Austin Martin,MIN,2400,27.40,7.24
2026-05-24,19:34,Tyrone Taylor,NYM,2200,27.51,7.36
2026-05-24,19:34,Brice Turang,MIL,850,23.40,12.99
2026-05-24,19:34,Aaron Judge,NYY,575,20.35,17.83
2026-05-24,19:34,Mark Vientos,NYM,1000,24.74,11.34
2026-05-24,19:34,Chase DeLauter,CLE,900,19.30,11.93
2026-05-24,19:34,Harrison Bader,SF,1000,20.67,10.97
2026-05-24,19:34,Victor Caratini,MIN,1900,27.40,6.70
2026-05-24,19:34,Orlando Arcia,MIN,1700,27.51,7.40
2026-05-24,19:34,Kody Clemens,MIN,1300,22.22,8.73
2026-05-24,19:34,Zach Dezenzo,HOU,1100,17.72,9.81
2026-05-24,19:34,Rhys Hoskins,CLE,850,14.66,12.07
2026-05-24,19:34,Ceddanne Rafaela,BOS,950,13.93,10.85
2026-05-24,19:34,Christian Walker,HOU,550,8.23,16.65
2026-05-24,19:34,Ben Rice,NYY,800,28.77,24.86
2026-05-24,19:34,Kyle Schwarber,PHI,650,29.78,25.25
2026-05-24,19:34,Yandy Díaz,TB,1900,27.40,14.88
2026-05-24,19:34,Michael Harris II,ATL,575,29.84,20.59
2026-05-24,19:34,Junior Caminero,TB,900,28.80,16.37
2026-05-24,19:34,Bryce Harper,PHI,1050,28.80,15.27
2026-05-24,19:34,Paul Goldschmidt,NYY,2200,27.51,12.50
2026-05-24,19:34,Jarren Duran,BOS,1000,28.74,14.94
2026-05-24,19:34,J.P. Crawford,SEA,1800,27.41,13.04
2026-05-24,19:34,Liam Hicks,MIA,1050,28.80,15.55
2026-05-24,19:34,Randal Grichuk,CWS,575,29.84,20.34
2026-05-24,19:34,Luke Raley,SEA,750,28.76,17.40
2026-05-24,19:34,Alec Bohm,PHI,1800,27.41,12.09
2026-05-24,19:34,Bryson Stott,PHI,1700,27.51,11.33
2026-05-24,19:34,Trent Grisham,NYY,950,28.77,12.84
2026-05-24,19:34,Josh Bell,MIN,1150,28.80,11.41
2026-05-24,19:34,Jonathan Aranda,TB,1900,27.40,9.06
2026-05-24,19:34,Ryan Vilade,TB,1900,27.40,10.62
2026-05-24,19:34,Ryan McMahon,NYY,1100,28.69,11.38
2026-05-24,19:34,Mookie Betts,LAD,650,25.77,16.77
2026-05-24,19:34,Jazz Chisholm Jr.,NYY,1300,28.77,9.43
2026-05-24,19:34,A.J. Ewing,NYM,2200,27.51,8.82
2026-05-24,19:34,Marcus Semien,NYM,1800,27.41,8.14
2026-05-24,19:34,Carson Benge,NYM,1800,27.41,8.12
2026-05-24,19:34,Travis Bazzana,CLE,1700,27.51,9.42
2026-05-24,19:34,David Fry,CLE,1150,28.80,10.85
2026-05-24,19:34,Edmundo Sosa,PHI,2400,27.40,7.92
2026-05-24,19:34,Bo Bichette,NYM,1800,27.41,7.88
2026-05-24,19:34,Austin Martin,MIN,2400,27.40,7.24
2026-05-24,19:34,Tyrone Taylor,NYM,2200,27.51,7.36
2026-05-24,19:34,Brice Turang,MIL,850,23.40,12.99
2026-05-24,19:34,Aaron Judge,NYY,575,20.35,17.83
2026-05-24,19:34,Mark Vientos,NYM,1000,24.74,11.34
2026-05-24,19:34,Chase DeLauter,CLE,900,19.30,11.93
2026-05-24,19:34,Harrison Bader,SF,1000,20.67,10.97
2026-05-24,19:34,Victor Caratini,MIN,1900,27.40,6.70
2026-05-24,19:34,Orlando Arcia,MIN,1700,27.51,7.40
2026-05-24,19:34,Kody Clemens,MIN,1300,22.22,8.73
2026-05-24,19:34,Zach Dezenzo,HOU,1100,17.72,9.81
2026-05-24,19:34,Rhys Hoskins,CLE,850,14.66,12.07
2026-05-24,19:34,Ceddanne Rafaela,BOS,950,13.93,10.85
2026-05-24,19:34,Christian Walker,HOU,550,8.23,16.65
2026-05-24,19:35,Ben Rice,NYY,800,28.77,24.86
2026-05-24,19:35,Kyle Schwarber,PHI,650,29.78,25.25
2026-05-24,19:35,Yandy Díaz,TB,1900,27.40,14.88
2026-05-24,19:35,Michael Harris II,ATL,575,29.84,20.59
2026-05-24,19:35,Junior Caminero,TB,900,28.80,16.37
2026-05-24,19:35,Bryce Harper,PHI,1050,28.80,15.27
2026-05-24,19:35,Paul Goldschmidt,NYY,2200,27.51,12.50
2026-05-24,19:35,Jarren Duran,BOS,1000,28.74,14.94
2026-05-24,19:35,J.P. Crawford,SEA,1800,27.41,13.04
2026-05-24,19:35,Liam Hicks,MIA,1050,28.80,15.55
2026-05-24,19:35,Randal Grichuk,CWS,575,29.84,20.34
2026-05-24,19:35,Luke Raley,SEA,750,28.76,17.40
2026-05-24,19:35,Alec Bohm,PHI,1800,27.41,12.09
2026-05-24,19:35,Bryson Stott,PHI,1700,27.51,11.33
2026-05-24,19:35,Trent Grisham,NYY,950,28.77,12.84
2026-05-24,19:35,Josh Bell,MIN,1150,28.80,11.41
2026-05-24,19:35,Jonathan Aranda,TB,1900,27.40,9.06
2026-05-24,19:35,Ryan Vilade,TB,1900,27.40,10.62
2026-05-24,19:35,Ryan McMahon,NYY,1100,28.69,11.38
2026-05-24,19:35,Mookie Betts,LAD,650,25.77,16.77
2026-05-24,19:35,Jazz Chisholm Jr.,NYY,1300,28.77,9.43
2026-05-24,19:35,A.J. Ewing,NYM,2200,27.51,8.82
2026-05-24,19:35,Marcus Semien,NYM,1800,27.41,8.14
2026-05-24,19:35,Carson Benge,NYM,1800,27.41,8.12
2026-05-24,19:35,Travis Bazzana,CLE,1700,27.51,9.42
2026-05-24,19:35,David Fry,CLE,1150,28.80,10.85
2026-05-24,19:35,Edmundo Sosa,PHI,2400,27.40,7.92
2026-05-24,19:35,Bo Bichette,NYM,1800,27.41,7.88
2026-05-24,19:35,Austin Martin,MIN,2400,27.40,7.24
2026-05-24,19:35,Tyrone Taylor,NYM,2200,27.51,7.36
2026-05-24,19:35,Brice Turang,MIL,850,23.40,12.99
2026-05-24,19:35,Aaron Judge,NYY,575,20.35,17.83
2026-05-24,19:35,Mark Vientos,NYM,1000,24.74,11.34
2026-05-24,19:35,Chase DeLauter,CLE,900,19.30,11.93
2026-05-24,19:35,Harrison Bader,SF,1000,20.67,10.97
2026-05-24,19:35,Victor Caratini,MIN,1900,27.40,6.70
2026-05-24,19:35,Orlando Arcia,MIN,1700,27.51,7.40
2026-05-24,19:35,Kody Clemens,MIN,1300,22.22,8.73
2026-05-24,19:35,Zach Dezenzo,HOU,1100,17.72,9.81
2026-05-24,19:35,Rhys Hoskins,CLE,850,14.66,12.07
2026-05-24,19:35,Ceddanne Rafaela,BOS,950,13.93,10.85
2026-05-24,19:35,Christian Walker,HOU,550,8.23,16.65
2026-05-24,19:42,Ben Rice,NYY,800,28.77,24.86
2026-05-24,19:42,Kyle Schwarber,PHI,650,29.78,25.25
2026-05-24,19:42,Yandy Díaz,TB,1900,27.40,14.88
2026-05-24,19:42,Michael Harris II,ATL,575,29.84,20.59
2026-05-24,19:42,Junior Caminero,TB,900,28.80,16.37
2026-05-24,19:42,Bryce Harper,PHI,1050,28.80,15.27
2026-05-24,19:42,Paul Goldschmidt,NYY,2200,27.51,12.50
2026-05-24,19:42,Jarren Duran,BOS,1000,28.74,14.94
2026-05-24,19:42,J.P. Crawford,SEA,1800,27.41,13.04
2026-05-24,19:42,Liam Hicks,MIA,1050,28.80,15.55
2026-05-24,19:42,Randal Grichuk,CWS,575,29.84,20.34
2026-05-24,19:42,Luke Raley,SEA,750,28.76,17.40
2026-05-24,19:42,Alec Bohm,PHI,1800,27.41,12.09
2026-05-24,19:42,Bryson Stott,PHI,1700,27.51,11.33
2026-05-24,19:42,Trent Grisham,NYY,950,28.77,12.84
2026-05-24,19:42,Josh Bell,MIN,1150,28.80,11.41
2026-05-24,19:42,Jonathan Aranda,TB,1900,27.40,9.06
2026-05-24,19:42,Ryan Vilade,TB,1900,27.40,10.62
2026-05-24,19:42,Ryan McMahon,NYY,1100,28.69,11.38
2026-05-24,19:42,Mookie Betts,LAD,650,25.77,16.77
2026-05-24,19:42,Jazz Chisholm Jr.,NYY,1300,28.77,9.43
2026-05-24,19:42,A.J. Ewing,NYM,2200,27.51,8.82
2026-05-24,19:42,Marcus Semien,NYM,1800,27.41,8.14
2026-05-24,19:42,Carson Benge,NYM,1800,27.41,8.12
2026-05-24,19:42,Travis Bazzana,CLE,1700,27.51,9.42
2026-05-24,19:42,David Fry,CLE,1150,28.80,10.85
2026-05-24,19:42,Edmundo Sosa,PHI,2400,27.40,7.92
2026-05-24,19:42,Bo Bichette,NYM,1800,27.41,7.88
2026-05-24,19:42,Austin Martin,MIN,2400,27.40,7.24
2026-05-24,19:42,Tyrone Taylor,NYM,2200,27.51,7.36
2026-05-24,19:42,Brice Turang,MIL,850,23.40,12.99
2026-05-24,19:42,Aaron Judge,NYY,575,20.35,17.83
2026-05-24,19:42,Mark Vientos,NYM,1000,24.74,11.34
2026-05-24,19:42,Chase DeLauter,CLE,900,19.30,11.93
2026-05-24,19:42,Harrison Bader,SF,1000,20.67,10.97
2026-05-24,19:42,Victor Caratini,MIN,1900,27.40,6.70
2026-05-24,19:42,Orlando Arcia,MIN,1700,27.51,7.40
2026-05-24,19:42,Kody Clemens,MIN,1300,22.22,8.73
2026-05-24,19:42,Zach Dezenzo,HOU,1100,17.72,9.81
2026-05-24,19:42,Rhys Hoskins,CLE,850,14.66,12.07
2026-05-24,19:42,Ceddanne Rafaela,BOS,950,13.93,10.85
2026-05-24,19:42,Christian Walker,HOU,550,8.23,16.65
2026-05-24,19:46,Ben Rice,NYY,800,28.77,24.86
2026-05-24,19:46,Kyle Schwarber,PHI,650,29.78,25.25
2026-05-24,19:46,Yandy Díaz,TB,1900,27.40,14.88
2026-05-24,19:46,Michael Harris II,ATL,575,29.84,20.59
2026-05-24,19:46,Junior Caminero,TB,900,28.80,16.37
2026-05-24,19:46,Bryce Harper,PHI,1050,28.80,15.27
2026-05-24,19:46,Paul Goldschmidt,NYY,2200,27.51,12.50
2026-05-24,19:46,Jarren Duran,BOS,1000,28.74,14.94
2026-05-24,19:46,J.P. Crawford,SEA,1800,27.41,13.04
2026-05-24,19:46,Liam Hicks,MIA,1050,28.80,15.55
2026-05-24,19:46,Randal Grichuk,CWS,575,29.84,20.34
2026-05-24,19:46,Luke Raley,SEA,750,28.76,17.40
2026-05-24,19:46,Alec Bohm,PHI,1800,27.41,12.09
2026-05-24,19:46,Bryson Stott,PHI,1700,27.51,11.33
2026-05-24,19:46,Trent Grisham,NYY,950,28.77,12.84
2026-05-24,19:46,Josh Bell,MIN,1150,28.80,11.41
2026-05-24,19:46,Jonathan Aranda,TB,1900,27.40,9.06
2026-05-24,19:46,Ryan Vilade,TB,1900,27.40,10.62
2026-05-24,19:46,Ryan McMahon,NYY,1100,28.69,11.38
2026-05-24,19:46,Mookie Betts,LAD,650,25.77,16.77
2026-05-24,19:46,Jazz Chisholm Jr.,NYY,1300,28.77,9.43
2026-05-24,19:46,A.J. Ewing,NYM,2200,27.51,8.82
2026-05-24,19:46,Marcus Semien,NYM,1800,27.41,8.14
2026-05-24,19:46,Carson Benge,NYM,1800,27.41,8.12
2026-05-24,19:46,Travis Bazzana,CLE,1700,27.51,9.42
2026-05-24,19:46,David Fry,CLE,1150,28.80,10.85
2026-05-24,19:46,Edmundo Sosa,PHI,2400,27.40,7.92
2026-05-24,19:46,Bo Bichette,NYM,1800,27.41,7.88
2026-05-24,19:46,Austin Martin,MIN,2400,27.40,7.24
2026-05-24,19:46,Tyrone Taylor,NYM,2200,27.51,7.36
2026-05-24,19:46,Brice Turang,MIL,850,23.40,12.99
2026-05-24,19:46,Aaron Judge,NYY,575,20.35,17.83
2026-05-24,19:46,Mark Vientos,NYM,1000,24.74,11.34
2026-05-24,19:46,Chase DeLauter,CLE,900,19.30,11.93
2026-05-24,19:46,Harrison Bader,SF,1000,20.67,10.97
2026-05-24,19:46,Victor Caratini,MIN,1900,27.40,6.70
2026-05-24,19:46,Orlando Arcia,MIN,1700,27.51,7.40
2026-05-24,19:46,Kody Clemens,MIN,1300,22.22,8.73
2026-05-24,19:46,Zach Dezenzo,HOU,1100,17.72,9.81
2026-05-24,19:46,Rhys Hoskins,CLE,850,14.66,12.07
2026-05-24,19:46,Ceddanne Rafaela,BOS,950,13.93,10.85
2026-05-24,19:46,Christian Walker,HOU,550,8.23,16.65
2026-05-24,19:48,Ben Rice,NYY,800,28.77,24.86
2026-05-24,19:48,Kyle Schwarber,PHI,650,29.78,25.25
2026-05-24,19:48,Yandy Díaz,TB,1900,27.40,14.88
2026-05-24,19:48,Michael Harris II,ATL,575,29.84,20.59
2026-05-24,19:48,Junior Caminero,TB,900,28.80,16.37
2026-05-24,19:48,Bryce Harper,PHI,1050,28.80,15.27
2026-05-24,19:48,Paul Goldschmidt,NYY,2200,27.51,12.50
2026-05-24,19:48,Jarren Duran,BOS,1000,28.74,14.94
2026-05-24,19:48,J.P. Crawford,SEA,1800,27.41,13.04
2026-05-24,19:48,Liam Hicks,MIA,1050,28.80,15.55
2026-05-24,19:48,Randal Grichuk,CWS,575,29.84,20.34
2026-05-24,19:48,Luke Raley,SEA,750,28.76,17.40
2026-05-24,19:48,Alec Bohm,PHI,1800,27.41,12.09
2026-05-24,19:48,Bryson Stott,PHI,1700,27.51,11.33
2026-05-24,19:48,Trent Grisham,NYY,950,28.77,12.84
2026-05-24,19:48,Josh Bell,MIN,1150,28.80,11.41
2026-05-24,19:48,Jonathan Aranda,TB,1900,27.40,9.06
2026-05-24,19:48,Ryan Vilade,TB,1900,27.40,10.62
2026-05-24,19:48,Ryan McMahon,NYY,1100,28.69,11.38
2026-05-24,19:48,Mookie Betts,LAD,650,25.77,16.77
2026-05-24,19:48,Jazz Chisholm Jr.,NYY,1300,28.77,9.43
2026-05-24,19:48,A.J. Ewing,NYM,2200,27.51,8.82
2026-05-24,19:48,Marcus Semien,NYM,1800,27.41,8.14
2026-05-24,19:48,Carson Benge,NYM,1800,27.41,8.12
2026-05-24,19:48,Travis Bazzana,CLE,1700,27.51,9.42
2026-05-24,19:48,David Fry,CLE,1150,28.80,10.85
2026-05-24,19:48,Edmundo Sosa,PHI,2400,27.40,7.92
2026-05-24,19:48,Bo Bichette,NYM,1800,27.41,7.88
2026-05-24,19:48,Austin Martin,MIN,2400,27.40,7.24
2026-05-24,19:48,Tyrone Taylor,NYM,2200,27.51,7.36
2026-05-24,19:48,Brice Turang,MIL,850,23.40,12.99
2026-05-24,19:48,Aaron Judge,NYY,575,20.35,17.83
2026-05-24,19:48,Mark Vientos,NYM,1000,24.74,11.34
2026-05-24,19:48,Chase DeLauter,CLE,900,19.30,11.93
2026-05-24,19:48,Harrison Bader,SF,1000,20.67,10.97
2026-05-24,19:48,Victor Caratini,MIN,1900,27.40,6.70
2026-05-24,19:48,Orlando Arcia,MIN,1700,27.51,7.40
2026-05-24,19:48,Kody Clemens,MIN,1300,22.22,8.73
2026-05-24,19:48,Zach Dezenzo,HOU,1100,17.72,9.81
2026-05-24,19:48,Rhys Hoskins,CLE,850,14.66,12.07
2026-05-24,19:48,Ceddanne Rafaela,BOS,950,13.93,10.85
2026-05-24,19:48,Christian Walker,HOU,550,8.23,16.65
2026-05-24,19:49,Ben Rice,NYY,800,28.77,24.86
2026-05-24,19:49,Kyle Schwarber,PHI,650,29.78,25.25
2026-05-24,19:49,Yandy Díaz,TB,1900,27.40,14.88
2026-05-24,19:49,Michael Harris II,ATL,575,29.84,20.59
2026-05-24,19:49,Junior Caminero,TB,900,28.80,16.37
2026-05-24,19:49,Bryce Harper,PHI,1050,28.80,15.27
2026-05-24,19:49,Paul Goldschmidt,NYY,2200,27.51,12.50
2026-05-24,19:49,Jarren Duran,BOS,1000,28.74,14.94
2026-05-24,19:49,J.P. Crawford,SEA,1800,27.41,13.04
2026-05-24,19:49,Liam Hicks,MIA,1050,28.80,15.55
2026-05-24,19:49,Randal Grichuk,CWS,575,29.84,20.34
2026-05-24,19:49,Luke Raley,SEA,750,28.76,17.40
2026-05-24,19:49,Alec Bohm,PHI,1800,27.41,12.09
2026-05-24,19:49,Bryson Stott,PHI,1700,27.51,11.33
2026-05-24,19:49,Trent Grisham,NYY,950,28.77,12.84
2026-05-24,19:49,Josh Bell,MIN,1150,28.80,11.41
2026-05-24,19:49,Jonathan Aranda,TB,1900,27.40,9.06
2026-05-24,19:49,Ryan Vilade,TB,1900,27.40,10.62
2026-05-24,19:49,Ryan McMahon,NYY,1100,28.69,11.38
2026-05-24,19:49,Mookie Betts,LAD,650,25.77,16.77
2026-05-24,19:49,Jazz Chisholm Jr.,NYY,1300,28.77,9.43
2026-05-24,19:49,A.J. Ewing,NYM,2200,27.51,8.82
2026-05-24,19:49,Marcus Semien,NYM,1800,27.41,8.14
2026-05-24,19:49,Carson Benge,NYM,1800,27.41,8.12
2026-05-24,19:49,Travis Bazzana,CLE,1700,27.51,9.42
2026-05-24,19:49,David Fry,CLE,1150,28.80,10.85
2026-05-24,19:49,Edmundo Sosa,PHI,2400,27.40,7.92
2026-05-24,19:49,Bo Bichette,NYM,1800,27.41,7.88
2026-05-24,19:49,Austin Martin,MIN,2400,27.40,7.24
2026-05-24,19:49,Tyrone Taylor,NYM,2200,27.51,7.36
2026-05-24,19:49,Brice Turang,MIL,850,23.40,12.99
2026-05-24,19:49,Aaron Judge,NYY,575,20.35,17.83
2026-05-24,19:49,Mark Vientos,NYM,1000,24.74,11.34
2026-05-24,19:49,Chase DeLauter,CLE,900,19.30,11.93
2026-05-24,19:49,Harrison Bader,SF,1000,20.67,10.97
2026-05-24,19:49,Victor Caratini,MIN,1900,27.40,6.70
2026-05-24,19:49,Orlando Arcia,MIN,1700,27.51,7.40
2026-05-24,19:49,Kody Clemens,MIN,1300,22.22,8.73
2026-05-24,19:49,Zach Dezenzo,HOU,1100,17.72,9.81
2026-05-24,19:49,Rhys Hoskins,CLE,850,14.66,12.07
2026-05-24,19:49,Ceddanne Rafaela,BOS,950,13.93,10.85
2026-05-24,19:49,Christian Walker,HOU,550,8.23,16.65
2026-05-24,19:50,Ben Rice,NYY,800,28.77,24.86
2026-05-24,19:50,Kyle Schwarber,PHI,650,29.78,25.25
2026-05-24,19:50,Yandy Díaz,TB,1900,27.40,14.88
2026-05-24,19:50,Michael Harris II,ATL,575,29.84,20.59
2026-05-24,19:50,Junior Caminero,TB,900,28.80,16.37
2026-05-24,19:50,Bryce Harper,PHI,1050,28.80,15.27
2026-05-24,19:50,Paul Goldschmidt,NYY,2200,27.51,12.50
2026-05-24,19:50,Jarren Duran,BOS,1000,28.74,14.94
2026-05-24,19:50,J.P. Crawford,SEA,1800,27.41,13.04
2026-05-24,19:50,Liam Hicks,MIA,1050,28.80,15.55
2026-05-24,19:50,Randal Grichuk,CWS,575,29.84,20.34
2026-05-24,19:50,Luke Raley,SEA,750,28.76,17.40
2026-05-24,19:50,Alec Bohm,PHI,1800,27.41,12.09
2026-05-24,19:50,Bryson Stott,PHI,1700,27.51,11.33
2026-05-24,19:50,Trent Grisham,NYY,950,28.77,12.84
2026-05-24,19:50,Josh Bell,MIN,1150,28.80,11.41
2026-05-24,19:50,Jonathan Aranda,TB,1900,27.40,9.06
2026-05-24,19:50,Ryan Vilade,TB,1900,27.40,10.62
2026-05-24,19:50,Ryan McMahon,NYY,1100,28.69,11.38
2026-05-24,19:50,Mookie Betts,LAD,650,25.77,16.77
2026-05-24,19:50,Jazz Chisholm Jr.,NYY,1300,28.77,9.43
2026-05-24,19:50,A.J. Ewing,NYM,2200,27.51,8.82
2026-05-24,19:50,Marcus Semien,NYM,1800,27.41,8.14
2026-05-24,19:50,Carson Benge,NYM,1800,27.41,8.12
2026-05-24,19:50,Travis Bazzana,CLE,1700,27.51,9.42
2026-05-24,19:50,David Fry,CLE,1150,28.80,10.85
2026-05-24,19:50,Edmundo Sosa,PHI,2400,27.40,7.92
2026-05-24,19:50,Bo Bichette,NYM,1800,27.41,7.88
2026-05-24,19:50,Austin Martin,MIN,2400,27.40,7.24
2026-05-24,19:50,Tyrone Taylor,NYM,2200,27.51,7.36
2026-05-24,19:50,Brice Turang,MIL,850,23.40,12.99
2026-05-24,19:50,Aaron Judge,NYY,575,20.35,17.83
2026-05-24,19:50,Mark Vientos,NYM,1000,24.74,11.34
2026-05-24,19:50,Chase DeLauter,CLE,900,19.30,11.93
2026-05-24,19:50,Harrison Bader,SF,1000,20.67,10.97
2026-05-24,19:50,Victor Caratini,MIN,1900,27.40,6.70
2026-05-24,19:50,Orlando Arcia,MIN,1700,27.51,7.40
2026-05-24,19:50,Kody Clemens,MIN,1300,22.22,8.73
2026-05-24,19:50,Zach Dezenzo,HOU,1100,17.72,9.81
2026-05-24,19:50,Rhys Hoskins,CLE,850,14.66,12.07
2026-05-24,19:50,Ceddanne Rafaela,BOS,950,13.93,10.85
2026-05-24,19:50,Christian Walker,HOU,550,8.23,16.65
2026-05-24,19:50,Ben Rice,NYY,800,28.77,24.86
2026-05-24,19:50,Kyle Schwarber,PHI,650,29.78,25.25
2026-05-24,19:50,Yandy Díaz,TB,1900,27.40,14.88
2026-05-24,19:50,Michael Harris II,ATL,575,29.84,20.59
2026-05-24,19:50,Junior Caminero,TB,900,28.80,16.37
2026-05-24,19:50,Bryce Harper,PHI,1050,28.80,15.27
2026-05-24,19:50,Paul Goldschmidt,NYY,2200,27.51,12.50
2026-05-24,19:50,Jarren Duran,BOS,1000,28.74,14.94
2026-05-24,19:50,J.P. Crawford,SEA,1800,27.41,13.04
2026-05-24,19:50,Liam Hicks,MIA,1050,28.80,15.55
2026-05-24,19:50,Randal Grichuk,CWS,575,29.84,20.34
2026-05-24,19:50,Luke Raley,SEA,750,28.76,17.40
2026-05-24,19:50,Alec Bohm,PHI,1800,27.41,12.09
2026-05-24,19:50,Bryson Stott,PHI,1700,27.51,11.33
2026-05-24,19:50,Trent Grisham,NYY,950,28.77,12.84
2026-05-24,19:50,Josh Bell,MIN,1150,28.80,11.41
2026-05-24,19:50,Jonathan Aranda,TB,1900,27.40,9.06
2026-05-24,19:50,Ryan Vilade,TB,1900,27.40,10.62
2026-05-24,19:50,Ryan McMahon,NYY,1100,28.69,11.38
2026-05-24,19:50,Mookie Betts,LAD,650,25.77,16.77
2026-05-24,19:50,Jazz Chisholm Jr.,NYY,1300,28.77,9.43
2026-05-24,19:50,A.J. Ewing,NYM,2200,27.51,8.82
2026-05-24,19:50,Marcus Semien,NYM,1800,27.41,8.14
2026-05-24,19:50,Carson Benge,NYM,1800,27.41,8.12
2026-05-24,19:50,Travis Bazzana,CLE,1700,27.51,9.42
2026-05-24,19:50,David Fry,CLE,1150,28.80,10.85
2026-05-24,19:50,Edmundo Sosa,PHI,2400,27.40,7.92
2026-05-24,19:50,Bo Bichette,NYM,1800,27.41,7.88
2026-05-24,19:50,Austin Martin,MIN,2400,27.40,7.24
2026-05-24,19:50,Tyrone Taylor,NYM,2200,27.51,7.36
2026-05-24,19:50,Brice Turang,MIL,850,23.40,12.99
2026-05-24,19:50,Aaron Judge,NYY,575,20.35,17.83
2026-05-24,19:50,Mark Vientos,NYM,1000,24.74,11.34
2026-05-24,19:50,Chase DeLauter,CLE,900,19.30,11.93
2026-05-24,19:50,Harrison Bader,SF,1000,20.67,10.97
2026-05-24,19:50,Victor Caratini,MIN,1900,27.40,6.70
2026-05-24,19:50,Orlando Arcia,MIN,1700,27.51,7.40
2026-05-24,19:50,Kody Clemens,MIN,1300,22.22,8.73
2026-05-24,19:50,Zach Dezenzo,HOU,1100,17.72,9.81
2026-05-24,19:50,Rhys Hoskins,CLE,850,14.66,12.07
2026-05-24,19:50,Ceddanne Rafaela,BOS,950,13.93,10.85
2026-05-24,19:50,Christian Walker,HOU,550,8.23,16.65
2026-05-24,22:09,Michael Harris II,ATL,1100,28.69,20.37
2026-05-24,22:09,Miguel Vargas,CWS,750,28.76,21.13
2026-05-24,22:09,Matt Olson,ATL,1150,28.80,16.46
2026-05-24,22:09,TJ Rumfield,COL,1300,28.77,16.05
2026-05-24,22:09,Dylan Crews,WSH,2400,27.40,12.13
2026-05-24,22:09,James Wood,WSH,1200,28.67,14.73
2026-05-24,22:09,Corbin Carroll,AZ,2800,27.48,10.44
2026-05-24,22:09,Zack Gelof,ATH,2800,27.48,11.97
2026-05-24,22:09,Curtis Mead,WSH,2900,27.68,11.57
2026-05-24,22:09,CJ Abrams,WSH,2400,27.40,10.79
2026-05-24,22:09,Harrison Bader,SF,2900,27.68,11.67
2026-05-24,22:09,Ketel Marte,AZ,1800,27.41,11.27
2026-05-24,22:09,Shea Langeliers,ATH,1000,28.74,13.94
2026-05-24,22:09,Xander Bogaerts,SD,2400,27.40,10.27
2026-05-24,22:09,Nolan Arenado,AZ,1700,27.51,11.44
2026-05-24,22:09,Jacob Young,WSH,2400,27.40,10.21
2026-05-24,22:09,Jake McCarthy,COL,1900,27.40,9.71
2026-05-24,22:09,Miguel Andujar,SD,1800,27.41,11.64
2026-05-24,22:09,Eli White,ATL,1900,27.40,10.81
2026-05-24,22:09,Andrés Chaparro,WSH,2900,27.68,9.41
2026-05-24,22:09,Ildemaro Vargas,AZ,1900,27.40,9.36
2026-05-24,22:09,Daylen Lile,WSH,1800,27.41,8.84
2026-05-24,22:09,Sterlin Thompson,COL,2200,27.51,9.50
2026-05-24,22:09,Ryan Waldschmidt,AZ,3400,27.40,7.10
2026-05-24,22:09,Manny Machado,SD,1100,28.69,11.21
2026-05-24,22:09,Aramis Garcia,AZ,2900,27.68,9.05
2026-05-24,22:09,Mauricio Dubón,ATL,2900,27.68,6.14
2026-05-24,22:09,Daniel Susac,SF,2900,27.68,6.65
2026-05-24,22:09,Jonah Heim,ATH,2400,27.40,7.04
2026-05-24,22:09,Ha-Seong Kim,ATL,1900,27.40,7.15
2026-05-24,22:09,Geraldo Perdomo,AZ,3400,27.40,4.69
2026-05-24,22:09,Tyler Freeman,COL,2400,27.40,5.89
2026-05-24,22:09,Ozzie Albies,ATL,1150,21.88,9.75
2026-05-24,22:10,Michael Harris II,ATL,1100,28.69,20.37
2026-05-24,22:10,Miguel Vargas,CWS,750,28.76,21.13
2026-05-24,22:10,Matt Olson,ATL,1150,28.80,16.46
2026-05-24,22:10,TJ Rumfield,COL,1300,28.77,16.05
2026-05-24,22:10,Dylan Crews,WSH,2400,27.40,12.13
2026-05-24,22:10,James Wood,WSH,1200,28.67,14.73
2026-05-24,22:10,Corbin Carroll,AZ,2800,27.48,10.44
2026-05-24,22:10,Zack Gelof,ATH,2800,27.48,11.97
2026-05-24,22:10,Curtis Mead,WSH,2900,27.68,11.57
2026-05-24,22:10,CJ Abrams,WSH,2400,27.40,10.79
2026-05-24,22:10,Harrison Bader,SF,2900,27.68,11.67
2026-05-24,22:10,Ketel Marte,AZ,1800,27.41,11.27
2026-05-24,22:10,Shea Langeliers,ATH,1000,28.74,13.94
2026-05-24,22:10,Xander Bogaerts,SD,2400,27.40,10.27
2026-05-24,22:10,Nolan Arenado,AZ,1700,27.51,11.44
2026-05-24,22:10,Jacob Young,WSH,2400,27.40,10.21
2026-05-24,22:10,Jake McCarthy,COL,1900,27.40,9.71
2026-05-24,22:10,Miguel Andujar,SD,1800,27.41,11.64
2026-05-24,22:10,Eli White,ATL,1900,27.40,10.81
2026-05-24,22:10,Andrés Chaparro,WSH,2900,27.68,9.41
2026-05-24,22:10,Ildemaro Vargas,AZ,1900,27.40,9.36
2026-05-24,22:10,Daylen Lile,WSH,1800,27.41,8.84
2026-05-24,22:10,Sterlin Thompson,COL,2200,27.51,9.50
2026-05-24,22:10,Ryan Waldschmidt,AZ,3400,27.40,7.10
2026-05-24,22:10,Manny Machado,SD,1100,28.69,11.21
2026-05-24,22:10,Aramis Garcia,AZ,2900,27.68,9.05
2026-05-24,22:10,Mauricio Dubón,ATL,2900,27.68,6.14
2026-05-24,22:10,Daniel Susac,SF,2900,27.68,6.65
2026-05-24,22:10,Jonah Heim,ATH,2400,27.40,7.04
2026-05-24,22:10,Ha-Seong Kim,ATL,1900,27.40,7.15
2026-05-24,22:10,Geraldo Perdomo,AZ,3400,27.40,4.69
2026-05-24,22:10,Tyler Freeman,COL,2400,27.40,5.89
2026-05-24,22:10,Ozzie Albies,ATL,1150,21.88,9.75
2026-05-24,22:11,Michael Harris II,ATL,1100,28.69,20.37
2026-05-24,22:11,Miguel Vargas,CWS,750,28.76,21.13
2026-05-24,22:11,Matt Olson,ATL,1150,28.80,16.46
2026-05-24,22:11,TJ Rumfield,COL,1300,28.77,16.05
2026-05-24,22:11,Dylan Crews,WSH,2400,27.40,12.13
2026-05-24,22:11,James Wood,WSH,1200,28.67,14.73
2026-05-24,22:11,Corbin Carroll,AZ,2800,27.48,10.44
2026-05-24,22:11,Zack Gelof,ATH,2800,27.48,11.97
2026-05-24,22:11,Curtis Mead,WSH,2900,27.68,11.57
2026-05-24,22:11,CJ Abrams,WSH,2400,27.40,10.79
2026-05-24,22:11,Harrison Bader,SF,2900,27.68,11.67
2026-05-24,22:11,Ketel Marte,AZ,1800,27.41,11.27
2026-05-24,22:11,Shea Langeliers,ATH,1000,28.74,13.94
2026-05-24,22:11,Xander Bogaerts,SD,2400,27.40,10.27
2026-05-24,22:11,Nolan Arenado,AZ,1700,27.51,11.44
2026-05-24,22:11,Jacob Young,WSH,2400,27.40,10.21
2026-05-24,22:11,Jake McCarthy,COL,1900,27.40,9.71
2026-05-24,22:11,Miguel Andujar,SD,1800,27.41,11.64
2026-05-24,22:11,Eli White,ATL,1900,27.40,10.81
2026-05-24,22:11,Andrés Chaparro,WSH,2900,27.68,9.41
2026-05-24,22:11,Ildemaro Vargas,AZ,1900,27.40,9.36
2026-05-24,22:11,Daylen Lile,WSH,1800,27.41,8.84
2026-05-24,22:11,Sterlin Thompson,COL,2200,27.51,9.50
2026-05-24,22:11,Ryan Waldschmidt,AZ,3400,27.40,7.10
2026-05-24,22:11,Manny Machado,SD,1100,28.69,11.21
2026-05-24,22:11,Aramis Garcia,AZ,2900,27.68,9.05
2026-05-24,22:11,Mauricio Dubón,ATL,2900,27.68,6.14
2026-05-24,22:11,Daniel Susac,SF,2900,27.68,6.65
2026-05-24,22:11,Jonah Heim,ATH,2400,27.40,7.04
2026-05-24,22:11,Ha-Seong Kim,ATL,1900,27.40,7.15
2026-05-24,22:11,Geraldo Perdomo,AZ,3400,27.40,4.69
2026-05-24,22:11,Tyler Freeman,COL,2400,27.40,5.89
2026-05-24,22:11,Ozzie Albies,ATL,1150,21.88,9.75
2026-05-24,22:11,Michael Harris II,ATL,1100,28.69,20.37
2026-05-24,22:11,Miguel Vargas,CWS,750,28.76,21.13
2026-05-24,22:11,Matt Olson,ATL,1150,28.80,16.46
2026-05-24,22:11,TJ Rumfield,COL,1300,28.77,16.05
2026-05-24,22:11,Dylan Crews,WSH,2400,27.40,12.13
2026-05-24,22:11,James Wood,WSH,1200,28.67,14.73
2026-05-24,22:11,Corbin Carroll,AZ,2800,27.48,10.44
2026-05-24,22:11,Zack Gelof,ATH,2800,27.48,11.97
2026-05-24,22:11,Curtis Mead,WSH,2900,27.68,11.57
2026-05-24,22:11,CJ Abrams,WSH,2400,27.40,10.79
2026-05-24,22:11,Harrison Bader,SF,2900,27.68,11.67
2026-05-24,22:11,Ketel Marte,AZ,1800,27.41,11.27
2026-05-24,22:11,Shea Langeliers,ATH,1000,28.74,13.94
2026-05-24,22:11,Xander Bogaerts,SD,2400,27.40,10.27
2026-05-24,22:11,Nolan Arenado,AZ,1700,27.51,11.44
2026-05-24,22:11,Jacob Young,WSH,2400,27.40,10.21
2026-05-24,22:11,Jake McCarthy,COL,1900,27.40,9.71
2026-05-24,22:11,Miguel Andujar,SD,1800,27.41,11.64
2026-05-24,22:11,Eli White,ATL,1900,27.40,10.81
2026-05-24,22:11,Andrés Chaparro,WSH,2900,27.68,9.41
2026-05-24,22:11,Ildemaro Vargas,AZ,1900,27.40,9.36
2026-05-24,22:11,Daylen Lile,WSH,1800,27.41,8.84
2026-05-24,22:11,Sterlin Thompson,COL,2200,27.51,9.50
2026-05-24,22:11,Ryan Waldschmidt,AZ,3400,27.40,7.10
2026-05-24,22:11,Manny Machado,SD,1100,28.69,11.21
2026-05-24,22:11,Aramis Garcia,AZ,2900,27.68,9.05
2026-05-24,22:11,Mauricio Dubón,ATL,2900,27.68,6.14
2026-05-24,22:11,Daniel Susac,SF,2900,27.68,6.65
2026-05-24,22:11,Jonah Heim,ATH,2400,27.40,7.04
2026-05-24,22:11,Ha-Seong Kim,ATL,1900,27.40,7.15
2026-05-24,22:11,Geraldo Perdomo,AZ,3400,27.40,4.69
2026-05-24,22:11,Tyler Freeman,COL,2400,27.40,5.89
2026-05-24,22:11,Ozzie Albies,ATL,1150,21.88,9.75
2026-05-24,22:11,Michael Harris II,ATL,1100,28.69,20.37
2026-05-24,22:11,Miguel Vargas,CWS,750,28.76,21.13
2026-05-24,22:11,Matt Olson,ATL,1150,28.80,16.46
2026-05-24,22:11,TJ Rumfield,COL,1300,28.77,16.05
2026-05-24,22:11,Dylan Crews,WSH,2400,27.40,12.13
2026-05-24,22:11,James Wood,WSH,1200,28.67,14.73
2026-05-24,22:11,Corbin Carroll,AZ,2800,27.48,10.44
2026-05-24,22:11,Zack Gelof,ATH,2800,27.48,11.97
2026-05-24,22:11,Curtis Mead,WSH,2900,27.68,11.57
2026-05-24,22:11,CJ Abrams,WSH,2400,27.40,10.79
2026-05-24,22:11,Harrison Bader,SF,2900,27.68,11.67
2026-05-24,22:11,Ketel Marte,AZ,1800,27.41,11.27
2026-05-24,22:11,Shea Langeliers,ATH,1000,28.74,13.94
2026-05-24,22:11,Xander Bogaerts,SD,2400,27.40,10.27
2026-05-24,22:11,Nolan Arenado,AZ,1700,27.51,11.44
2026-05-24,22:11,Jacob Young,WSH,2400,27.40,10.21
2026-05-24,22:11,Jake McCarthy,COL,1900,27.40,9.71
2026-05-24,22:11,Miguel Andujar,SD,1800,27.41,11.64
2026-05-24,22:11,Eli White,ATL,1900,27.40,10.81
2026-05-24,22:11,Andrés Chaparro,WSH,2900,27.68,9.41
2026-05-24,22:11,Ildemaro Vargas,AZ,1900,27.40,9.36
2026-05-24,22:11,Daylen Lile,WSH,1800,27.41,8.84
2026-05-24,22:11,Sterlin Thompson,COL,2200,27.51,9.50
2026-05-24,22:11,Ryan Waldschmidt,AZ,3400,27.40,7.10
2026-05-24,22:11,Manny Machado,SD,1100,28.69,11.21
2026-05-24,22:11,Aramis Garcia,AZ,2900,27.68,9.05
2026-05-24,22:11,Mauricio Dubón,ATL,2900,27.68,6.14
2026-05-24,22:11,Daniel Susac,SF,2900,27.68,6.65
2026-05-24,22:11,Jonah Heim,ATH,2400,27.40,7.04
2026-05-24,22:11,Ha-Seong Kim,ATL,1900,27.40,7.15
2026-05-24,22:11,Geraldo Perdomo,AZ,3400,27.40,4.69
2026-05-24,22:11,Tyler Freeman,COL,2400,27.40,5.89
2026-05-24,22:11,Ozzie Albies,ATL,1150,21.88,9.75
2026-05-26,19:36,Munetaka Murakami,CWS,700,29.81,19.50
2026-05-26,19:36,James Wood,WSH,1200,28.67,12.80
2026-05-26,19:36,Curtis Mead,WSH,2900,27.68,11.36
2026-05-26,19:36,Michael Harris II,ATL,1100,28.69,13.28
2026-05-26,19:36,CJ Abrams,WSH,2400,27.40,10.11
2026-05-26,19:36,Shea Langeliers,ATH,1000,28.74,13.91
2026-05-26,19:36,Ty France,SD,800,28.77,15.94
2026-05-26,19:36,Zack Gelof,ATH,2800,27.48,10.78
2026-05-26,19:36,Jacob Young,WSH,2400,27.40,9.35
2026-05-26,19:36,Xander Bogaerts,SD,2400,27.40,9.21
2026-05-26,19:36,Dylan Crews,WSH,2400,27.40,9.39
2026-05-26,19:36,Colson Montgomery,CWS,1000,28.74,12.69
2026-05-26,19:36,Matt Olson,ATL,1150,28.80,11.09
2026-05-26,19:36,Rodolfo Durán,SD,1700,27.51,9.78
2026-05-26,19:36,Andrés Chaparro,WSH,2900,27.68,7.96
2026-05-26,19:36,Harrison Bader,SF,2900,27.68,8.69
2026-05-26,19:36,Miguel Andujar,SD,1800,27.41,9.72
2026-05-26,19:36,Eli White,ATL,1900,27.40,8.88
2026-05-26,19:36,Tristan Peters,CWS,3400,27.40,6.71
2026-05-26,19:36,TJ Rumfield,COL,1300,28.77,9.36
2026-05-26,19:36,Sterlin Thompson,COL,2200,27.51,7.64
2026-05-26,19:36,Nolan Arenado,AZ,1700,27.51,7.92
2026-05-26,19:36,Aramis Garcia,AZ,2900,27.68,6.78
2026-05-26,19:36,Jake McCarthy,COL,1900,27.40,7.10
2026-05-26,19:36,Jose Fernandez,AZ,2900,27.68,5.62
2026-05-26,19:36,Miguel Vargas,CWS,750,13.65,13.37
2026-05-26,19:36,Tyler Freeman,COL,2400,27.40,5.80
2026-05-26,19:36,Ryan Waldschmidt,AZ,3400,27.40,4.79
2026-05-26,19:36,Jeff McNeil,ATH,3400,27.40,4.98
2026-05-26,19:39,Munetaka Murakami,CWS,700,29.81,19.50
2026-05-26,19:39,James Wood,WSH,1200,28.67,12.80
2026-05-26,19:39,Curtis Mead,WSH,2900,27.68,11.36
2026-05-26,19:39,Michael Harris II,ATL,1100,28.69,13.28
2026-05-26,19:39,CJ Abrams,WSH,2400,27.40,10.11
2026-05-26,19:39,Shea Langeliers,ATH,1000,28.74,13.91
2026-05-26,19:39,Ty France,SD,800,28.77,15.94
2026-05-26,19:39,Zack Gelof,ATH,2800,27.48,10.78
2026-05-26,19:39,Jacob Young,WSH,2400,27.40,9.35
2026-05-26,19:39,Xander Bogaerts,SD,2400,27.40,9.21
2026-05-26,19:39,Dylan Crews,WSH,2400,27.40,9.39
2026-05-26,19:39,Colson Montgomery,CWS,1000,28.74,12.69
2026-05-26,19:39,Matt Olson,ATL,1150,28.80,11.09
2026-05-26,19:39,Rodolfo Durán,SD,1700,27.51,9.78
2026-05-26,19:39,Andrés Chaparro,WSH,2900,27.68,7.96
2026-05-26,19:39,Harrison Bader,SF,2900,27.68,8.69
2026-05-26,19:39,Miguel Andujar,SD,1800,27.41,9.72
2026-05-26,19:39,Eli White,ATL,1900,27.40,8.88
2026-05-26,19:39,Tristan Peters,CWS,3400,27.40,6.71
2026-05-26,19:39,TJ Rumfield,COL,1300,28.77,9.36
2026-05-26,19:39,Sterlin Thompson,COL,2200,27.51,7.64
2026-05-26,19:39,Nolan Arenado,AZ,1700,27.51,7.92
2026-05-26,19:39,Aramis Garcia,AZ,2900,27.68,6.78
2026-05-26,19:39,Jake McCarthy,COL,1900,27.40,7.10
2026-05-26,19:39,Jose Fernandez,AZ,2900,27.68,5.62
2026-05-26,19:39,Miguel Vargas,CWS,750,13.65,13.37
2026-05-26,19:39,Tyler Freeman,COL,2400,27.40,5.80
2026-05-26,19:39,Ryan Waldschmidt,AZ,3400,27.40,4.79
2026-05-26,19:39,Jeff McNeil,ATH,3400,27.40,4.98
2026-05-26,19:40,Munetaka Murakami,CWS,700,29.81,19.50
2026-05-26,19:40,James Wood,WSH,1200,28.67,12.80
2026-05-26,19:40,Curtis Mead,WSH,2900,27.68,11.36
2026-05-26,19:40,Michael Harris II,ATL,1100,28.69,13.28
2026-05-26,19:40,CJ Abrams,WSH,2400,27.40,10.11
2026-05-26,19:40,Shea Langeliers,ATH,1000,28.74,13.91
2026-05-26,19:40,Ty France,SD,800,28.77,15.94
2026-05-26,19:40,Zack Gelof,ATH,2800,27.48,10.78
2026-05-26,19:40,Jacob Young,WSH,2400,27.40,9.35
2026-05-26,19:40,Xander Bogaerts,SD,2400,27.40,9.21
2026-05-26,19:40,Dylan Crews,WSH,2400,27.40,9.39
2026-05-26,19:40,Colson Montgomery,CWS,1000,28.74,12.69
2026-05-26,19:40,Matt Olson,ATL,1150,28.80,11.09
2026-05-26,19:40,Rodolfo Durán,SD,1700,27.51,9.78
2026-05-26,19:40,Andrés Chaparro,WSH,2900,27.68,7.96
2026-05-26,19:40,Harrison Bader,SF,2900,27.68,8.69
2026-05-26,19:40,Miguel Andujar,SD,1800,27.41,9.72
2026-05-26,19:40,Eli White,ATL,1900,27.40,8.88
2026-05-26,19:40,Tristan Peters,CWS,3400,27.40,6.71
2026-05-26,19:40,TJ Rumfield,COL,1300,28.77,9.36
2026-05-26,19:40,Sterlin Thompson,COL,2200,27.51,7.64
2026-05-26,19:40,Nolan Arenado,AZ,1700,27.51,7.92
2026-05-26,19:40,Aramis Garcia,AZ,2900,27.68,6.78
2026-05-26,19:40,Jake McCarthy,COL,1900,27.40,7.10
2026-05-26,19:40,Jose Fernandez,AZ,2900,27.68,5.62
2026-05-26,19:40,Miguel Vargas,CWS,750,13.65,13.37
2026-05-26,19:40,Tyler Freeman,COL,2400,27.40,5.80
2026-05-26,19:40,Ryan Waldschmidt,AZ,3400,27.40,4.79
2026-05-26,19:40,Jeff McNeil,ATH,3400,27.40,4.98
2026-05-26,19:56,Munetaka Murakami,CWS,700,29.81,19.50
2026-05-26,19:56,James Wood,WSH,1200,28.67,12.80
2026-05-26,19:56,Curtis Mead,WSH,2900,27.68,11.36
2026-05-26,19:56,Michael Harris II,ATL,1100,28.69,13.28
2026-05-26,19:56,CJ Abrams,WSH,2400,27.40,10.11
2026-05-26,19:56,Shea Langeliers,ATH,1000,28.74,13.91
2026-05-26,19:56,Ty France,SD,800,28.77,15.94
2026-05-26,19:56,Zack Gelof,ATH,2800,27.48,10.78
2026-05-26,19:56,Jacob Young,WSH,2400,27.40,9.35
2026-05-26,19:56,Xander Bogaerts,SD,2400,27.40,9.21
2026-05-26,19:56,Dylan Crews,WSH,2400,27.40,9.39
2026-05-26,19:56,Colson Montgomery,CWS,1000,28.74,12.69
2026-05-26,19:56,Matt Olson,ATL,1150,28.80,11.09
2026-05-26,19:56,Rodolfo Durán,SD,1700,27.51,9.78
2026-05-26,19:56,Andrés Chaparro,WSH,2900,27.68,7.96
2026-05-26,19:56,Harrison Bader,SF,2900,27.68,8.69
2026-05-26,19:56,Miguel Andujar,SD,1800,27.41,9.72
2026-05-26,19:56,Eli White,ATL,1900,27.40,8.88
2026-05-26,19:56,Tristan Peters,CWS,3400,27.40,6.71
2026-05-26,19:56,TJ Rumfield,COL,1300,28.77,9.36
2026-05-26,19:56,Sterlin Thompson,COL,2200,27.51,7.64
2026-05-26,19:56,Nolan Arenado,AZ,1700,27.51,7.92
2026-05-26,19:56,Aramis Garcia,AZ,2900,27.68,6.78
2026-05-26,19:56,Jake McCarthy,COL,1900,27.40,7.10
2026-05-26,19:56,Jose Fernandez,AZ,2900,27.68,5.62
2026-05-26,19:56,Miguel Vargas,CWS,750,13.65,13.37
2026-05-26,19:56,Tyler Freeman,COL,2400,27.40,5.80
2026-05-26,19:56,Ryan Waldschmidt,AZ,3400,27.40,4.79
2026-05-26,19:56,Jeff McNeil,ATH,3400,27.40,4.98
2026-05-27,01:27,Ben Rice,NYY,850,28.74,23.48
2026-05-27,01:27,Jordan Walker,STL,1050,28.80,21.38
2026-05-27,01:27,Paul Goldschmidt,NYY,900,28.80,21.42
2026-05-27,01:27,Christian Walker,HOU,525,29.85,21.47
2026-05-27,01:27,Ty France,SD,600,29.85,18.59
2026-05-27,01:27,Brice Turang,MIL,1300,28.77,12.52
2026-05-27,01:27,Christian Yelich,MIL,1800,27.41,12.97
2026-05-27,01:27,Justin Foscue,TEX,1700,27.51,11.83
2026-05-27,01:27,Iván Herrera,STL,1800,27.41,10.00
2026-05-27,01:27,Jac Caglianone,KC,1800,27.41,9.10
2026-05-27,01:27,William Contreras,MIL,1900,27.40,8.81
2026-05-27,01:27,JJ Wetherholt,STL,1900,27.40,9.25
2026-05-27,01:27,Alec Burleson,STL,2400,27.40,7.80
2026-05-27,01:27,Ezequiel Duran,TEX,1150,28.80,10.45
2026-05-27,01:27,Jake Burger,TEX,600,24.18,17.74
2026-05-27,01:27,José Fermín,STL,3300,27.57,7.84
2026-05-27,01:27,Braden Shewmake,HOU,1100,28.69,10.89
2026-05-27,01:27,Bryan Torres,STL,1800,27.41,8.74
2026-05-27,01:27,Isaac Paredes,HOU,1000,23.64,11.24
2026-05-27,01:27,Jackson Chourio,MIL,1000,22.76,11.16
2026-05-27,01:27,Salvador Perez,KC,950,22.22,11.64
2026-05-27,01:27,Trent Grisham,NYY,900,19.30,11.93
2026-05-27,01:27,Aaron Judge,NYY,450,13.13,20.57
2026-05-27,01:27,Sal Frelick,MIL,3300,27.57,4.69
2026-05-27,01:44,Ben Rice,NYY,850,28.74,23.48
2026-05-27,01:44,Jordan Walker,STL,1050,28.80,21.38
2026-05-27,01:44,Paul Goldschmidt,NYY,900,28.80,21.42
2026-05-27,01:44,Christian Walker,HOU,525,29.85,21.47
2026-05-27,01:44,Ty France,SD,600,29.85,18.59
2026-05-27,01:44,Brice Turang,MIL,1300,28.77,12.52
2026-05-27,01:44,Christian Yelich,MIL,1800,27.41,12.97
2026-05-27,01:44,Justin Foscue,TEX,1700,27.51,11.83
2026-05-27,01:44,Iván Herrera,STL,1800,27.41,10.00
2026-05-27,01:44,Jac Caglianone,KC,1800,27.41,9.10
2026-05-27,01:44,William Contreras,MIL,1900,27.40,8.81
2026-05-27,01:44,JJ Wetherholt,STL,1900,27.40,9.25
2026-05-27,01:44,Alec Burleson,STL,2400,27.40,7.80
2026-05-27,01:44,Ezequiel Duran,TEX,1150,28.80,10.45
2026-05-27,01:44,Jake Burger,TEX,600,24.18,17.74
2026-05-27,01:44,José Fermín,STL,3300,27.57,7.84
2026-05-27,01:44,Braden Shewmake,HOU,1100,28.69,10.89
2026-05-27,01:44,Bryan Torres,STL,1800,27.41,8.74
2026-05-27,01:44,Isaac Paredes,HOU,1000,23.64,11.24
2026-05-27,01:44,Jackson Chourio,MIL,1000,22.76,11.16
2026-05-27,01:44,Salvador Perez,KC,950,22.22,11.64
2026-05-27,01:44,Trent Grisham,NYY,900,19.30,11.93
2026-05-27,01:44,Aaron Judge,NYY,450,13.13,20.57
2026-05-27,01:44,Sal Frelick,MIL,3300,27.57,4.69
2026-05-27,15:39,Curtis Mead,WSH,1000,28.74,16.80
2026-05-27,15:39,Casey Schmitt,SF,750,28.76,15.92
2026-05-27,15:39,Liam Hicks,MIA,800,24.74,13.86
2026-05-27,15:39,Ernie Clement,TOR,1150,23.37,9.87
2026-05-27,15:39,Jake Meyers,HOU,1000,23.31,11.21
2026-05-27,15:39,James Wood,WSH,450,13.80,20.69
2026-05-27,15:39,Miguel Vargas,CWS,460,11.66,19.94
2026-05-27,15:39,Michael Harris II,ATL,550,10.30,16.97
2026-05-27,15:39,Jordan Walker,STL,450,8.63,19.75
2026-05-27,15:39,Curtis Mead,WSH,1000,28.74,16.80
2026-05-27,15:39,Casey Schmitt,SF,750,28.76,15.92
2026-05-27,15:39,Liam Hicks,MIA,800,24.74,13.86
2026-05-27,15:39,Ernie Clement,TOR,1150,23.37,9.87
2026-05-27,15:39,Jake Meyers,HOU,1000,23.31,11.21
2026-05-27,15:39,James Wood,WSH,450,13.80,20.69
2026-05-27,15:39,Miguel Vargas,CWS,460,11.66,19.94
2026-05-27,15:39,Michael Harris II,ATL,550,10.30,16.97
2026-05-27,15:39,Jordan Walker,STL,450,8.63,19.75
2026-05-27,17:21,James Wood,WSH,550,29.86,22.29
2026-05-27,17:21,Curtis Mead,WSH,1150,28.80,17.05
2026-05-27,17:21,Casey Schmitt,SF,575,29.84,20.99
2026-05-27,17:21,Liam Hicks,MIA,850,33.09,14.01
2026-05-27,17:21,CJ Abrams,WSH,650,26.15,16.82
2026-05-27,17:21,Jake Meyers,HOU,1000,23.31,11.21
2026-05-27,17:21,Miguel Vargas,CWS,460,11.66,19.94
2026-05-27,17:21,Michael Harris II,ATL,550,9.92,16.91
2026-05-27,17:21,Bryan Torres,STL,1150,21.50,9.72
2026-05-27,17:21,Daylen Lile,WSH,750,10.41,12.99
2026-05-27,17:21,Jordan Walker,STL,450,6.37,19.34
2026-05-27,17:40,Curtis Mead,WSH,1150,28.80,16.98
2026-05-27,17:40,James Wood,WSH,550,29.86,22.17
2026-05-27,17:40,Casey Schmitt,SF,575,29.84,21.04
2026-05-27,17:40,Liam Hicks,MIA,850,33.00,14.00
2026-05-27,17:40,CJ Abrams,WSH,650,25.55,16.74
2026-05-27,17:40,Jake Meyers,HOU,1000,23.31,11.21
2026-05-27,17:40,Miguel Vargas,CWS,460,11.66,19.94
2026-05-27,17:40,Michael Harris II,ATL,550,9.72,16.88
2026-05-27,17:40,Bryan Torres,STL,1150,21.88,9.75
2026-05-27,17:40,Daylen Lile,WSH,750,9.65,12.90
2026-05-27,17:40,Jordan Walker,STL,450,6.75,19.41
2026-05-27,18:00,Curtis Mead,WSH,1150,28.80,16.98
2026-05-27,18:00,James Wood,WSH,550,29.86,22.17
2026-05-27,18:00,Casey Schmitt,SF,575,29.84,21.04
2026-05-27,18:00,Liam Hicks,MIA,850,33.00,14.00
2026-05-27,18:00,CJ Abrams,WSH,650,25.55,16.74
2026-05-27,18:00,Jake Meyers,HOU,1000,23.31,11.21
2026-05-27,18:00,Miguel Vargas,CWS,460,11.66,19.94
2026-05-27,18:00,Michael Harris II,ATL,550,9.72,16.88
2026-05-27,18:00,Bryan Torres,STL,1150,21.88,9.75
2026-05-27,18:00,Daylen Lile,WSH,750,9.65,12.90
2026-05-27,18:00,Jordan Walker,STL,450,6.75,19.41
2026-05-27,18:01,Curtis Mead,WSH,1150,28.80,16.56
2026-05-27,18:01,James Wood,WSH,550,29.86,21.45
2026-05-27,18:01,Casey Schmitt,SF,575,29.84,20.79
2026-05-27,18:01,Liam Hicks,MIA,850,32.24,13.92
2026-05-27,18:01,CJ Abrams,WSH,650,21.20,16.16
2026-05-27,18:01,Bryan Torres,STL,1150,25.25,10.02
2026-05-27,18:01,Jake Meyers,HOU,1000,23.31,11.21
2026-05-27,18:01,Miguel Vargas,CWS,460,11.66,19.94
2026-05-27,18:01,Jordan Walker,STL,450,8.90,19.80
2026-05-27,18:01,Michael Harris II,ATL,550,7.51,16.54
2026-05-27,18:02,Curtis Mead,WSH,1150,28.80,16.56
2026-05-27,18:02,James Wood,WSH,550,29.86,21.45
2026-05-27,18:02,Casey Schmitt,SF,575,29.84,20.79
2026-05-27,18:02,Liam Hicks,MIA,850,32.24,13.92
2026-05-27,18:02,CJ Abrams,WSH,650,21.20,16.16
2026-05-27,18:02,Bryan Torres,STL,1150,25.25,10.02
2026-05-27,18:02,Jake Meyers,HOU,1000,23.31,11.21
2026-05-27,18:02,Miguel Vargas,CWS,460,11.66,19.94
2026-05-27,18:02,Jordan Walker,STL,450,8.90,19.80
2026-05-27,18:02,Michael Harris II,ATL,550,7.51,16.54
2026-05-29,10:12,Casey Schmitt,SF,575,29.84,21.03
2026-05-29,10:12,Michael Harris II,ATL,550,28.31,19.74
2026-05-29,10:12,Curtis Mead,WSH,1150,28.80,12.27
2026-05-29,10:12,Jacob Young,WSH,1100,28.69,11.97
2026-05-29,10:12,Dillon Dingler,DET,700,24.64,15.58
2026-05-29,10:12,Gavin Sheets,SD,900,25.30,12.53
2026-05-29,10:12,Amed Rosario,NYY,800,19.34,13.26
2026-05-29,10:12,Ramón Laureano,SD,950,18.44,11.28
2026-05-29,10:12,Gage Workman,DET,900,12.00,11.20
2026-05-29,10:12,Jordan Walker,STL,450,7.19,19.49
2026-05-29,10:39,Casey Schmitt,SF,575,29.84,21.03
2026-05-29,10:39,Michael Harris II,ATL,550,28.31,19.74
2026-05-29,10:39,Curtis Mead,WSH,1150,28.80,12.27
2026-05-29,10:39,Jacob Young,WSH,1100,28.69,11.97
2026-05-29,10:39,Dillon Dingler,DET,700,24.64,15.58
2026-05-29,10:39,Gavin Sheets,SD,900,25.30,12.53
2026-05-29,10:39,Amed Rosario,NYY,800,19.34,13.26
2026-05-29,10:39,Ramón Laureano,SD,950,18.44,11.28
2026-05-29,10:39,Gage Workman,DET,900,12.00,11.20
2026-05-29,10:39,Jordan Walker,STL,450,7.19,19.49
2026-05-29,12:09,Casey Schmitt,SF,575,29.84,21.03
2026-05-29,12:09,Michael Harris II,ATL,550,26.62,19.48
2026-05-29,12:09,Curtis Mead,WSH,1150,28.80,12.13
2026-05-29,12:09,Jacob Young,WSH,1100,28.69,11.97
2026-05-29,12:09,Dillon Dingler,DET,700,23.28,15.41
2026-05-29,12:09,Gavin Sheets,SD,900,25.00,12.50
2026-05-29,12:09,Amed Rosario,NYY,800,19.97,13.33
2026-05-29,12:09,Ramón Laureano,SD,950,19.07,11.34
2026-05-29,12:09,Gage Workman,DET,900,12.10,11.21
2026-05-29,16:01,Casey Schmitt,SF,575,29.84,21.03
2026-05-29,16:01,Michael Harris II,ATL,550,26.62,19.48
2026-05-29,16:01,Curtis Mead,WSH,1150,28.80,12.13
2026-05-29,16:01,Jacob Young,WSH,1100,28.69,11.97
2026-05-29,16:01,Dillon Dingler,DET,700,23.28,15.41
2026-05-29,16:01,Gavin Sheets,SD,900,25.00,12.50
2026-05-29,16:01,Amed Rosario,NYY,800,19.97,13.33
2026-05-29,16:01,Ramón Laureano,SD,950,19.07,11.34
2026-05-29,16:01,Gage Workman,DET,900,12.10,11.21
2026-05-29,16:16,Casey Schmitt,SF,575,29.84,21.03
2026-05-29,16:16,Michael Harris II,ATL,550,26.62,19.48
2026-05-29,16:16,Curtis Mead,WSH,1150,28.80,12.13
2026-05-29,16:16,Jacob Young,WSH,1100,28.69,11.97
2026-05-29,16:16,Dillon Dingler,DET,700,23.28,15.41
2026-05-29,16:16,Gavin Sheets,SD,900,25.00,12.50
2026-05-29,16:16,Amed Rosario,NYY,800,19.97,13.33
2026-05-29,16:16,Ramón Laureano,SD,950,19.07,11.34
2026-05-29,16:16,Gage Workman,DET,900,12.10,11.21
2026-05-29,16:21,Casey Schmitt,SF,575,29.84,21.03
2026-05-29,16:21,Michael Harris II,ATL,550,26.62,19.48
2026-05-29,16:21,Curtis Mead,WSH,1150,28.80,12.13
2026-05-29,16:21,Jacob Young,WSH,1100,28.69,11.97
2026-05-29,16:21,Dillon Dingler,DET,700,23.28,15.41
2026-05-29,16:21,Gavin Sheets,SD,900,25.00,12.50
2026-05-29,16:21,Amed Rosario,NYY,800,19.97,13.33
2026-05-29,16:21,Ramón Laureano,SD,950,19.07,11.34
2026-05-29,16:21,Gage Workman,DET,900,12.10,11.21
2026-05-29,16:26,Casey Schmitt,SF,575,29.84,21.03
2026-05-29,16:26,Michael Harris II,ATL,550,26.62,19.48
2026-05-29,16:26,Curtis Mead,WSH,1150,28.80,12.13
2026-05-29,16:26,Jacob Young,WSH,1100,28.69,11.97
2026-05-29,16:26,Dillon Dingler,DET,700,23.28,15.41
2026-05-29,16:26,Gavin Sheets,SD,900,25.00,12.50
2026-05-29,16:26,Amed Rosario,NYY,800,19.97,13.33
2026-05-29,16:26,Ramón Laureano,SD,950,19.07,11.34
2026-05-29,16:26,Gage Workman,DET,900,12.10,11.21
2026-05-29,17:38,Casey Schmitt,SF,575,29.84,21.03
2026-05-29,17:38,Michael Harris II,ATL,550,26.62,19.48
2026-05-29,17:38,Curtis Mead,WSH,1150,28.80,12.15
2026-05-29,17:38,Jacob Young,WSH,1100,28.69,11.99
2026-05-29,17:38,Dillon Dingler,DET,700,23.28,15.41
2026-05-29,17:38,Gavin Sheets,SD,900,25.00,12.50
2026-05-29,17:38,Amed Rosario,NYY,800,19.16,13.24
2026-05-29,17:38,Ramón Laureano,SD,950,19.17,11.35
2026-05-29,21:21,Michael Harris II,ATL,550,29.86,25.25
2026-05-29,21:21,Dillon Dingler,DET,700,40.11,19.70
2026-05-29,21:21,Jordan Walker,STL,450,33.29,25.05
2026-05-29,21:21,Casey Schmitt,SF,575,29.84,21.03
2026-05-29,21:21,James Wood,WSH,550,29.80,19.97
2026-05-29,21:21,Curtis Mead,WSH,1150,28.80,15.25
2026-05-29,21:21,Gavin Sheets,SD,900,28.80,15.96
2026-05-29,21:21,Jacob Young,WSH,1100,28.69,13.48
2026-05-29,21:21,Juan Soto,NYM,370,18.16,25.14
2026-05-29,21:21,Ramón Laureano,SD,950,28.77,12.75
2026-05-29,21:21,TJ Rumfield,COL,750,26.22,14.85
2026-05-29,21:21,Liam Hicks,MIA,850,27.87,13.46
2026-05-29,21:21,Sal Stewart,CIN,575,23.05,18.23
2026-05-29,21:21,Chase Meidroth,CWS,1300,28.77,9.63
2026-05-29,21:21,Xander Bogaerts,SD,1000,24.74,11.34
2026-05-29,21:21,Ernie Clement,TOR,900,24.20,12.42
2026-05-29,21:21,Munetaka Murakami,CWS,400,17.55,23.51
2026-05-29,21:21,Matt Olson,ATL,500,16.52,19.42
2026-05-29,21:21,Amed Rosario,NYY,800,19.16,13.24
2026-05-29,21:21,CJ Abrams,WSH,650,14.45,15.26
2026-05-29,21:21,JJ Bleday,CIN,510,13.52,18.61
2026-05-29,21:21,Manny Machado,SD,800,19.79,13.31
2026-05-29,21:21,Blake Dunn,CIN,1150,21.00,9.68
2026-05-29,21:21,Nathaniel Lowe,CIN,540,6.62,16.66
2026-05-29,21:47,Michael Harris II,ATL,550,29.86,25.25
2026-05-29,21:47,Dillon Dingler,DET,700,40.11,19.70
2026-05-29,21:47,Jordan Walker,STL,450,33.29,25.05
2026-05-29,21:47,Casey Schmitt,SF,575,29.84,21.03
2026-05-29,21:47,James Wood,WSH,550,29.80,19.97
2026-05-29,21:47,Curtis Mead,WSH,1150,28.80,15.25
2026-05-29,21:47,Gavin Sheets,SD,900,28.80,15.96
2026-05-29,21:47,Jacob Young,WSH,1100,28.69,13.48
2026-05-29,21:47,Juan Soto,NYM,370,18.16,25.14
2026-05-29,21:47,Ramón Laureano,SD,950,28.77,12.75
2026-05-29,21:47,TJ Rumfield,COL,750,26.22,14.85
2026-05-29,21:47,Liam Hicks,MIA,850,27.87,13.46
2026-05-29,21:47,Sal Stewart,CIN,575,23.05,18.23
2026-05-29,21:47,Chase Meidroth,CWS,1300,28.77,9.63
2026-05-29,21:47,Xander Bogaerts,SD,1000,24.74,11.34
2026-05-29,21:47,Ernie Clement,TOR,900,24.20,12.42
2026-05-29,21:47,Munetaka Murakami,CWS,400,17.55,23.51
2026-05-29,21:47,Matt Olson,ATL,500,16.52,19.42
2026-05-29,21:47,Amed Rosario,NYY,800,19.16,13.24
2026-05-29,21:47,CJ Abrams,WSH,650,14.45,15.26
2026-05-29,21:47,JJ Bleday,CIN,510,13.52,18.61
2026-05-29,21:47,Manny Machado,SD,800,19.79,13.31
2026-05-29,21:47,Blake Dunn,CIN,1150,21.00,9.68
2026-05-29,21:47,Nathaniel Lowe,CIN,540,6.62,16.66
2026-05-30,00:27,Jordan Walker,STL,650,29.78,25.25
2026-05-30,00:27,James Wood,WSH,900,28.80,21.87
2026-05-30,00:27,Byron Buxton,MIN,600,29.85,25.25
2026-05-30,00:27,Sal Stewart,CIN,950,28.77,19.79
2026-05-30,00:27,Michael Harris II,ATL,510,29.81,25.25
2026-05-30,00:27,Jarren Duran,BOS,2400,27.40,15.12
2026-05-30,00:27,Juan Soto,NYM,480,29.84,25.25
2026-05-30,00:27,Willson Contreras,BOS,1800,27.41,13.28
2026-05-30,00:27,Luke Raley,SEA,540,34.72,21.05
2026-05-30,00:27,CJ Abrams,WSH,950,28.77,16.58
2026-05-30,00:27,Jacob Young,WSH,1900,27.40,14.34
2026-05-30,00:27,Gavin Sheets,SD,1150,28.80,16.18
2026-05-30,00:27,Brandon Lowe,PIT,650,29.78,18.88
2026-05-30,00:27,Gunnar Henderson,BAL,650,29.78,18.82
2026-05-30,00:27,Elly De La Cruz,CIN,900,28.80,15.62
2026-05-30,00:27,Munetaka Murakami,CWS,420,27.92,24.60
2026-05-30,00:27,Mike Trout,LAA,900,28.80,15.55
2026-05-30,00:27,Ceddanne Rafaela,BOS,3300,27.57,10.81
2026-05-30,00:27,Ty France,SD,800,28.77,16.25
2026-05-30,00:27,Ernie Clement,TOR,1800,27.41,12.45
2026-05-30,00:27,Wade Meckler,LAA,1900,27.40,12.50
2026-05-30,00:27,Zach Neto,LAA,1100,28.69,13.57
2026-05-30,00:27,Spencer Horwitz,PIT,1200,28.67,13.66
2026-05-30,00:27,Vaughn Grissom,LAA,2400,27.40,11.30
2026-05-30,00:27,José Ramírez,CLE,1200,28.67,12.40
2026-05-30,00:27,Michael Conforto,CHC,1050,28.80,13.68
2026-05-30,00:27,Wilyer Abreu,BOS,2400,27.40,8.64
2026-05-30,00:27,Luis García Jr.,WSH,1800,27.41,11.10
2026-05-30,00:27,Liam Hicks,MIA,1000,28.74,13.40
2026-05-30,00:27,Myles Straw,TOR,3400,27.40,7.69
2026-05-30,00:27,Michael Busch,CHC,1100,28.69,12.31
2026-05-30,00:27,Daylen Lile,WSH,1050,28.80,12.30
2026-05-30,00:27,Travis Bazzana,CLE,2400,27.40,10.15
2026-05-30,00:27,Jonathan Aranda,TB,950,28.77,12.59
2026-05-30,00:27,J.P. Crawford,SEA,750,27.92,15.05
2026-05-30,00:27,Salvador Perez,KC,650,25.77,16.77
2026-05-30,00:27,Xander Bogaerts,SD,1150,28.80,10.57
2026-05-30,00:27,Isiah Kiner-Falefa,BOS,2900,27.68,7.55
2026-05-30,00:27,Blake Dunn,CIN,1700,27.51,9.61
2026-05-30,00:27,Pete Crow-Armstrong,CHC,1100,27.44,10.62
2026-05-30,00:27,Brooks Lee,MIN,1800,27.41,7.84
2026-05-30,00:27,Ryan Vilade,TB,1700,27.51,8.88
2026-05-30,00:27,Patrick Bailey,CLE,1900,27.40,7.24
2026-05-30,00:27,Adley Rutschman,BAL,850,22.07,12.85
2026-05-30,00:27,Rhys Hoskins,CLE,800,20.87,13.43
2026-05-30,00:27,Matt Olson,ATL,475,16.50,20.26
2026-05-30,00:27,Yordan Alvarez,HOU,360,14.26,24.84
2026-05-30,00:27,Kazuma Okamoto,TOR,900,17.20,11.72
2026-05-30,00:27,Masataka Yoshida,BOS,2200,27.51,6.10
2026-05-30,00:27,Mickey Gasper,BOS,2200,27.51,6.20
2026-05-30,00:27,Yohendrick Piñango,TOR,1200,19.21,9.17
2026-05-30,00:27,Miguel Andujar,SD,1000,18.14,10.74
2026-05-30,00:27,Dylan Crews,WSH,1150,19.37,9.55
2026-05-30,00:27,Angel Martínez,CLE,1150,17.12,9.37
2026-05-30,00:27,Tyler Stephenson,CIN,900,15.10,11.51
2026-05-30,00:27,Mike Yastrzemski,ATL,1000,15.17,10.47
2026-05-30,00:27,Junior Caminero,TB,600,7.66,15.38
2026-05-31,02:26,Casey Schmitt,SF,850,28.74,25.25
2026-05-31,02:26,J.P. Crawford,SEA,900,28.80,18.15
2026-05-31,02:26,Luke Raley,SEA,430,27.99,24.15
2026-05-31,02:26,Willy Adames,SF,750,28.76,16.84
2026-05-31,02:26,Eric Haase,SF,850,28.74,15.88
2026-05-31,02:26,TJ Rumfield,COL,850,28.74,14.48
2026-05-31,02:26,Rafael Devers,SF,700,17.44,14.68
2026-05-31,02:26,Hunter Goodman,COL,540,14.30,17.86
2026-05-31,02:26,Bryce Harper,PHI,525,6.06,16.97
2026-05-31,02:32,Casey Schmitt,SF,850,28.74,25.25
2026-05-31,02:32,J.P. Crawford,SEA,900,28.80,18.15
2026-05-31,02:32,Luke Raley,SEA,430,27.99,24.15
2026-05-31,02:32,Willy Adames,SF,750,28.76,16.84
2026-05-31,02:32,Eric Haase,SF,850,28.74,15.88
2026-05-31,02:32,TJ Rumfield,COL,850,28.74,14.48
2026-05-31,02:32,Rafael Devers,SF,700,17.44,14.68
2026-05-31,02:32,Hunter Goodman,COL,540,14.30,17.86
2026-05-31,02:32,Bryce Harper,PHI,525,6.06,16.97
2026-05-31,02:34,Casey Schmitt,SF,850,28.74,25.25
2026-05-31,02:34,J.P. Crawford,SEA,900,28.80,18.15
2026-05-31,02:34,Luke Raley,SEA,430,27.99,24.15
2026-05-31,02:34,Willy Adames,SF,750,28.76,16.84
2026-05-31,02:34,Eric Haase,SF,850,28.74,15.88
2026-05-31,02:34,TJ Rumfield,COL,850,28.74,14.48
2026-05-31,02:34,Rafael Devers,SF,700,17.44,14.68
2026-05-31,02:34,Hunter Goodman,COL,540,14.30,17.86
2026-05-31,02:34,Bryce Harper,PHI,525,6.06,16.97
2026-05-31,02:46,Casey Schmitt,SF,850,28.74,25.25
2026-05-31,02:46,J.P. Crawford,SEA,900,28.80,18.15
2026-05-31,02:46,Luke Raley,SEA,430,27.99,24.15
2026-05-31,02:46,Willy Adames,SF,750,28.76,16.84
2026-05-31,02:46,Eric Haase,SF,850,28.74,15.88
2026-05-31,02:46,TJ Rumfield,COL,850,28.74,14.48
2026-05-31,02:46,Rafael Devers,SF,700,17.44,14.68
2026-05-31,02:46,Hunter Goodman,COL,540,14.30,17.86
2026-05-31,02:46,Bryce Harper,PHI,525,6.06,16.97
2026-05-31,02:53,Casey Schmitt,SF,850,28.74,25.25
2026-05-31,02:53,J.P. Crawford,SEA,900,28.80,18.15
2026-05-31,02:53,Luke Raley,SEA,430,27.99,24.15
2026-05-31,02:53,Willy Adames,SF,750,28.76,16.84
2026-05-31,02:53,Eric Haase,SF,850,28.74,15.88
2026-05-31,02:53,TJ Rumfield,COL,850,28.74,14.48
2026-05-31,02:53,Rafael Devers,SF,700,17.44,14.68
2026-05-31,02:53,Hunter Goodman,COL,540,14.30,17.86
2026-05-31,02:53,Bryce Harper,PHI,525,6.06,16.97
2026-05-31,15:11,Michael Harris II,ATL,410,28.77,25.25
2026-05-31,15:11,Ty France,SD,575,29.84,20.14
2026-05-31,15:11,Luke Raley,SEA,430,6.80,20.15
2026-05-31,15:11,Curtis Mead,WSH,500,14.12,19.02
2026-05-31,15:11,Jacob Young,WSH,850,28.74,13.60
2026-05-31,15:11,Oswald Peraza,LAA,750,13.22,13.32
2026-05-31,15:11,Liam Hicks,MIA,1150,23.75,9.90
2026-05-31,15:11,Jarren Duran,BOS,510,6.26,17.42
2026-05-31,15:11,J.P. Crawford,SEA,700,10.40,13.80
2026-05-31,21:46,Casey Schmitt,SF,950,28.77,25.25
2026-05-31,21:46,Ben Rice,NYY,600,29.85,25.18
2026-05-31,21:46,Luke Raley,SEA,1200,28.67,24.65
2026-05-31,21:46,J.P. Crawford,SEA,1900,27.40,19.31
2026-05-31,21:46,Andy Pages,LAD,1000,28.74,17.33
2026-05-31,21:46,Ketel Marte,AZ,1800,27.41,14.35
2026-05-31,21:46,Paul Goldschmidt,NYY,600,29.85,19.46
2026-05-31,21:46,Bryce Harper,PHI,700,29.81,16.76
2026-05-31,21:46,Dominic Canzone,SEA,700,29.81,16.59
2026-05-31,21:46,Mookie Betts,LAD,900,28.80,15.63
2026-05-31,21:46,Julio Rodríguez,SEA,950,28.77,15.35
2026-05-31,21:46,Randy Arozarena,SEA,1800,27.41,11.13
2026-05-31,21:46,Nolan Arenado,AZ,1700,27.51,10.53
2026-05-31,21:46,Shohei Ohtani,LAD,650,17.37,15.65
2026-05-31,21:46,Cody Bellinger,NYY,750,26.57,14.89
2026-05-31,21:46,Freddie Freeman,LAD,750,22.06,14.36
2026-05-31,21:46,Trea Turner,PHI,900,28.10,12.81
2026-05-31,21:46,Brandon Marsh,PHI,1150,28.80,10.32
2026-05-31,21:46,Jhonny Pereda,SEA,2200,27.51,9.20
2026-05-31,21:46,Jake McCarthy,COL,2400,27.40,8.35
2026-05-31,21:46,Bryson Stott,PHI,1800,27.41,8.07
2026-05-31,21:46,Aramis Garcia,AZ,2800,27.48,7.49
2026-05-31,21:46,Tyler Freeman,COL,2800,27.48,6.29
2026-05-31,21:46,Jose Fernandez,AZ,2400,27.40,6.17
2026-05-31,21:46,Nick Kurtz,ATH,650,7.85,14.38
2026-05-31,21:46,Corbin Carroll,AZ,950,16.45,11.09
2026-05-31,21:46,Zack Gelof,ATH,950,14.03,10.86
2026-05-31,21:46,Jung Hoo Lee,SF,1800,27.41,7.07
2026-05-31,21:46,Geraldo Perdomo,AZ,2200,27.51,6.17
2026-05-31,22:04,Casey Schmitt,SF,950,28.77,25.25
2026-05-31,22:04,Ben Rice,NYY,600,29.85,25.18
2026-05-31,22:04,Luke Raley,SEA,1200,28.67,24.65
2026-05-31,22:04,J.P. Crawford,SEA,1900,27.40,19.31
2026-05-31,22:04,Andy Pages,LAD,1000,28.74,17.33
2026-05-31,22:04,Ketel Marte,AZ,1800,27.41,14.35
2026-05-31,22:04,Paul Goldschmidt,NYY,600,29.85,19.46
2026-05-31,22:04,Bryce Harper,PHI,700,29.81,16.76
2026-05-31,22:04,Dominic Canzone,SEA,700,29.81,16.59
2026-05-31,22:04,Mookie Betts,LAD,900,28.80,15.63
2026-05-31,22:04,Julio Rodríguez,SEA,950,28.77,15.35
2026-05-31,22:04,Randy Arozarena,SEA,1800,27.41,11.13
2026-05-31,22:04,Nolan Arenado,AZ,1700,27.51,10.53
2026-05-31,22:04,Shohei Ohtani,LAD,650,17.37,15.65
2026-05-31,22:04,Cody Bellinger,NYY,750,26.57,14.89
2026-05-31,22:04,Freddie Freeman,LAD,750,22.06,14.36
2026-05-31,22:04,Trea Turner,PHI,900,28.10,12.81
2026-05-31,22:04,Brandon Marsh,PHI,1150,28.80,10.32
2026-05-31,22:04,Jhonny Pereda,SEA,2200,27.51,9.20
2026-05-31,22:04,Jake McCarthy,COL,2400,27.40,8.35
2026-05-31,22:04,Bryson Stott,PHI,1800,27.41,8.07
2026-05-31,22:04,Aramis Garcia,AZ,2800,27.48,7.49
2026-05-31,22:04,Tyler Freeman,COL,2800,27.48,6.29
2026-05-31,22:04,Jose Fernandez,AZ,2400,27.40,6.17
2026-05-31,22:04,Nick Kurtz,ATH,650,7.85,14.38
2026-05-31,22:04,Corbin Carroll,AZ,950,16.45,11.09
2026-05-31,22:04,Zack Gelof,ATH,950,14.03,10.86
2026-05-31,22:04,Jung Hoo Lee,SF,1800,27.41,7.07
2026-05-31,22:04,Geraldo Perdomo,AZ,2200,27.51,6.17
2026-05-31,22:04,Casey Schmitt,SF,950,28.77,25.25
2026-05-31,22:04,Ben Rice,NYY,600,29.85,25.18
2026-05-31,22:04,Luke Raley,SEA,1200,28.67,24.65
2026-05-31,22:04,J.P. Crawford,SEA,1900,27.40,19.31
2026-05-31,22:04,Andy Pages,LAD,1000,28.74,17.33
2026-05-31,22:04,Ketel Marte,AZ,1800,27.41,14.35
2026-05-31,22:04,Paul Goldschmidt,NYY,600,29.85,19.46
2026-05-31,22:04,Bryce Harper,PHI,700,29.81,16.76
2026-05-31,22:04,Dominic Canzone,SEA,700,29.81,16.59
2026-05-31,22:04,Mookie Betts,LAD,900,28.80,15.63
2026-05-31,22:04,Julio Rodríguez,SEA,950,28.77,15.35
2026-05-31,22:04,Randy Arozarena,SEA,1800,27.41,11.13
2026-05-31,22:04,Nolan Arenado,AZ,1700,27.51,10.53
2026-05-31,22:04,Shohei Ohtani,LAD,650,17.37,15.65
2026-05-31,22:04,Cody Bellinger,NYY,750,26.57,14.89
2026-05-31,22:04,Freddie Freeman,LAD,750,22.06,14.36
2026-05-31,22:04,Trea Turner,PHI,900,28.10,12.81
2026-05-31,22:04,Brandon Marsh,PHI,1150,28.80,10.32
2026-05-31,22:04,Jhonny Pereda,SEA,2200,27.51,9.20
2026-05-31,22:04,Jake McCarthy,COL,2400,27.40,8.35
2026-05-31,22:04,Bryson Stott,PHI,1800,27.41,8.07
2026-05-31,22:04,Aramis Garcia,AZ,2800,27.48,7.49
2026-05-31,22:04,Tyler Freeman,COL,2800,27.48,6.29
2026-05-31,22:04,Jose Fernandez,AZ,2400,27.40,6.17
2026-05-31,22:04,Nick Kurtz,ATH,650,7.85,14.38
2026-05-31,22:04,Corbin Carroll,AZ,950,16.45,11.09
2026-05-31,22:04,Zack Gelof,ATH,950,14.03,10.86
2026-05-31,22:04,Jung Hoo Lee,SF,1800,27.41,7.07
2026-05-31,22:04,Geraldo Perdomo,AZ,2200,27.51,6.17
2026-05-31,22:21,Casey Schmitt,SF,950,28.77,25.25
2026-05-31,22:21,Ben Rice,NYY,600,29.85,25.18
2026-05-31,22:21,Luke Raley,SEA,1200,28.67,24.65
2026-05-31,22:21,J.P. Crawford,SEA,1900,27.40,19.31
2026-05-31,22:21,Andy Pages,LAD,1000,28.74,17.33
2026-05-31,22:21,Ketel Marte,AZ,1800,27.41,14.35
2026-05-31,22:21,Paul Goldschmidt,NYY,600,29.85,19.46
2026-05-31,22:21,Bryce Harper,PHI,700,29.81,16.76
2026-05-31,22:21,Dominic Canzone,SEA,700,29.81,16.59
2026-05-31,22:21,Mookie Betts,LAD,900,28.80,15.63
2026-05-31,22:21,Julio Rodríguez,SEA,950,28.77,15.35
2026-05-31,22:21,Randy Arozarena,SEA,1800,27.41,11.13
2026-05-31,22:21,Nolan Arenado,AZ,1700,27.51,10.53
2026-05-31,22:21,Shohei Ohtani,LAD,650,17.37,15.65
2026-05-31,22:21,Cody Bellinger,NYY,750,26.57,14.89
2026-05-31,22:21,Freddie Freeman,LAD,750,22.06,14.36
2026-05-31,22:21,Trea Turner,PHI,900,28.10,12.81
2026-05-31,22:21,Brandon Marsh,PHI,1150,28.80,10.32
2026-05-31,22:21,Jhonny Pereda,SEA,2200,27.51,9.20
2026-05-31,22:21,Jake McCarthy,COL,2400,27.40,8.35
2026-05-31,22:21,Bryson Stott,PHI,1800,27.41,8.07
2026-05-31,22:21,Aramis Garcia,AZ,2800,27.48,7.49
2026-05-31,22:21,Tyler Freeman,COL,2800,27.48,6.29
2026-05-31,22:21,Jose Fernandez,AZ,2400,27.40,6.17
2026-05-31,22:21,Nick Kurtz,ATH,650,7.85,14.38
2026-05-31,22:21,Corbin Carroll,AZ,950,16.45,11.09
2026-05-31,22:21,Zack Gelof,ATH,950,14.03,10.86
2026-05-31,22:21,Jung Hoo Lee,SF,1800,27.41,7.07
2026-05-31,22:21,Geraldo Perdomo,AZ,2200,27.51,6.17
