bet_id,placed_date,placed_datetime,player_name,team1,pitcher1,team2,pitcher2,parlay_odds,leg_count,player_odds,stake,returned,leg_result,bet_status
us-oh:01kveqwcweem19tan7d0mfv3pn,2026-06-18,2026-06-18 21:28,Zack Gelof,Los Angeles Angels,R Johnson,Athletics,G Jump,+8512,3,,1.0,0.0,miss,Settled
us-oh:01kveqwcweem19tan7d0mfv3pn,2026-06-18,2026-06-18 21:28,Jo Adell,Los Angeles Angels,R Johnson,Athletics,G Jump,+8512,3,,1.0,0.0,miss,Settled
us-oh:01kveqwcweem19tan7d0mfv3pn,2026-06-18,2026-06-18 21:28,Jose Siri,Los Angeles Angels,R Johnson,Athletics,G Jump,+8512,3,,1.0,0.0,miss,Settled
us-oh:01kveqse5qen38p9fn83zbkd0j,2026-06-18,2026-06-18 21:26,Nick Kurtz,Los Angeles Angels,R Johnson,Athletics,G Jump,+15266,4,,1.0,0.0,miss,Settled
us-oh:01kveqse5qen38p9fn83zbkd0j,2026-06-18,2026-06-18 21:26,Shea Langeliers,Los Angeles Angels,R Johnson,Athletics,G Jump,+15266,4,,1.0,0.0,hit,Settled
us-oh:01kveqse5qen38p9fn83zbkd0j,2026-06-18,2026-06-18 21:26,Tyler Soderstrom,Los Angeles Angels,R Johnson,Athletics,G Jump,+15266,4,,1.0,0.0,hit,Settled
us-oh:01kveqse5qen38p9fn83zbkd0j,2026-06-18,2026-06-18 21:26,Zach Neto,Los Angeles Angels,R Johnson,Athletics,G Jump,+15266,4,,1.0,0.0,miss,Settled
us-oh:01kve3ba7cfhmbzcn4xphzksex,2026-06-18,2026-06-18 15:29,Juan Soto,New York Mets,S Manaea,Philadelphia Phillies,A Nola,+28803,4,,1.0,0.0,hit,Settled
us-oh:01kve3ba7cfhmbzcn4xphzksex,2026-06-18,2026-06-18 15:29,Bryce Harper,New York Mets,S Manaea,Philadelphia Phillies,A Nola,+28803,4,,1.0,0.0,miss,Settled
us-oh:01kve3ba7cfhmbzcn4xphzksex,2026-06-18,2026-06-18 15:29,Jordan Walker,St. Louis Cardinals,M Liberatore,Kansas City Royals,N Cameron,+28803,4,+320,1.0,0.0,miss,Settled
us-oh:01kve3ba7cfhmbzcn4xphzksex,2026-06-18,2026-06-18 15:29,Mike Trout,Los Angeles Angels,R Johnson,Athletics,G Jump,+28803,4,,1.0,0.0,void,Settled
us-oh:01kvdsmz7ke09r5d7kh95f1598,2026-06-18,2026-06-18 12:39,Drake Baldwin,San Francisco Giants,L Roupp,Atlanta Braves,M Perez,+12302,3,,1.0,0.0,void,Settled
us-oh:01kvdsmz7ke09r5d7kh95f1598,2026-06-18,2026-06-18 12:39,Matt Olson,San Francisco Giants,L Roupp,Atlanta Braves,M Perez,+12302,3,,1.0,0.0,void,Settled
us-oh:01kvdsmz7ke09r5d7kh95f1598,2026-06-18,2026-06-18 12:39,Ben Rice,Chicago White Sox,B Hudson,New York Yankees,R Weathers,+12302,3,+245,1.0,0.0,miss,Settled
us-oh:01kvefypzzevhbaf7evb34t96x,2026-06-18,2026-06-18 19:09,Jordan Walker,St. Louis Cardinals,M Liberatore,Kansas City Royals,N Cameron,+7885,3,,10.0,0.0,miss,Settled
us-oh:01kvefypzzevhbaf7evb34t96x,2026-06-18,2026-06-18 19:09,Salvador Perez,St. Louis Cardinals,M Liberatore,Kansas City Royals,N Cameron,+7885,3,,10.0,0.0,hit,Settled
us-oh:01kvefypzzevhbaf7evb34t96x,2026-06-18,2026-06-18 19:09,Randal Grichuk,Chicago White Sox,B Hudson,New York Yankees,R Weathers,+7885,3,+270,10.0,0.0,miss,Settled
us-oh:01kve6m1rvehjsx2dppnrjjvjy,2026-06-18,2026-06-18 16:26,Juan Soto,New York Mets,S Manaea,Philadelphia Phillies,A Nola,+8542,3,+240,1.0,0.0,hit,Settled
us-oh:01kve6m1rvehjsx2dppnrjjvjy,2026-06-18,2026-06-18 16:26,Paul Goldschmidt,Chicago White Sox,B Hudson,New York Yankees,R Weathers,+8542,3,+310,1.0,0.0,miss,Settled
us-oh:01kve6m1rvehjsx2dppnrjjvjy,2026-06-18,2026-06-18 16:26,Alec Burleson,St. Louis Cardinals,M Liberatore,Kansas City Royals,N Cameron,+8542,3,+520,1.0,0.0,miss,Settled
us-oh:01kve37b62fpx8y1qcfds9dkar,2026-06-18,2026-06-18 15:27,Ben Rice,Chicago White Sox,B Hudson,New York Yankees,R Weathers,+12912,4,,1.0,0.0,miss,Settled
us-oh:01kve37b62fpx8y1qcfds9dkar,2026-06-18,2026-06-18 15:27,Miguel Vargas,Chicago White Sox,B Hudson,New York Yankees,R Weathers,+12912,4,,1.0,0.0,miss,Settled
us-oh:01kve37b62fpx8y1qcfds9dkar,2026-06-18,2026-06-18 15:27,Kyle Schwarber,New York Mets,S Manaea,Philadelphia Phillies,A Nola,+12912,4,+225,1.0,0.0,miss,Settled
us-oh:01kve37b62fpx8y1qcfds9dkar,2026-06-18,2026-06-18 15:27,Shea Langeliers,Los Angeles Angels,R Johnson,Athletics,G Jump,+12912,4,+280,1.0,0.0,hit,Settled
us-oh:01kve6yf7pf8kastw15tg86vhn,2026-06-18,2026-06-18 16:32,Randal Grichuk,Chicago White Sox,B Hudson,New York Yankees,R Weathers,+24998,4,,1.0,0.0,miss,Settled
us-oh:01kve6yf7pf8kastw15tg86vhn,2026-06-18,2026-06-18 16:32,Cody Bellinger,Chicago White Sox,B Hudson,New York Yankees,R Weathers,+24998,4,,1.0,0.0,miss,Settled
us-oh:01kve6yf7pf8kastw15tg86vhn,2026-06-18,2026-06-18 16:32,Jordan Walker,St. Louis Cardinals,M Liberatore,Kansas City Royals,N Cameron,+24998,4,+320,1.0,0.0,miss,Settled
us-oh:01kve6yf7pf8kastw15tg86vhn,2026-06-18,2026-06-18 16:32,Shea Langeliers,Los Angeles Angels,R Johnson,Athletics,G Jump,+24998,4,+270,1.0,0.0,hit,Settled
us-oh:01kvdsb8jse3tabe4jwg9vwmsq,2026-06-18,2026-06-18 12:34,Pete Alonso,Baltimore Orioles,S Baz,Seattle Mariners,B Woo,+30878,4,+360,5.0,0.0,miss,Settled
us-oh:01kvdsb8jse3tabe4jwg9vwmsq,2026-06-18,2026-06-18 12:34,Kyle Schwarber,New York Mets,S Manaea,Philadelphia Phillies,A Nola,+30878,4,+205,5.0,0.0,miss,Settled
us-oh:01kvdsb8jse3tabe4jwg9vwmsq,2026-06-18,2026-06-18 12:34,Ben Rice,Chicago White Sox,B Hudson,New York Yankees,R Weathers,+30878,4,+245,5.0,0.0,miss,Settled
us-oh:01kvdsb8jse3tabe4jwg9vwmsq,2026-06-18,2026-06-18 12:34,Drake Baldwin,San Francisco Giants,L Roupp,Atlanta Braves,M Perez,+30878,4,,5.0,0.0,void,Settled
us-oh:01kvdtr87jf0ks4kgvg059hqs7,2026-06-18,2026-06-18 12:59,Nick Kurtz,Los Angeles Angels,R Johnson,Athletics,G Jump,+28102,4,,1.0,0.0,miss,Settled
us-oh:01kvdtr87jf0ks4kgvg059hqs7,2026-06-18,2026-06-18 12:59,Shea Langeliers,Los Angeles Angels,R Johnson,Athletics,G Jump,+28102,4,,1.0,0.0,hit,Settled
us-oh:01kvdtr87jf0ks4kgvg059hqs7,2026-06-18,2026-06-18 12:59,Dominic Canzone,Baltimore Orioles,S Baz,Seattle Mariners,B Woo,+28102,4,+470,1.0,0.0,miss,Settled
us-oh:01kvdtr87jf0ks4kgvg059hqs7,2026-06-18,2026-06-18 12:59,Miguel Vargas,Chicago White Sox,B Hudson,New York Yankees,R Weathers,+28102,4,+270,1.0,0.0,miss,Settled
us-oh:01kvdsg4pce2e9307rdde00a9c,2026-06-18,2026-06-18 12:37,Byron Buxton,Minnesota Twins,J Ryan,Texas Rangers,J Leiter,+24817,4,+270,1.0,0.0,miss,Settled
us-oh:01kvdsg4pce2e9307rdde00a9c,2026-06-18,2026-06-18 12:37,Kyle Schwarber,New York Mets,S Manaea,Philadelphia Phillies,A Nola,+24817,4,+205,1.0,0.0,miss,Settled
us-oh:01kvdsg4pce2e9307rdde00a9c,2026-06-18,2026-06-18 12:37,Ben Rice,Chicago White Sox,B Hudson,New York Yankees,R Weathers,+24817,4,+245,1.0,0.0,miss,Settled
us-oh:01kvdsg4pce2e9307rdde00a9c,2026-06-18,2026-06-18 12:37,Drake Baldwin,San Francisco Giants,L Roupp,Atlanta Braves,M Perez,+24817,4,,1.0,0.0,void,Settled
us-oh:01kvdsefdjfkx8vq5xpary2thy,2026-06-18,2026-06-18 12:36,Jackson Chourio,Cleveland Guardians,P Messick,Milwaukee Brewers,S Drohan,+43703,4,+520,1.0,0.0,miss,Settled
us-oh:01kvdsefdjfkx8vq5xpary2thy,2026-06-18,2026-06-18 12:36,Byron Buxton,Minnesota Twins,J Ryan,Texas Rangers,J Leiter,+43703,4,+270,1.0,0.0,miss,Settled
us-oh:01kvdsefdjfkx8vq5xpary2thy,2026-06-18,2026-06-18 12:36,Dominic Canzone,Baltimore Orioles,S Baz,Seattle Mariners,B Woo,+43703,4,+470,1.0,0.0,miss,Settled
us-oh:01kvdsefdjfkx8vq5xpary2thy,2026-06-18,2026-06-18 12:36,Juan Soto,New York Mets,S Manaea,Philadelphia Phillies,A Nola,+43703,4,+235,1.0,0.0,hit,Settled
us-oh:01kvdsnv2he8dvatek91rt87zd,2026-06-18,2026-06-18 12:40,Jackson Chourio,Cleveland Guardians,P Messick,Milwaukee Brewers,S Drohan,+11738,3,+520,10.0,0.0,miss,Settled
us-oh:01kvdsnv2he8dvatek91rt87zd,2026-06-18,2026-06-18 12:40,Dominic Canzone,Baltimore Orioles,S Baz,Seattle Mariners,B Woo,+11738,3,+470,10.0,0.0,miss,Settled
us-oh:01kvdsnv2he8dvatek91rt87zd,2026-06-18,2026-06-18 12:40,Juan Soto,New York Mets,S Manaea,Philadelphia Phillies,A Nola,+11738,3,+235,10.0,0.0,hit,Settled
O/2072111/0001906,2026-06-18,2026-06-18 11:58,Jesus Sanchez,Toronto Blue Jays,T Yesavage,Boston Red Sox,S Gray,+79132,4,+490,10.0,0.0,miss,Settled
O/2072111/0001906,2026-06-18,2026-06-18 11:58,Byron Buxton,Minnesota Twins,J Ryan,Texas Rangers,J Leiter,+79132,4,+280,10.0,0.0,miss,Settled
O/2072111/0001906,2026-06-18,2026-06-18 11:58,Luke Raley,Baltimore Orioles,S Baz,Seattle Mariners,B Woo,+79132,4,,10.0,0.0,void,Settled
O/2072111/0001906,2026-06-18,2026-06-18 11:58,Marcus Semien,New York Mets,S Manaea,Philadelphia Phillies,A Nola,+79132,4,+520,10.0,0.0,miss,Settled
us-oh:01kvbrgn0ke5fs9794y2jmbnss,2026-06-17,2026-06-17 17:41,Seiya Suzuki,Colorado Rockies,S Sullivan,Chicago Cubs,J Assad,+9316,3,,1.0,0.0,open,Settled
us-oh:01kvbrgn0ke5fs9794y2jmbnss,2026-06-17,2026-06-17 17:41,Pete Crow-Armstrong,Colorado Rockies,S Sullivan,Chicago Cubs,J Assad,+9316,3,,1.0,0.0,open,Settled
us-oh:01kvbrgn0ke5fs9794y2jmbnss,2026-06-17,2026-06-17 17:41,Samuel Basallo,Baltimore Orioles,K Bradish,Seattle Mariners,G Kirby,+9316,3,+490,1.0,0.0,open,Settled
us-oh:01kvbr55vyfagvwen5a5jjnhgt,2026-06-17,2026-06-17 17:35,Ben Rice,Chicago White Sox,A Kay,New York Yankees,C Rodon,+25950,4,+390,1.0,0.0,open,Settled
us-oh:01kvbr55vyfagvwen5a5jjnhgt,2026-06-17,2026-06-17 17:35,Hunter Goodman,Colorado Rockies,S Sullivan,Chicago Cubs,J Assad,+25950,4,+245,1.0,0.0,open,Settled
us-oh:01kvbr55vyfagvwen5a5jjnhgt,2026-06-17,2026-06-17 17:35,Pete Alonso,Baltimore Orioles,K Bradish,Seattle Mariners,G Kirby,+25950,4,+360,1.0,0.0,open,Settled
us-oh:01kvbr55vyfagvwen5a5jjnhgt,2026-06-17,2026-06-17 17:35,Nick Kurtz,Pittsburgh Pirates,B Ashcraft,Athletics,A Civale,+25950,4,+235,1.0,0.0,open,Settled
us-oh:01kvbr0rcgfqtt39xvra8rkvpv,2026-06-17,2026-06-17 17:32,Miguel Vargas,Chicago White Sox,A Kay,New York Yankees,C Rodon,+10464,3,+390,10.0,0.0,open,Settled
us-oh:01kvbr0rcgfqtt39xvra8rkvpv,2026-06-17,2026-06-17 17:32,Drake Baldwin,San Francisco Giants,C Whisenhunt,Atlanta Braves,J Ritchie,+10464,3,+340,10.0,0.0,open,Settled
us-oh:01kvbr0rcgfqtt39xvra8rkvpv,2026-06-17,2026-06-17 17:32,Dominic Canzone,Baltimore Orioles,K Bradish,Seattle Mariners,G Kirby,+10464,3,+390,10.0,0.0,open,Settled
us-oh:01kvbrckk2fvzva6jmzdzvgwx4,2026-06-17,2026-06-17 17:39,Colson Montgomery,Chicago White Sox,A Kay,New York Yankees,C Rodon,+10274,3,+420,1.0,0.0,open,Settled
us-oh:01kvbrckk2fvzva6jmzdzvgwx4,2026-06-17,2026-06-17 17:39,Jake Bauers,Cleveland Guardians,G Williams,Milwaukee Brewers,B Sproat,+10274,3,+470,1.0,0.0,open,Settled
us-oh:01kvbrckk2fvzva6jmzdzvgwx4,2026-06-17,2026-06-17 17:39,Shea Langeliers,Pittsburgh Pirates,B Ashcraft,Athletics,A Civale,+10274,3,+250,1.0,0.0,open,Settled
O/2072111/0001905,2026-06-17,2026-06-17 09:30,Kyle Schwarber,Miami Marlins,S Alcantara,Philadelphia Phillies,A Painter,+31679,4,+198,10.0,0.0,open,Settled
O/2072111/0001905,2026-06-17,2026-06-17 09:30,James Wood,Kansas City Royals,L Avila,Washington Nationals,Z Littell,+31679,4,+310,10.0,0.0,open,Settled
O/2072111/0001905,2026-06-17,2026-06-17 09:30,Spencer Torkelson,Detroit Tigers,C Mize,Houston Astros,P Lambert,+31679,4,+410,10.0,0.0,open,Settled
O/2072111/0001905,2026-06-17,2026-06-17 09:30,Miguel Vargas,Chicago White Sox,A Kay,New York Yankees,C Rodon,+31679,4,+410,10.0,0.0,open,Settled
us-oh:01kvb7mgszf7p85vbv76nwn50c,2026-06-17,2026-06-17 12:46,Kyle Schwarber,Miami Marlins,S Alcantara,Philadelphia Phillies,A Painter,+31540,4,+205,5.0,0.0,open,Settled
us-oh:01kvb7mgszf7p85vbv76nwn50c,2026-06-17,2026-06-17 12:46,Yordan Alvarez,Detroit Tigers,C Mize,Houston Astros,P Lambert,+31540,4,+250,5.0,0.0,open,Settled
us-oh:01kvb7mgszf7p85vbv76nwn50c,2026-06-17,2026-06-17 12:46,Mike Trout,Los Angeles Angels,S Aldegheri,Arizona Diamondbacks,E Rodriguez,+31540,4,+420,5.0,0.0,open,Settled
us-oh:01kvb7mgszf7p85vbv76nwn50c,2026-06-17,2026-06-17 12:46,Paul Goldschmidt,Chicago White Sox,A Kay,New York Yankees,C Rodon,+31540,4,+470,5.0,0.0,open,Settled
us-oh:01kvb75cnae0qvvnrgethc58g5,2026-06-17,2026-06-17 12:38,Kyle Schwarber,Miami Marlins,S Alcantara,Philadelphia Phillies,A Painter,+21958,4,+205,5.0,0.0,open,Settled
us-oh:01kvb75cnae0qvvnrgethc58g5,2026-06-17,2026-06-17 12:38,James Wood,Kansas City Royals,L Avila,Washington Nationals,Z Littell,+21958,4,+310,5.0,0.0,open,Settled
us-oh:01kvb75cnae0qvvnrgethc58g5,2026-06-17,2026-06-17 12:38,Ben Rice,Chicago White Sox,A Kay,New York Yankees,C Rodon,+21958,4,+390,5.0,0.0,open,Settled
us-oh:01kvb75cnae0qvvnrgethc58g5,2026-06-17,2026-06-17 12:38,Nick Kurtz,Pittsburgh Pirates,B Ashcraft,Athletics,A Civale,+21958,4,+260,5.0,0.0,open,Settled
us-oh:01kvb72jsyej6b7qx76qhwndq4,2026-06-17,2026-06-17 12:36,Juan Soto,New York Mets,N McLean,Cincinnati Reds,N Lodolo,+26836,4,+270,5.0,0.0,open,Settled
us-oh:01kvb72jsyej6b7qx76qhwndq4,2026-06-17,2026-06-17 12:36,Bryce Harper,Miami Marlins,S Alcantara,Philadelphia Phillies,A Painter,+26836,4,+300,5.0,0.0,open,Settled
us-oh:01kvb72jsyej6b7qx76qhwndq4,2026-06-17,2026-06-17 12:36,Yordan Alvarez,Detroit Tigers,C Mize,Houston Astros,P Lambert,+26836,4,+250,5.0,0.0,open,Settled
us-oh:01kvb72jsyej6b7qx76qhwndq4,2026-06-17,2026-06-17 12:36,Alec Burleson,San Diego Padres,B Rodriguez,St. Louis Cardinals,K Leahy,+26836,4,+420,5.0,0.0,open,Settled
us-oh:01kvb961vmevys1hz29anxar26,2026-06-17,2026-06-17 13:13,JJ Bleday,New York Mets,N McLean,Cincinnati Reds,N Lodolo,+14894,3,+500,1.0,0.0,open,Settled
us-oh:01kvb961vmevys1hz29anxar26,2026-06-17,2026-06-17 13:13,Dillon Dingler,Detroit Tigers,C Mize,Houston Astros,P Lambert,+14894,3,+410,1.0,0.0,open,Settled
us-oh:01kvb961vmevys1hz29anxar26,2026-06-17,2026-06-17 13:13,Miguel Vargas,Chicago White Sox,A Kay,New York Yankees,C Rodon,+14894,3,+390,1.0,0.0,open,Settled
us-oh:01kvb9k2scf77a6v9ckp1dh1gx,2026-06-17,2026-06-17 13:20,Nathaniel Lowe,New York Mets,N McLean,Cincinnati Reds,N Lodolo,+72593,4,+800,1.0,0.0,open,Settled
us-oh:01kvb9k2scf77a6v9ckp1dh1gx,2026-06-17,2026-06-17 13:20,Bryce Harper,Miami Marlins,S Alcantara,Philadelphia Phillies,A Painter,+72593,4,+270,1.0,0.0,open,Settled
us-oh:01kvb9k2scf77a6v9ckp1dh1gx,2026-06-17,2026-06-17 13:20,Jake Bauers,Cleveland Guardians,G Williams,Milwaukee Brewers,B Sproat,+72593,4,+490,1.0,0.0,open,Settled
us-oh:01kvb9k2scf77a6v9ckp1dh1gx,2026-06-17,2026-06-17 13:20,Brandon Lowe,Pittsburgh Pirates,B Ashcraft,Athletics,A Civale,+72593,4,+270,1.0,0.0,open,Settled
us-oh:01kv9abwyze0p972ncspwj72ma,2026-06-16,2026-06-16 18:55,Kody Clemens,Minnesota Twins,Z Matthews,Texas Rangers,K Rocker,+11528,3,+410,1.0,0.0,open,Settled
us-oh:01kv9abwyze0p972ncspwj72ma,2026-06-16,2026-06-16 18:55,Brandon Lowe,Pittsburgh Pirates,M Keller,Athletics,J Perkins,+11528,3,+300,1.0,0.0,open,Settled
us-oh:01kv9abwyze0p972ncspwj72ma,2026-06-16,2026-06-16 18:55,Samuel Basallo,Baltimore Orioles,B Young,Seattle Mariners,L Gilbert,+11528,3,+470,1.0,0.0,open,Settled
us-oh:01kv9kccenfwab3cxvpac4vpcs,2026-06-16,2026-06-16 21:33,Dominic Canzone,Baltimore Orioles,B Young,Seattle Mariners,L Gilbert,+27593,4,+370,1.0,0.0,open,Settled
us-oh:01kv9kccenfwab3cxvpac4vpcs,2026-06-16,2026-06-16 21:33,Nick Kurtz,Pittsburgh Pirates,M Keller,Athletics,J Perkins,+27593,4,+225,1.0,0.0,open,Settled
us-oh:01kv9kccenfwab3cxvpac4vpcs,2026-06-16,2026-06-16 21:33,Ketel Marte,Los Angeles Angels,R Detmers,Arizona Diamondbacks,M Kelly,+27593,4,+390,1.0,0.0,open,Settled
us-oh:01kv9kccenfwab3cxvpac4vpcs,2026-06-16,2026-06-16 21:33,Shohei Ohtani,Tampa Bay Rays,D Rasmussen,Los Angeles Dodgers,J Wrobleski,+27593,4,+270,1.0,0.0,open,Settled
us-oh:01kv99r680er189texxs1r2m1j,2026-06-16,2026-06-16 18:45,Sal Stewart,New York Mets,K Senga,Cincinnati Reds,B Singer,+11807,3,+350,1.0,0.0,open,Settled
us-oh:01kv99r680er189texxs1r2m1j,2026-06-16,2026-06-16 18:45,Michael Harris II,San Francisco Giants,A Houser,Atlanta Braves,G Holmes,+11807,3,+440,1.0,0.0,open,Settled
us-oh:01kv99r680er189texxs1r2m1j,2026-06-16,2026-06-16 18:45,Dominic Canzone,Baltimore Orioles,B Young,Seattle Mariners,L Gilbert,+11807,3,+390,1.0,0.0,open,Settled
us-oh:01kv9d8hkvfz6azg2ge2p7e3bv,2026-06-16,2026-06-16 19:46,Dillon Dingler,Detroit Tigers,F Valdez,Houston Astros,H Brown,+35260,4,,1.0,0.0,open,Settled
us-oh:01kv9d8hkvfz6azg2ge2p7e3bv,2026-06-16,2026-06-16 19:46,Christian Walker,Detroit Tigers,F Valdez,Houston Astros,H Brown,+35260,4,,1.0,0.0,open,Settled
us-oh:01kv9d8hkvfz6azg2ge2p7e3bv,2026-06-16,2026-06-16 19:46,Hunter Goodman,Colorado Rockies,R Feltner,Chicago Cubs,E Cabrera,+35260,4,+320,1.0,0.0,open,Settled
us-oh:01kv9d8hkvfz6azg2ge2p7e3bv,2026-06-16,2026-06-16 19:46,Shea Langeliers,Pittsburgh Pirates,M Keller,Athletics,J Perkins,+35260,4,+245,1.0,0.0,open,Settled
O/2072111/0001904,2026-06-16,2026-06-16 18:36,Bryce Eldridge,San Francisco Giants,A Houser,Atlanta Braves,G Holmes,+75365,4,+490,10.0,0.0,open,Settled
O/2072111/0001904,2026-06-16,2026-06-16 18:36,Jackson Chourio,Cleveland Guardians,S Cecconi,Milwaukee Brewers,R Gasser,+75365,4,+410,10.0,0.0,open,Settled
O/2072111/0001904,2026-06-16,2026-06-16 18:36,Alec Burleson,San Diego Padres,M King,St. Louis Cardinals,A Pallante,+75365,4,+470,10.0,0.0,open,Settled
O/2072111/0001904,2026-06-16,2026-06-16 18:36,Pete Alonso,Baltimore Orioles,B Young,Seattle Mariners,L Gilbert,+75365,4,+340,10.0,0.0,open,Settled
O/2072111/0001903,2026-06-16,2026-06-16 18:31,Miguel Vargas,Chicago White Sox,D Martin,New York Yankees,G Cole,+31912,4,+390,10.0,0.0,open,Settled
O/2072111/0001903,2026-06-16,2026-06-16 18:31,Juan Soto,New York Mets,K Senga,Cincinnati Reds,B Singer,+31912,4,+205,10.0,0.0,open,Settled
O/2072111/0001903,2026-06-16,2026-06-16 18:31,Yordan Alvarez,Detroit Tigers,F Valdez,Houston Astros,H Brown,+31912,4,+320,10.0,0.0,open,Settled
O/2072111/0001903,2026-06-16,2026-06-16 18:31,Luke Raley,Baltimore Orioles,B Young,Seattle Mariners,L Gilbert,+31912,4,,10.0,0.0,void,Settled
us-oh:01kv9a6pn0f2rr9fa0fh62xrnf,2026-06-16,2026-06-16 18:53,Ben Rice,Chicago White Sox,D Martin,New York Yankees,G Cole,+29145,4,,1.0,0.0,open,Settled
us-oh:01kv9a6pn0f2rr9fa0fh62xrnf,2026-06-16,2026-06-16 18:53,Miguel Vargas,Chicago White Sox,D Martin,New York Yankees,G Cole,+29145,4,,1.0,0.0,open,Settled
us-oh:01kv9a6pn0f2rr9fa0fh62xrnf,2026-06-16,2026-06-16 18:53,Pete Crow-Armstrong,Colorado Rockies,R Feltner,Chicago Cubs,E Cabrera,+29145,4,+320,1.0,0.0,open,Settled
us-oh:01kv9a6pn0f2rr9fa0fh62xrnf,2026-06-16,2026-06-16 18:53,Max Muncy,Tampa Bay Rays,D Rasmussen,Los Angeles Dodgers,J Wrobleski,+29145,4,+320,1.0,0.0,open,Settled
O/2072111/0001902,2026-06-16,2026-06-16 18:30,Kyle Schwarber,Miami Marlins,T Phillips,Philadelphia Phillies,J Luzardo,+29770,3,+245,10.0,0.0,open,Settled
O/2072111/0001902,2026-06-16,2026-06-16 18:30,James Wood,Kansas City Royals,M Wacha,Washington Nationals,F Griffin,+29770,3,+290,10.0,0.0,open,Settled
O/2072111/0001902,2026-06-16,2026-06-16 18:30,Shohei Ohtani,Tampa Bay Rays,D Rasmussen,Los Angeles Dodgers,J Wrobleski,+29770,3,+270,10.0,0.0,open,Settled
us-oh:01kv99djprfdwtbd8d8rrbwgkd,2026-06-16,2026-06-16 18:39,Kyle Schwarber,Miami Marlins,T Phillips,Philadelphia Phillies,J Luzardo,+22800,4,+245,5.0,0.0,open,Settled
us-oh:01kv99djprfdwtbd8d8rrbwgkd,2026-06-16,2026-06-16 18:39,James Wood,Kansas City Royals,M Wacha,Washington Nationals,F Griffin,+22800,4,+290,5.0,0.0,open,Settled
us-oh:01kv99djprfdwtbd8d8rrbwgkd,2026-06-16,2026-06-16 18:39,Matt Olson,San Francisco Giants,A Houser,Atlanta Braves,G Holmes,+22800,4,+360,5.0,0.0,open,Settled
us-oh:01kv99djprfdwtbd8d8rrbwgkd,2026-06-16,2026-06-16 18:39,Shohei Ohtani,Tampa Bay Rays,D Rasmussen,Los Angeles Dodgers,J Wrobleski,+22800,4,+270,5.0,0.0,open,Settled
us-oh:01kv6qar2jf37ttmrzas2x3s4k,2026-06-15,2026-06-15 18:44,JJ Bleday,New York Mets,T Myers,Cincinnati Reds,C Burns,+20470,4,+370,1.0,0.0,open,Settled
us-oh:01kv6qar2jf37ttmrzas2x3s4k,2026-06-15,2026-06-15 18:44,Byron Buxton,Minnesota Twins,M Paredes,Texas Rangers,M Gore,+20470,4,+310,1.0,0.0,open,Settled
us-oh:01kv6qar2jf37ttmrzas2x3s4k,2026-06-15,2026-06-15 18:44,Pete Crow-Armstrong,Colorado Rockies,M Lorenzen,Chicago Cubs,S Imanaga,+20470,4,+250,1.0,0.0,open,Settled
us-oh:01kv6qar2jf37ttmrzas2x3s4k,2026-06-15,2026-06-15 18:44,Shohei Ohtani,Tampa Bay Rays,N Martinez,Los Angeles Dodgers,E Lauer,+20470,4,+205,1.0,0.0,open,Settled
us-oh:01kv6ztn16ebett88pqh1naewd,2026-06-15,2026-06-15 21:13,Shea Langeliers,Pittsburgh Pirates,J Jones,Athletics,J Ginn,+16412,4,,1.0,0.0,open,Settled
us-oh:01kv6ztn16ebett88pqh1naewd,2026-06-15,2026-06-15 21:13,Nick Kurtz,Tampa Bay Rays,N Martinez,Los Angeles Dodgers,E Lauer,+16412,4,,1.0,0.0,open,Settled
us-oh:01kv6ztn16ebett88pqh1naewd,2026-06-15,2026-06-15 21:13,Freddie Freeman,Pittsburgh Pirates,J Jones,Athletics,J Ginn,+16412,4,,1.0,0.0,open,Settled
us-oh:01kv6ztn16ebett88pqh1naewd,2026-06-15,2026-06-15 21:13,Junior Caminero,Pittsburgh Pirates,J Jones,Athletics,J Ginn,+16412,4,,1.0,0.0,open,Settled
us-oh:01kv6r5pk5ecvt4tbyegkasg2g,2026-06-15,2026-06-15 18:59,Byron Buxton,Minnesota Twins,M Paredes,Texas Rangers,M Gore,+12355,3,+310,1.0,0.0,open,Settled
us-oh:01kv6r5pk5ecvt4tbyegkasg2g,2026-06-15,2026-06-15 18:59,Ryan O'Hearn,Pittsburgh Pirates,J Jones,Athletics,J Ginn,+12355,3,+520,1.0,0.0,open,Settled
us-oh:01kv6r5pk5ecvt4tbyegkasg2g,2026-06-15,2026-06-15 18:59,Freddie Freeman,Tampa Bay Rays,N Martinez,Los Angeles Dodgers,E Lauer,+12355,3,+390,1.0,0.0,open,Settled
us-oh:01kv700nwyfsfarpn0hdk7d35j,2026-06-15,2026-06-15 21:16,Mike Trout,Los Angeles Angels,W Urena,Arizona Diamondbacks,R Nelson,+25513,4,,1.0,0.0,open,Settled
us-oh:01kv700nwyfsfarpn0hdk7d35j,2026-06-15,2026-06-15 21:16,Ketel Marte,Los Angeles Angels,W Urena,Arizona Diamondbacks,R Nelson,+25513,4,,1.0,0.0,open,Settled
us-oh:01kv700nwyfsfarpn0hdk7d35j,2026-06-15,2026-06-15 21:16,Brandon Lowe,Pittsburgh Pirates,J Jones,Athletics,J Ginn,+25513,4,+310,1.0,0.0,open,Settled
us-oh:01kv700nwyfsfarpn0hdk7d35j,2026-06-15,2026-06-15 21:16,Shohei Ohtani,Tampa Bay Rays,N Martinez,Los Angeles Dodgers,E Lauer,+25513,4,+198,1.0,0.0,open,Settled
us-oh:01kv6rb3hwe5a87gdc4nmr8mq0,2026-06-15,2026-06-15 19:02,Hunter Goodman,Colorado Rockies,M Lorenzen,Chicago Cubs,S Imanaga,+40305,4,+235,1.0,0.0,open,Settled
us-oh:01kv6rb3hwe5a87gdc4nmr8mq0,2026-06-15,2026-06-15 19:02,Tyler Soderstrom,Pittsburgh Pirates,J Jones,Athletics,J Ginn,+40305,4,+360,1.0,0.0,open,Settled
us-oh:01kv6rb3hwe5a87gdc4nmr8mq0,2026-06-15,2026-06-15 19:02,Corbin Carroll,Los Angeles Angels,W Urena,Arizona Diamondbacks,R Nelson,+40305,4,+470,1.0,0.0,open,Settled
us-oh:01kv6rb3hwe5a87gdc4nmr8mq0,2026-06-15,2026-06-15 19:02,Andy Pages,Tampa Bay Rays,N Martinez,Los Angeles Dodgers,E Lauer,+40305,4,+360,1.0,0.0,open,Settled
us-oh:01kv6qnbhcetqvv840fr47fwdq,2026-06-15,2026-06-15 18:50,Yordan Alvarez,Detroit Tigers,D Anderson,Houston Astros,K Teng,+21689,4,+285,10.0,0.0,open,Settled
us-oh:01kv6qnbhcetqvv840fr47fwdq,2026-06-15,2026-06-15 18:50,Shea Langeliers,Pittsburgh Pirates,J Jones,Athletics,J Ginn,+21689,4,+250,10.0,0.0,open,Settled
us-oh:01kv6qnbhcetqvv840fr47fwdq,2026-06-15,2026-06-15 18:50,Mike Trout,Los Angeles Angels,W Urena,Arizona Diamondbacks,R Nelson,+21689,4,+320,10.0,0.0,open,Settled
us-oh:01kv6qnbhcetqvv840fr47fwdq,2026-06-15,2026-06-15 18:50,Max Muncy,Tampa Bay Rays,N Martinez,Los Angeles Dodgers,E Lauer,+21689,4,+285,10.0,0.0,open,Settled
us-oh:01kv6r2ze9f7jbhw8axgsd4gff,2026-06-15,2026-06-15 18:57,JJ Bleday,New York Mets,T Myers,Cincinnati Reds,C Burns,+10883,3,+370,1.0,0.0,open,Settled
us-oh:01kv6r2ze9f7jbhw8axgsd4gff,2026-06-15,2026-06-15 18:57,Ian Happ,Colorado Rockies,M Lorenzen,Chicago Cubs,S Imanaga,+10883,3,+310,1.0,0.0,open,Settled
us-oh:01kv6r2ze9f7jbhw8axgsd4gff,2026-06-15,2026-06-15 18:57,Kody Clemens,Minnesota Twins,M Paredes,Texas Rangers,M Gore,+10883,3,+470,1.0,0.0,open,Settled
us-oh:01kv6r11zhermv45jzr96hcm7g,2026-06-15,2026-06-15 18:56,Juan Soto,New York Mets,T Myers,Cincinnati Reds,C Burns,+12303,3,+280,1.0,0.0,open,Settled
us-oh:01kv6r11zhermv45jzr96hcm7g,2026-06-15,2026-06-15 18:56,Cole Carrigg,Colorado Rockies,M Lorenzen,Chicago Cubs,S Imanaga,+12303,3,+540,1.0,0.0,open,Settled
us-oh:01kv6r11zhermv45jzr96hcm7g,2026-06-15,2026-06-15 18:56,Christian Walker,Detroit Tigers,D Anderson,Houston Astros,K Teng,+12303,3,+410,1.0,0.0,open,Settled
us-oh:01kv6qev5wfpy8dfhyx60z85s3,2026-06-15,2026-06-15 18:46,Sal Stewart,New York Mets,T Myers,Cincinnati Reds,C Burns,+31105,4,+350,1.0,0.0,open,Settled
us-oh:01kv6qev5wfpy8dfhyx60z85s3,2026-06-15,2026-06-15 18:46,Jordan Walker,San Diego Padres,W Peralta,St. Louis Cardinals,D May,+31105,4,+350,1.0,0.0,open,Settled
us-oh:01kv6qev5wfpy8dfhyx60z85s3,2026-06-15,2026-06-15 18:46,Hunter Goodman,Colorado Rockies,M Lorenzen,Chicago Cubs,S Imanaga,+31105,4,+235,1.0,0.0,open,Settled
us-oh:01kv6qev5wfpy8dfhyx60z85s3,2026-06-15,2026-06-15 18:46,Dillon Dingler,Detroit Tigers,D Anderson,Houston Astros,K Teng,+31105,4,+360,1.0,0.0,open,Settled
us-oh:01kv6stb0ae3rryk56jjyk0tp3,2026-06-15,2026-06-15 19:28,Yordan Alvarez,Detroit Tigers,D Anderson,Houston Astros,K Teng,+36840,4,,1.0,0.0,open,Settled
us-oh:01kv6stb0ae3rryk56jjyk0tp3,2026-06-15,2026-06-15 19:28,Isaac Paredes,Detroit Tigers,D Anderson,Houston Astros,K Teng,+36840,4,,1.0,0.0,open,Settled
us-oh:01kv6stb0ae3rryk56jjyk0tp3,2026-06-15,2026-06-15 19:28,Alec Burleson,San Diego Padres,W Peralta,St. Louis Cardinals,D May,+36840,4,+410,1.0,0.0,open,Settled
us-oh:01kv6stb0ae3rryk56jjyk0tp3,2026-06-15,2026-06-15 19:28,Nick Kurtz,Pittsburgh Pirates,J Jones,Athletics,J Ginn,+36840,4,+250,1.0,0.0,open,Settled
O/2072111/0001901,2026-06-15,2026-06-15 18:42,Bryce Harper,Miami Marlins,R Gusto,Philadelphia Phillies,Z Wheeler,+29357,4,+300,10.0,0.0,open,Settled
O/2072111/0001901,2026-06-15,2026-06-15 18:42,Juan Soto,New York Mets,T Myers,Cincinnati Reds,C Burns,+29357,4,+280,10.0,0.0,open,Settled
O/2072111/0001901,2026-06-15,2026-06-15 18:42,Alec Burleson,San Diego Padres,W Peralta,St. Louis Cardinals,D May,+29357,4,+410,10.0,0.0,open,Settled
O/2072111/0001901,2026-06-15,2026-06-15 18:42,Yordan Alvarez,Detroit Tigers,D Anderson,Houston Astros,K Teng,+29357,4,+280,10.0,0.0,open,Settled
us-oh:01kv6q8h63eb5sa7nqbnyrm6td,2026-06-15,2026-06-15 18:43,Kyle Schwarber,Miami Marlins,R Gusto,Philadelphia Phillies,Z Wheeler,+6903,3,+190,1.0,0.0,open,Settled
us-oh:01kv6q8h63eb5sa7nqbnyrm6td,2026-06-15,2026-06-15 18:43,Jac Caglianone,Kansas City Royals,M Spence,Washington Nationals,A Alvarez,+6903,3,+590,1.0,0.0,open,Settled
us-oh:01kv6q8h63eb5sa7nqbnyrm6td,2026-06-15,2026-06-15 18:43,Shea Langeliers,Pittsburgh Pirates,J Jones,Athletics,J Ginn,+6903,3,+250,1.0,0.0,open,Settled
us-oh:01kv3zcssdff58dqgh6h1959mh,2026-06-14,2026-06-14 17:07,Willson Contreras,Texas Rangers,N Eovaldi,Boston Red Sox,C Early,+28600,4,,1.0,0.0,open,Settled
us-oh:01kv3zcssdff58dqgh6h1959mh,2026-06-14,2026-06-14 17:07,Jarren Duran,Texas Rangers,N Eovaldi,Boston Red Sox,C Early,+28600,4,,1.0,0.0,open,Settled
us-oh:01kv3zcssdff58dqgh6h1959mh,2026-06-14,2026-06-14 17:07,Jake Burger,Texas Rangers,N Eovaldi,Boston Red Sox,C Early,+28600,4,,1.0,0.0,open,Settled
us-oh:01kv3zcssdff58dqgh6h1959mh,2026-06-14,2026-06-14 17:07,Wilyer Abreu,Texas Rangers,N Eovaldi,Boston Red Sox,C Early,+28600,4,,1.0,0.0,open,Settled
us-oh:01kv3e56refgqsfn3engy4vgas,2026-06-14,2026-06-14 12:06,Paul Goldschmidt,New York Yankees,W Warren,Toronto Blue Jays,P Corbin,+11072,3,+470,1.0,0.0,open,Settled
us-oh:01kv3e56refgqsfn3engy4vgas,2026-06-14,2026-06-14 12:06,JJ Bleday,Arizona Diamondbacks,Z Gallen,Cincinnati Reds,A Abbott,+11072,3,+300,1.0,0.0,open,Settled
us-oh:01kv3e56refgqsfn3engy4vgas,2026-06-14,2026-06-14 12:06,Alec Burleson,St. Louis Cardinals,M McGreevy,Minnesota Twins,T Bradley,+11072,3,+390,1.0,0.0,open,Settled
us-oh:01kv3egwsafs5at1xw6t9r3pnh,2026-06-14,2026-06-14 12:13,Pete Alonso,San Diego Padres,W Buehler,Baltimore Orioles,T Rogers,+20719,4,,1.0,0.0,open,Settled
us-oh:01kv3egwsafs5at1xw6t9r3pnh,2026-06-14,2026-06-14 12:13,Manny Machado,San Diego Padres,W Buehler,Baltimore Orioles,T Rogers,+20719,4,,1.0,0.0,open,Settled
us-oh:01kv3egwsafs5at1xw6t9r3pnh,2026-06-14,2026-06-14 12:13,Samuel Basallo,San Diego Padres,W Buehler,Baltimore Orioles,T Rogers,+20719,4,,1.0,0.0,open,Settled
us-oh:01kv3egwsafs5at1xw6t9r3pnh,2026-06-14,2026-06-14 12:13,Gunnar Henderson,San Diego Padres,W Buehler,Baltimore Orioles,T Rogers,+20719,4,,1.0,0.0,open,Settled
us-oh:01kv3e7p8fekzbx0xcm0hfrx5f,2026-06-14,2026-06-14 12:08,Yordan Alvarez,Houston Astros,S Arrighetti,Kansas City Royals,S Kolek,+24290,4,+310,1.0,0.0,open,Settled
us-oh:01kv3e7p8fekzbx0xcm0hfrx5f,2026-06-14,2026-06-14 12:08,Kyle Schwarber,Philadelphia Phillies,C Sanchez,Milwaukee Brewers,K Harrison,+24290,4,+300,1.0,0.0,open,Settled
us-oh:01kv3e7p8fekzbx0xcm0hfrx5f,2026-06-14,2026-06-14 12:08,Jordan Walker,St. Louis Cardinals,M McGreevy,Minnesota Twins,T Bradley,+24290,4,+420,1.0,0.0,open,Settled
us-oh:01kv3e7p8fekzbx0xcm0hfrx5f,2026-06-14,2026-06-14 12:08,Nick Kurtz,Colorado Rockies,T Sugano,Athletics,J Springs,+24290,4,+186,1.0,0.0,open,Settled
O/2072111/0001900,2026-06-14,2026-06-14 12:18,Dominic Canzone,Seattle Mariners,E Hancock,Washington Nationals,P Poulin,+52575,4,+360,5.0,0.0,open,Settled
O/2072111/0001900,2026-06-14,2026-06-14 12:18,Paul Goldschmidt,New York Yankees,W Warren,Toronto Blue Jays,P Corbin,+52575,4,+470,5.0,0.0,open,Settled
O/2072111/0001900,2026-06-14,2026-06-14 12:18,Yordan Alvarez,Houston Astros,S Arrighetti,Kansas City Royals,S Kolek,+52575,4,+310,5.0,0.0,open,Settled
O/2072111/0001900,2026-06-14,2026-06-14 12:18,Alec Burleson,St. Louis Cardinals,M McGreevy,Minnesota Twins,T Bradley,+52575,4,+390,5.0,0.0,open,Settled
us-oh:01kv3e2n1ke52b4km4sq2m724e,2026-06-14,2026-06-14 12:05,Dominic Canzone,Seattle Mariners,E Hancock,Washington Nationals,P Poulin,+23305,4,+360,1.0,0.0,open,Settled
us-oh:01kv3e2n1ke52b4km4sq2m724e,2026-06-14,2026-06-14 12:05,Juan Soto,Atlanta Braves,B Elder,New York Mets,F Peralta,+23305,4,+265,1.0,0.0,open,Settled
us-oh:01kv3e2n1ke52b4km4sq2m724e,2026-06-14,2026-06-14 12:05,Yordan Alvarez,Houston Astros,S Arrighetti,Kansas City Royals,S Kolek,+23305,4,+310,1.0,0.0,open,Settled
us-oh:01kv3e2n1ke52b4km4sq2m724e,2026-06-14,2026-06-14 12:05,Shohei Ohtani,Los Angeles Dodgers,E Sheehan,Chicago White Sox,B Hudson,+23305,4,+240,1.0,0.0,open,Settled
us-oh:01kv0ye57yfwyskzfhz6yks917,2026-06-13,2026-06-13 12:53,Pete Alonso,San Diego Padres,R Vasquez,Baltimore Orioles,T Gibson,+10439,3,+330,5.0,0.0,open,Settled
us-oh:01kv0ye57yfwyskzfhz6yks917,2026-06-13,2026-06-13 12:53,Bobby Witt Jr.,Houston Astros,M Burrows,Kansas City Royals,N Cameron,+10439,3,+330,5.0,0.0,open,Settled
us-oh:01kv0ye57yfwyskzfhz6yks917,2026-06-13,2026-06-13 12:53,Pete Crow-Armstrong,Chicago Cubs,B Brown,San Francisco Giants,T McDonald,+10439,3,+470,5.0,0.0,open,Settled
us-oh:01kv1hqqgren2t58sdrgxax8sa,2026-06-13,2026-06-13 18:30,Shea Langeliers,Colorado Rockies,K Freeland,Athletics,J Estes,+12598,5,,1.0,0.0,open,Settled
us-oh:01kv1hqqgren2t58sdrgxax8sa,2026-06-13,2026-06-13 18:30,Hunter Goodman,Colorado Rockies,K Freeland,Athletics,J Estes,+12598,5,,1.0,0.0,open,Settled
us-oh:01kv1hqqgren2t58sdrgxax8sa,2026-06-13,2026-06-13 18:30,Nick Kurtz,Colorado Rockies,K Freeland,Athletics,J Estes,+12598,5,,1.0,0.0,open,Settled
us-oh:01kv1hqqgren2t58sdrgxax8sa,2026-06-13,2026-06-13 18:30,Tyler Soderstrom,Colorado Rockies,K Freeland,Athletics,J Estes,+12598,5,,1.0,0.0,void,Settled
us-oh:01kv1hqqgren2t58sdrgxax8sa,2026-06-13,2026-06-13 18:30,Yordan Alvarez,Houston Astros,M Burrows,Kansas City Royals,N Cameron,+12598,5,+250,1.0,0.0,open,Settled
us-oh:01kv1j7q1jea9bgmegc262h6mf,2026-06-13,2026-06-13 18:39,Kyle Schwarber,Philadelphia Phillies,A Nola,Milwaukee Brewers,S Drohan,+7158,3,,1.0,0.0,open,Settled
us-oh:01kv1j7q1jea9bgmegc262h6mf,2026-06-13,2026-06-13 18:39,Bryce Harper,Philadelphia Phillies,A Nola,Milwaukee Brewers,S Drohan,+7158,3,,1.0,0.0,open,Settled
us-oh:01kv1j7q1jea9bgmegc262h6mf,2026-06-13,2026-06-13 18:39,Christian Walker,Houston Astros,M Burrows,Kansas City Royals,N Cameron,+7158,3,+420,1.0,0.0,open,Settled
us-oh:01kv11vrkvevrshexz4fmtktpp,2026-06-13,2026-06-13 13:53,James Wood,Seattle Mariners,L Castillo,Washington Nationals,C Cavalli,+21345,4,+270,10.05,0.0,open,Settled
us-oh:01kv11vrkvevrshexz4fmtktpp,2026-06-13,2026-06-13 13:53,Yordan Alvarez,Houston Astros,M Burrows,Kansas City Royals,N Cameron,+21345,4,+260,10.05,0.0,open,Settled
us-oh:01kv11vrkvevrshexz4fmtktpp,2026-06-13,2026-06-13 13:53,Kyle Schwarber,Philadelphia Phillies,A Nola,Milwaukee Brewers,S Drohan,+21345,4,+250,10.05,0.0,open,Settled
us-oh:01kv11vrkvevrshexz4fmtktpp,2026-06-13,2026-06-13 13:53,Mike Trout,Tampa Bay Rays,G Jax,Los Angeles Angels,J Soriano,+21345,4,+360,10.05,0.0,open,Settled
us-oh:01kv11hy56f55b0td9e6eg7vqf,2026-06-13,2026-06-13 13:47,James Wood,Seattle Mariners,L Castillo,Washington Nationals,C Cavalli,+28182,4,+270,2.0,0.0,open,Settled
us-oh:01kv11hy56f55b0td9e6eg7vqf,2026-06-13,2026-06-13 13:47,Pete Alonso,San Diego Padres,R Vasquez,Baltimore Orioles,T Gibson,+28182,4,+300,2.0,0.0,open,Settled
us-oh:01kv11hy56f55b0td9e6eg7vqf,2026-06-13,2026-06-13 13:47,Corbin Carroll,Arizona Diamondbacks,M Soroka,Cincinnati Reds,R Lowder,+28182,4,+290,2.0,0.0,open,Settled
us-oh:01kv11hy56f55b0td9e6eg7vqf,2026-06-13,2026-06-13 13:47,Jake Bauers,Philadelphia Phillies,A Nola,Milwaukee Brewers,S Drohan,+28182,4,+390,2.0,0.0,open,Settled
us-oh:01kv0y53dfepkbcgmfvs29z63x,2026-06-13,2026-06-13 12:48,Byron Buxton,St. Louis Cardinals,M Liberatore,Minnesota Twins,C Prielipp,+10234,3,+270,1.0,0.0,open,Settled
us-oh:01kv0y53dfepkbcgmfvs29z63x,2026-06-13,2026-06-13 12:48,Wilyer Abreu,Texas Rangers,J deGrom,Boston Red Sox,R Suarez,+10234,3,+390,1.0,0.0,open,Settled
us-oh:01kv0y53dfepkbcgmfvs29z63x,2026-06-13,2026-06-13 12:48,Isaac Paredes,Houston Astros,M Burrows,Kansas City Royals,N Cameron,+10234,3,+470,1.0,0.0,open,Settled
us-oh:01kv12e8e2eh5rm404gphhqwp6,2026-06-13,2026-06-13 14:03,Pete Alonso,San Diego Padres,R Vasquez,Baltimore Orioles,T Gibson,+9744,3,+310,1.52,0.0,open,Settled
us-oh:01kv12e8e2eh5rm404gphhqwp6,2026-06-13,2026-06-13 14:03,Willson Contreras,Texas Rangers,J deGrom,Boston Red Sox,R Suarez,+9744,3,+390,1.52,0.0,open,Settled
us-oh:01kv12e8e2eh5rm404gphhqwp6,2026-06-13,2026-06-13 14:03,Jake Bauers,Philadelphia Phillies,A Nola,Milwaukee Brewers,S Drohan,+9744,3,+390,1.52,0.0,open,Settled
O/2072111/0001898,2026-06-13,2026-06-13 13:46,Jordan Walker,St. Louis Cardinals,M Liberatore,Minnesota Twins,C Prielipp,+38290,4,+410,10.0,0.0,open,Settled
O/2072111/0001898,2026-06-13,2026-06-13 13:46,JJ Bleday,Arizona Diamondbacks,M Soroka,Cincinnati Reds,R Lowder,+38290,4,+310,10.0,0.0,open,Settled
O/2072111/0001898,2026-06-13,2026-06-13 13:46,Willson Contreras,Texas Rangers,J deGrom,Boston Red Sox,R Suarez,+38290,4,+410,10.0,0.0,open,Settled
O/2072111/0001898,2026-06-13,2026-06-13 13:46,Yordan Alvarez,Houston Astros,M Burrows,Kansas City Royals,N Cameron,+38290,4,+260,10.0,0.0,open,Settled
us-oh:01kv1ajrf2fjg9a95wck7aqqyk,2026-06-13,2026-06-13 16:25,Ketel Marte,Arizona Diamondbacks,M Soroka,Cincinnati Reds,R Lowder,+14486,3,+410,1.0,0.0,open,Settled
us-oh:01kv1ajrf2fjg9a95wck7aqqyk,2026-06-13,2026-06-13 16:25,Michael Harris II,Atlanta Braves,M Perez,New York Mets,S Manaea,+14486,3,+550,1.0,0.0,open,Settled
us-oh:01kv1ajrf2fjg9a95wck7aqqyk,2026-06-13,2026-06-13 16:25,Jac Caglianone,Houston Astros,M Burrows,Kansas City Royals,N Cameron,+14486,3,+340,1.0,0.0,open,Settled
us-oh:01kv1ddzbzfwk9estkev1qfggr,2026-06-13,2026-06-13 17:15,Kyle Schwarber,Philadelphia Phillies,A Nola,Milwaukee Brewers,S Drohan,+33314,4,,1.0,0.0,open,Settled
us-oh:01kv1ddzbzfwk9estkev1qfggr,2026-06-13,2026-06-13 17:15,Jackson Chourio,Philadelphia Phillies,A Nola,Milwaukee Brewers,S Drohan,+33314,4,,1.0,0.0,open,Settled
us-oh:01kv1ddzbzfwk9estkev1qfggr,2026-06-13,2026-06-13 17:15,Riley Greene,Detroit Tigers,T Skubal,Cleveland Guardians,J Cantillo,+33314,4,+850,1.0,0.0,open,Settled
us-oh:01kv1ddzbzfwk9estkev1qfggr,2026-06-13,2026-06-13 17:15,Nick Kurtz,Colorado Rockies,K Freeland,Athletics,J Estes,+33314,4,+152,1.0,0.0,open,Settled
O/2072111/0001897,2026-06-13,2026-06-13 12:50,Bo Bichette,Atlanta Braves,M Perez,New York Mets,S Manaea,+116966,4,+490,5.0,0.0,open,Settled
O/2072111/0001897,2026-06-13,2026-06-13 12:50,Colson Montgomery,Los Angeles Dodgers,Y Yamamoto,Chicago White Sox,S Burke,+116966,4,+490,5.0,0.0,open,Settled
O/2072111/0001897,2026-06-13,2026-06-13 12:50,Ian Happ,Chicago Cubs,B Brown,San Francisco Giants,T McDonald,+116966,4,+490,5.0,0.0,open,Settled
O/2072111/0001897,2026-06-13,2026-06-13 12:50,Jonathan Aranda,Tampa Bay Rays,G Jax,Los Angeles Angels,J Soriano,+116966,4,+470,5.0,0.0,open,Settled
us-oh:01kv11nq03fg59jfqsvms2w73t,2026-06-13,2026-06-13 13:50,Ben Rice,New York Yankees,C Schlittler,Toronto Blue Jays,K Gausman,+12236,3,+310,2.1,0.0,open,Settled
us-oh:01kv11nq03fg59jfqsvms2w73t,2026-06-13,2026-06-13 13:50,Nathaniel Lowe,Arizona Diamondbacks,M Soroka,Cincinnati Reds,R Lowder,+12236,3,+410,2.1,0.0,open,Settled
us-oh:01kv11nq03fg59jfqsvms2w73t,2026-06-13,2026-06-13 13:50,Dillon Dingler,Detroit Tigers,T Skubal,Cleveland Guardians,J Cantillo,+12236,3,+490,2.1,0.0,open,Settled
O/2072111/0001896,2026-06-13,2026-06-13 12:46,Nelson Velazquez,St. Louis Cardinals,M Liberatore,Minnesota Twins,C Prielipp,+206264,5,+470,10.0,0.0,open,Settled
O/2072111/0001896,2026-06-13,2026-06-13 12:46,C.J. Abrams,Seattle Mariners,L Castillo,Washington Nationals,C Cavalli,+206264,5,+410,10.0,0.0,open,Settled
O/2072111/0001896,2026-06-13,2026-06-13 12:46,Gunnar Henderson,San Diego Padres,R Vasquez,Baltimore Orioles,T Gibson,+206264,5,+370,10.0,0.0,open,Settled
O/2072111/0001896,2026-06-13,2026-06-13 12:46,Spencer Torkelson,Detroit Tigers,T Skubal,Cleveland Guardians,J Cantillo,+206264,5,+490,10.0,0.0,open,Settled
O/2072111/0001896,2026-06-13,2026-06-13 12:46,Hunter Goodman,Colorado Rockies,K Freeland,Athletics,J Estes,+206264,5,+156,10.0,0.0,open,Settled
us-oh:01ktzd9en9fse9n1eb84mqnwfd,2026-06-12,2026-06-12 22:34,Shea Langeliers,Colorado Rockies,S Sullivan,Athletics,G Jump,+5654,3,,1.0,0.0,open,Settled
us-oh:01ktzd9en9fse9n1eb84mqnwfd,2026-06-12,2026-06-12 22:34,Nick Kurtz,Colorado Rockies,S Sullivan,Athletics,G Jump,+5654,3,,1.0,0.0,open,Settled
us-oh:01ktzd9en9fse9n1eb84mqnwfd,2026-06-12,2026-06-12 22:34,Casey Schmitt,Chicago Cubs,J Assad,San Francisco Giants,L Roupp,+5654,3,+700,1.0,0.0,open,Settled
us-oh:01ktzdgemdfymahxax32a72sa5,2026-06-12,2026-06-12 22:38,Hunter Goodman,Colorado Rockies,S Sullivan,Athletics,G Jump,+17290,4,,1.0,0.0,open,Settled
us-oh:01ktzdgemdfymahxax32a72sa5,2026-06-12,2026-06-12 22:38,Nick Kurtz,Colorado Rockies,S Sullivan,Athletics,G Jump,+17290,4,,1.0,0.0,open,Settled
us-oh:01ktzdgemdfymahxax32a72sa5,2026-06-12,2026-06-12 22:38,Shea Langeliers,Colorado Rockies,S Sullivan,Athletics,G Jump,+17290,4,,1.0,0.0,open,Settled
us-oh:01ktzdgemdfymahxax32a72sa5,2026-06-12,2026-06-12 22:38,Yandy Diaz,Tampa Bay Rays,S McClanahan,Los Angeles Angels,S Aldegheri,+17290,4,+800,1.0,0.0,open,Settled
us-oh:01ktzdfze9ftwrdj5nj41srt9h,2026-06-12,2026-06-12 22:38,Mike Trout,Tampa Bay Rays,S McClanahan,Los Angeles Angels,S Aldegheri,+23828,3,,1.0,0.0,open,Settled
us-oh:01ktzdfze9ftwrdj5nj41srt9h,2026-06-12,2026-06-12 22:38,Junior Caminero,Tampa Bay Rays,S McClanahan,Los Angeles Angels,S Aldegheri,+23828,3,,1.0,0.0,open,Settled
us-oh:01ktzdfze9ftwrdj5nj41srt9h,2026-06-12,2026-06-12 22:38,Jo Adell,Tampa Bay Rays,S McClanahan,Los Angeles Angels,S Aldegheri,+23828,3,,1.0,0.0,open,Settled
us-oh:01ktyt641aempacrfvc0bz77d9,2026-06-12,2026-06-12 17:00,Willson Contreras,Texas Rangers,J Leiter,Boston Red Sox,S Gray,+10106,3,+440,1.0,0.0,open,Settled
us-oh:01ktyt641aempacrfvc0bz77d9,2026-06-12,2026-06-12 17:00,Sal Stewart,Arizona Diamondbacks,E Rodriguez,Cincinnati Reds,N Lodolo,+10106,3,+320,1.0,0.0,open,Settled
us-oh:01ktyt641aempacrfvc0bz77d9,2026-06-12,2026-06-12 17:00,Alec Burleson,St. Louis Cardinals,K Leahy,Minnesota Twins,J Ryan,+10106,3,+350,1.0,0.0,open,Settled
us-oh:01ktytd84jfmf9973mmdff75ff,2026-06-12,2026-06-12 17:04,Max Muncy,Los Angeles Dodgers,R Sasaki,Chicago White Sox,A Kay,+9962,3,+330,1.0,0.0,open,Settled
us-oh:01ktytd84jfmf9973mmdff75ff,2026-06-12,2026-06-12 17:04,Yordan Alvarez,Houston Astros,T Imai,Kansas City Royals,L Avila,+9962,3,+350,1.0,0.0,open,Settled
us-oh:01ktytd84jfmf9973mmdff75ff,2026-06-12,2026-06-12 17:04,Jordan Walker,St. Louis Cardinals,K Leahy,Minnesota Twins,J Ryan,+9962,3,+420,1.0,0.0,open,Settled
us-oh:01ktyt98p7ewr88axp50h5yv2f,2026-06-12,2026-06-12 17:02,JJ Bleday,Arizona Diamondbacks,E Rodriguez,Cincinnati Reds,N Lodolo,+11630,3,+320,1.0,0.0,open,Settled
us-oh:01ktyt98p7ewr88axp50h5yv2f,2026-06-12,2026-06-12 17:02,Andy Pages,Los Angeles Dodgers,R Sasaki,Chicago White Sox,A Kay,+11630,3,+390,1.0,0.0,open,Settled
us-oh:01ktyt98p7ewr88axp50h5yv2f,2026-06-12,2026-06-12 17:02,C.J. Abrams,Seattle Mariners,B Miller,Washington Nationals,Z Littell,+11630,3,+470,1.0,0.0,open,Settled
O/2072111/0001893,2026-06-12,2026-06-12 16:55,Juan Soto,Atlanta Braves,S Strider,New York Mets,N McLean,+29856,4,,0.0,0.0,open,Settled
O/2072111/0001893,2026-06-12,2026-06-12 16:55,Matt Olson,Atlanta Braves,S Strider,New York Mets,N McLean,+29856,4,,0.0,0.0,open,Settled
O/2072111/0001893,2026-06-12,2026-06-12 16:55,Jake Bauers,Philadelphia Phillies,T Banks,Milwaukee Brewers,J Misiorowski,+29856,4,+410,0.0,0.0,open,Settled
O/2072111/0001893,2026-06-12,2026-06-12 16:55,James Wood,Seattle Mariners,B Miller,Washington Nationals,Z Littell,+29856,4,+320,0.0,0.0,open,Settled
O/2072111/0001894,2026-06-12,2026-06-12 17:15,Kyle Schwarber,Philadelphia Phillies,T Banks,Milwaukee Brewers,J Misiorowski,+39141,4,+330,10.08,0.0,open,Settled
O/2072111/0001894,2026-06-12,2026-06-12 17:15,Yordan Alvarez,Houston Astros,T Imai,Kansas City Royals,L Avila,+39141,4,+350,10.08,0.0,open,Settled
O/2072111/0001894,2026-06-12,2026-06-12 17:15,Jordan Walker,St. Louis Cardinals,K Leahy,Minnesota Twins,J Ryan,+39141,4,+420,10.08,0.0,open,Settled
O/2072111/0001894,2026-06-12,2026-06-12 17:15,Juan Soto,Atlanta Braves,S Strider,New York Mets,N McLean,+39141,4,+290,10.08,0.0,open,Settled
O/2072111/0001895,2026-06-12,2026-06-12 17:57,Corbin Carroll,Arizona Diamondbacks,E Rodriguez,Cincinnati Reds,N Lodolo,+258658,5,+390,10.35,0.0,open,Settled
O/2072111/0001895,2026-06-12,2026-06-12 17:57,Andy Pages,Los Angeles Dodgers,R Sasaki,Chicago White Sox,A Kay,+258658,5,+410,10.35,0.0,open,Settled
O/2072111/0001895,2026-06-12,2026-06-12 17:57,Jackson Chourio,Philadelphia Phillies,T Banks,Milwaukee Brewers,J Misiorowski,+258658,5,+490,10.35,0.0,open,Settled
O/2072111/0001895,2026-06-12,2026-06-12 17:57,Alec Burleson,St. Louis Cardinals,K Leahy,Minnesota Twins,J Ryan,+258658,5,+350,10.35,0.0,open,Settled
O/2072111/0001895,2026-06-12,2026-06-12 17:57,Juan Soto,Atlanta Braves,S Strider,New York Mets,N McLean,+258658,5,+290,10.35,0.0,open,Settled
us-oh:01ktyv41bbfwdvvyxv7rn8nbd4,2026-06-12,2026-06-12 17:17,Bryce Harper,Philadelphia Phillies,T Banks,Milwaukee Brewers,J Misiorowski,+12909,3,+490,1.05,0.0,open,Settled
us-oh:01ktyv41bbfwdvvyxv7rn8nbd4,2026-06-12,2026-06-12 17:17,Andy Pages,Los Angeles Dodgers,R Sasaki,Chicago White Sox,A Kay,+12909,3,+390,1.05,0.0,open,Settled
us-oh:01ktyv41bbfwdvvyxv7rn8nbd4,2026-06-12,2026-06-12 17:17,Alec Burleson,St. Louis Cardinals,K Leahy,Minnesota Twins,J Ryan,+12909,3,+350,1.05,0.0,open,Settled
us-oh:01ktyt3qa4fxts7feyrpamgnnz,2026-06-12,2026-06-12 16:59,Dillon Dingler,Detroit Tigers,J Flaherty,Cleveland Guardians,T Bibee,+14520,3,+490,1.0,0.0,open,Settled
us-oh:01ktyt3qa4fxts7feyrpamgnnz,2026-06-12,2026-06-12 16:59,Kyle Schwarber,Philadelphia Phillies,T Banks,Milwaukee Brewers,J Misiorowski,+14520,3,+320,1.0,0.0,open,Settled
us-oh:01ktyt3qa4fxts7feyrpamgnnz,2026-06-12,2026-06-12 16:59,Jared Young,Atlanta Braves,S Strider,New York Mets,N McLean,+14520,3,+490,1.0,0.0,open,Settled
O/2072111/0001888,2026-06-11,2026-06-11 17:09,Freddie Freeman,Los Angeles Dodgers,J Wrobleski,Pittsburgh Pirates,M Keller,+11202,3,,10.0,0.0,open,Settled
O/2072111/0001888,2026-06-11,2026-06-11 17:09,Andy Pages,Los Angeles Dodgers,J Wrobleski,Pittsburgh Pirates,M Keller,+11202,3,,10.0,0.0,open,Settled
O/2072111/0001888,2026-06-11,2026-06-11 17:09,Luke Raley,Seattle Mariners,B Woo,Baltimore Orioles,K Bradish,+11202,3,+390,10.0,0.0,open,Settled
us-oh:01ktw7jxdzf8csagvya568wkap,2026-06-11,2026-06-11 16:57,Max Muncy,Los Angeles Dodgers,J Wrobleski,Pittsburgh Pirates,M Keller,+9822,3,,1.05,0.0,open,Settled
us-oh:01ktw7jxdzf8csagvya568wkap,2026-06-11,2026-06-11 16:57,Shohei Ohtani,Los Angeles Dodgers,J Wrobleski,Pittsburgh Pirates,M Keller,+9822,3,,1.05,0.0,open,Settled
us-oh:01ktw7jxdzf8csagvya568wkap,2026-06-11,2026-06-11 16:57,Jorge Mateo,Atlanta Braves,M Perez,Chicago White Sox,A Kay,+9822,3,,1.05,0.0,void,Settled
us-oh:01ktw7gxwse639f9pxyfagaz30,2026-06-11,2026-06-11 16:56,Andy Pages,Los Angeles Dodgers,J Wrobleski,Pittsburgh Pirates,M Keller,+15635,3,+520,1.05,0.0,open,Settled
us-oh:01ktw7gxwse639f9pxyfagaz30,2026-06-11,2026-06-11 16:56,Dominic Canzone,Seattle Mariners,B Woo,Baltimore Orioles,K Bradish,+15635,3,+440,1.05,0.0,open,Settled
us-oh:01ktw7gxwse639f9pxyfagaz30,2026-06-11,2026-06-11 16:56,Michael Harris II,Atlanta Braves,M Perez,Chicago White Sox,A Kay,+15635,3,,1.05,0.0,void,Settled
us-oh:01ktw7f98vewzata7mnmstretm,2026-06-11,2026-06-11 16:55,Freddie Freeman,Los Angeles Dodgers,J Wrobleski,Pittsburgh Pirates,M Keller,+11542,3,+440,1.05,0.0,open,Settled
us-oh:01ktw7f98vewzata7mnmstretm,2026-06-11,2026-06-11 16:55,Luke Raley,Seattle Mariners,B Woo,Baltimore Orioles,K Bradish,+11542,3,+390,1.05,0.0,open,Settled
us-oh:01ktw7f98vewzata7mnmstretm,2026-06-11,2026-06-11 16:55,Miguel Vargas,Atlanta Braves,M Perez,Chicago White Sox,A Kay,+11542,3,,1.05,0.0,void,Settled
us-oh:01ktw6zy83fb9sxjfh8qwr43er,2026-06-11,2026-06-11 16:46,Miguel Vargas,Atlanta Braves,M Perez,Chicago White Sox,A Kay,,3,,1.0,1.0,void,Settled
us-oh:01ktw6zy83fb9sxjfh8qwr43er,2026-06-11,2026-06-11 16:46,Randal Grichuk,Atlanta Braves,M Perez,Chicago White Sox,A Kay,,3,,1.0,1.0,void,Settled
us-oh:01ktw6zy83fb9sxjfh8qwr43er,2026-06-11,2026-06-11 16:46,Matt Olson,Atlanta Braves,M Perez,Chicago White Sox,A Kay,,3,,1.0,1.0,void,Settled
us-oh:01ktw81yj2f8pa1jxhnb09vyv9,2026-06-11,2026-06-11 17:05,Miguel Vargas,Atlanta Braves,M Perez,Chicago White Sox,A Kay,+7249,3,,1.02,5.0,void,Settled
us-oh:01ktw81yj2f8pa1jxhnb09vyv9,2026-06-11,2026-06-11 17:05,Colson Montgomery,Atlanta Braves,M Perez,Chicago White Sox,A Kay,+7249,3,,1.02,5.0,void,Settled
us-oh:01ktw81yj2f8pa1jxhnb09vyv9,2026-06-11,2026-06-11 17:05,Pete Alonso,Seattle Mariners,B Woo,Baltimore Orioles,K Bradish,+7249,3,+390,1.02,5.0,open,Settled
us-oh:01ktw80ptxe91ay3g1nw51ec21,2026-06-11,2026-06-11 17:04,Luke Raley,Seattle Mariners,B Woo,Baltimore Orioles,K Bradish,+8913,3,,1.02,20.43,open,Settled
us-oh:01ktw80ptxe91ay3g1nw51ec21,2026-06-11,2026-06-11 17:04,Dominic Canzone,Seattle Mariners,B Woo,Baltimore Orioles,K Bradish,+8913,3,,1.02,20.43,open,Settled
us-oh:01ktw80ptxe91ay3g1nw51ec21,2026-06-11,2026-06-11 17:04,Matt Olson,Atlanta Braves,M Perez,Chicago White Sox,A Kay,+8913,3,,1.02,20.43,void,Settled
us-oh:01ktw84jm6ffp9b4xyre71v591,2026-06-11,2026-06-11 17:06,Braden Montgomery,Atlanta Braves,M Perez,Chicago White Sox,A Kay,+25622,3,,1.02,0.0,void,Settled
us-oh:01ktw84jm6ffp9b4xyre71v591,2026-06-11,2026-06-11 17:06,Jorge Mateo,Atlanta Braves,M Perez,Chicago White Sox,A Kay,+25622,3,,1.02,0.0,void,Settled
us-oh:01ktw84jm6ffp9b4xyre71v591,2026-06-11,2026-06-11 17:06,Bobby Witt Jr.,Texas Rangers,K Rocker,Kansas City Royals,M Wacha,+25622,3,+500,1.02,0.0,open,Settled
us-oh:01ktw86xfzfg68nxxhfg0fsgqb,2026-06-11,2026-06-11 17:08,Andy Pages,Los Angeles Dodgers,J Wrobleski,Pittsburgh Pirates,M Keller,+14106,3,,1.02,0.0,open,Settled
us-oh:01ktw86xfzfg68nxxhfg0fsgqb,2026-06-11,2026-06-11 17:08,Dalton Rushing,Los Angeles Dodgers,J Wrobleski,Pittsburgh Pirates,M Keller,+14106,3,,1.02,0.0,open,Settled
us-oh:01ktw86xfzfg68nxxhfg0fsgqb,2026-06-11,2026-06-11 17:08,Jake Burger,Texas Rangers,K Rocker,Kansas City Royals,M Wacha,+14106,3,+460,1.02,0.0,open,Settled
us-oh:01ktw7z1g0ehxafrh5nx3ed6ty,2026-06-11,2026-06-11 17:03,Max Muncy,Los Angeles Dodgers,J Wrobleski,Pittsburgh Pirates,M Keller,+7399,3,,1.02,0.0,open,Settled
us-oh:01ktw7z1g0ehxafrh5nx3ed6ty,2026-06-11,2026-06-11 17:03,Shohei Ohtani,Los Angeles Dodgers,J Wrobleski,Pittsburgh Pirates,M Keller,+7399,3,,1.02,0.0,open,Settled
us-oh:01ktw7z1g0ehxafrh5nx3ed6ty,2026-06-11,2026-06-11 17:03,Jac Caglianone,Texas Rangers,K Rocker,Kansas City Royals,M Wacha,+7399,3,+550,1.02,0.0,open,Settled
us-oh:01ktvwpantemc80vb360cbveye,2026-06-11,2026-06-11 13:46,Pete Crow-Armstrong,Chicago Cubs,E Cabrera,Colorado Rockies,R Feltner,+4955,3,,1.0,0.0,open,Settled
us-oh:01ktvwpantemc80vb360cbveye,2026-06-11,2026-06-11 13:46,Ian Happ,Chicago Cubs,E Cabrera,Colorado Rockies,R Feltner,+4955,3,,1.0,0.0,open,Settled
us-oh:01ktvwpantemc80vb360cbveye,2026-06-11,2026-06-11 13:46,Miguel Vargas,Atlanta Braves,M Perez,Chicago White Sox,A Kay,+4955,3,,1.0,0.0,void,Settled
O/2072111/0001887,2026-06-11,2026-06-11 13:43,Byron Buxton,Minnesota Twins,Z Matthews,Detroit Tigers,K Montero,+31908,4,,10.0,0.0,open,Settled
O/2072111/0001887,2026-06-11,2026-06-11 13:43,Dillon Dingler,Minnesota Twins,Z Matthews,Detroit Tigers,K Montero,+31908,4,,10.0,0.0,open,Settled
O/2072111/0001887,2026-06-11,2026-06-11 13:43,Juan Soto,St. Louis Cardinals,H Dobbins,New York Mets,C Scott,+31908,4,+433,10.0,0.0,open,Settled
O/2072111/0001887,2026-06-11,2026-06-11 13:43,Hunter Goodman,Chicago Cubs,E Cabrera,Colorado Rockies,R Feltner,+31908,4,+316,10.0,0.0,open,Settled
us-oh:01ktvwva9req6ayy2xg4mx84ya,2026-06-11,2026-06-11 13:49,Corbin Carroll,Arizona Diamondbacks,M Kelly,Miami Marlins,T Phillips,+16354,3,,1.0,0.0,open,Settled
us-oh:01ktvwva9req6ayy2xg4mx84ya,2026-06-11,2026-06-11 13:49,Kyle Stowers,Arizona Diamondbacks,M Kelly,Miami Marlins,T Phillips,+16354,3,,1.0,0.0,open,Settled
us-oh:01ktvwva9req6ayy2xg4mx84ya,2026-06-11,2026-06-11 13:49,Marcus Semien,St. Louis Cardinals,H Dobbins,New York Mets,C Scott,+16354,3,+650,1.0,0.0,open,Settled
O/2072111/0001885,2026-06-10,2026-06-10 22:15,Christian Walker,Houston Astros,P Lambert,Los Angeles Angels,R Detmers,+10094,3,,1.0,0.0,open,Settled
O/2072111/0001885,2026-06-10,2026-06-10 22:15,Jo Adell,Houston Astros,P Lambert,Los Angeles Angels,R Detmers,+10094,3,,1.0,0.0,open,Settled
O/2072111/0001885,2026-06-10,2026-06-10 22:15,Zack Gelof,Milwaukee Brewers,B Sproat,Athletics,J Perkins,+10094,3,+430,1.0,0.0,open,Settled
O/2072111/0001884,2026-06-10,2026-06-10 22:12,Shea Langeliers,Milwaukee Brewers,B Sproat,Athletics,J Perkins,+4666,3,,1.0,0.0,open,Settled
O/2072111/0001884,2026-06-10,2026-06-10 22:12,Nick Kurtz,Milwaukee Brewers,B Sproat,Athletics,J Perkins,+4666,3,,1.0,0.0,open,Settled
O/2072111/0001884,2026-06-10,2026-06-10 22:12,Yordan Alvarez,Houston Astros,P Lambert,Los Angeles Angels,R Detmers,+4666,3,+420,1.0,0.0,open,Settled
O/2072111/0001886,2026-06-10,2026-06-10 22:16,Jake Bauers,Milwaukee Brewers,B Sproat,Athletics,J Perkins,+8742,3,,1.0,0.0,open,Settled
O/2072111/0001886,2026-06-10,2026-06-10 22:16,Nick Kurtz,Milwaukee Brewers,B Sproat,Athletics,J Perkins,+8742,3,,1.0,0.0,open,Settled
O/2072111/0001886,2026-06-10,2026-06-10 22:16,Zach Neto,Houston Astros,P Lambert,Los Angeles Angels,R Detmers,+8742,3,+550,1.0,0.0,open,Settled
O/2072111/0001881,2026-06-10,2026-06-10 15:51,Andy Pages,Los Angeles Dodgers,S Ohtani,Pittsburgh Pirates,J Jones,+7911,3,,1.0,0.0,open,Settled
O/2072111/0001881,2026-06-10,2026-06-10 15:51,Freddie Freeman,Los Angeles Dodgers,S Ohtani,Pittsburgh Pirates,J Jones,+7911,3,,1.0,0.0,open,Settled
O/2072111/0001881,2026-06-10,2026-06-10 15:51,Byron Buxton,Minnesota Twins,M Paredes,Detroit Tigers,F Valdez,+7911,3,+235,1.0,0.0,open,Settled
O/2072111/0001878,2026-06-10,2026-06-10 15:40,Dillon Dingler,Minnesota Twins,M Paredes,Detroit Tigers,F Valdez,+23650,4,+440,1.0,0.0,open,Settled
O/2072111/0001878,2026-06-10,2026-06-10 15:40,Kyle Schwarber,Philadelphia Phillies,J Luzardo,Toronto Blue Jays,M Scherzer,+23650,4,+164,1.0,0.0,open,Settled
O/2072111/0001878,2026-06-10,2026-06-10 15:40,Juan Soto,St. Louis Cardinals,A Pallante,New York Mets,A Warren,+23650,4,+390,1.0,0.0,open,Settled
O/2072111/0001878,2026-06-10,2026-06-10 15:40,Hunter Goodman,Chicago Cubs,S Imanaga,Colorado Rockies,M Lorenzen,+23650,4,+240,1.0,0.0,open,Settled
O/2072111/0001880,2026-06-10,2026-06-10 15:47,James Wood,Washington Nationals,F Griffin,San Francisco Giants,R Ray,+13706,3,+500,1.0,137.06,open,Settled
O/2072111/0001880,2026-06-10,2026-06-10 15:47,JJ Bleday,Cincinnati Reds,B Singer,San Diego Padres,M King,+13706,3,+490,1.0,137.06,open,Settled
O/2072111/0001880,2026-06-10,2026-06-10 15:47,Shohei Ohtani,Los Angeles Dodgers,S Ohtani,Pittsburgh Pirates,J Jones,+13706,3,+290,1.0,137.06,open,Settled
O/2072111/0001882,2026-06-10,2026-06-10 18:41,Byron Buxton,Minnesota Twins,M Paredes,Detroit Tigers,F Valdez,+31145,4,,1.0,0.0,open,Settled
O/2072111/0001882,2026-06-10,2026-06-10 18:41,Kerry Carpenter,Minnesota Twins,M Paredes,Detroit Tigers,F Valdez,+31145,4,,1.0,0.0,open,Settled
O/2072111/0001882,2026-06-10,2026-06-10 18:41,Taylor Ward,Seattle Mariners,G Kirby,Baltimore Orioles,B Young,+31145,4,+550,1.0,0.0,open,Settled
O/2072111/0001882,2026-06-10,2026-06-10 18:41,Max Muncy,Los Angeles Dodgers,S Ohtani,Pittsburgh Pirates,J Jones,+31145,4,+390,1.0,0.0,open,Settled
O/2072111/0001883,2026-06-10,2026-06-10 18:46,Dominic Canzone,Seattle Mariners,G Kirby,Baltimore Orioles,B Young,+9582,3,+280,1.0,0.0,open,Settled
O/2072111/0001883,2026-06-10,2026-06-10 18:46,Randal Grichuk,Atlanta Braves,C Sale,Chicago White Sox,D Martin,+9582,3,+390,1.0,0.0,open,Settled
O/2072111/0001883,2026-06-10,2026-06-10 18:46,Joc Pederson,Texas Rangers,M Gore,Kansas City Royals,S Lugo,+9582,3,+420,1.0,0.0,open,Settled
O/2072111/0001879,2026-06-10,2026-06-10 15:43,Casey Schmitt,Washington Nationals,F Griffin,San Francisco Giants,R Ray,+15511,3,+440,1.0,0.0,open,Settled
O/2072111/0001879,2026-06-10,2026-06-10 15:43,Gavin Sheets,Cincinnati Reds,B Singer,San Diego Padres,M King,+15511,3,+490,1.0,0.0,open,Settled
O/2072111/0001879,2026-06-10,2026-06-10 15:43,Max Muncy,Los Angeles Dodgers,S Ohtani,Pittsburgh Pirates,J Jones,+15511,3,+390,1.0,0.0,open,Settled
O/2072111/0001875,2026-06-09,2026-06-09 21:24,JJ Bleday,Cincinnati Reds,C Burns,San Diego Padres,L Giolito,+9740,3,+440,1.0,0.0,open,Settled
O/2072111/0001875,2026-06-09,2026-06-09 21:24,Rafael Devers,Washington Nationals,A Alvarez,San Francisco Giants,A Houser,+9740,3,+570,1.0,0.0,open,Settled
O/2072111/0001875,2026-06-09,2026-06-09 21:24,Nick Kurtz,Milwaukee Brewers,R Gasser,Athletics,J Ginn,+9740,3,+172,1.0,0.0,open,Settled
O/2072111/0001876,2026-06-09,2026-06-09 21:24,Sal Stewart,Cincinnati Reds,C Burns,San Diego Padres,L Giolito,+13423,3,+470,1.0,0.0,open,Settled
O/2072111/0001876,2026-06-09,2026-06-09 21:24,Casey Schmitt,Washington Nationals,A Alvarez,San Francisco Giants,A Houser,+13423,3,+630,1.0,0.0,open,Settled
O/2072111/0001876,2026-06-09,2026-06-09 21:24,Max P. Muncy,Milwaukee Brewers,R Gasser,Athletics,J Ginn,+13423,3,+225,1.0,0.0,open,Settled
O/2072111/0001877,2026-06-09,2026-06-09 21:25,Ian Happ,Chicago Cubs,C Rea,Colorado Rockies,T Sugano,+15240,3,+370,1.0,0.0,open,Settled
O/2072111/0001877,2026-06-09,2026-06-09 21:25,Christian Walker,Houston Astros,K Teng,Los Angeles Angels,W Urena,+15240,3,+410,1.0,0.0,open,Settled
O/2072111/0001877,2026-06-09,2026-06-09 21:25,Gavin Sheets,Cincinnati Reds,C Burns,San Diego Padres,L Giolito,+15240,3,+540,1.0,0.0,open,Settled
O/2072111/0001874,2026-06-09,2026-06-09 21:23,Pete Crow-Armstrong,Chicago Cubs,C Rea,Colorado Rockies,T Sugano,+4856,3,+340,1.0,0.0,open,Settled
O/2072111/0001874,2026-06-09,2026-06-09 21:23,Mike Trout,Houston Astros,K Teng,Los Angeles Angels,W Urena,+4856,3,+340,1.0,0.0,open,Settled
O/2072111/0001874,2026-06-09,2026-06-09 21:23,Shea Langeliers,Milwaukee Brewers,R Gasser,Athletics,J Ginn,+4856,3,+156,1.0,0.0,open,Settled
us-oh:01ktq871kqed7rnyvxs58zfcwf,2026-06-09,2026-06-09 18:31,Byron Buxton,Minnesota Twins,T Bradley,Detroit Tigers,T Melton,+17338,4,,1.0,0.0,open,Settled
us-oh:01ktq871kqed7rnyvxs58zfcwf,2026-06-09,2026-06-09 18:31,Dillon Dingler,Seattle Mariners,L Gilbert,Baltimore Orioles,T Rogers,+17338,4,,1.0,0.0,open,Settled
us-oh:01ktq871kqed7rnyvxs58zfcwf,2026-06-09,2026-06-09 18:31,Julio Rodriguez,Minnesota Twins,T Bradley,Detroit Tigers,T Melton,+17338,4,,1.0,0.0,open,Settled
us-oh:01ktq871kqed7rnyvxs58zfcwf,2026-06-09,2026-06-09 18:31,Pete Alonso,Minnesota Twins,T Bradley,Detroit Tigers,T Melton,+17338,4,,1.0,0.0,open,Settled
us-oh:01ktq81r4tfjnb3nzgad3614cx,2026-06-09,2026-06-09 18:29,Ben Rice,New York Yankees,G Cole,Cleveland Guardians,S Cecconi,+18612,4,,1.0,0.0,open,Settled
us-oh:01ktq81r4tfjnb3nzgad3614cx,2026-06-09,2026-06-09 18:29,Jose Ramirez,New York Yankees,G Cole,Cleveland Guardians,S Cecconi,+18612,4,,1.0,0.0,open,Settled
us-oh:01ktq81r4tfjnb3nzgad3614cx,2026-06-09,2026-06-09 18:29,Shohei Ohtani,Los Angeles Dodgers,E Lauer,Pittsburgh Pirates,P Skenes,+18612,4,+320,1.0,0.0,open,Settled
us-oh:01ktq81r4tfjnb3nzgad3614cx,2026-06-09,2026-06-09 18:29,Kyle Schwarber,Philadelphia Phillies,Z Wheeler,Toronto Blue Jays,D Cease,+18612,4,+285,1.0,0.0,open,Settled
O/2072111/0001873,2026-06-09,2026-06-09 18:36,Jarren Duran,Boston Red Sox,P Tolle,Tampa Bay Rays,N Martinez,+40609,3,+570,10.0,0.0,open,Settled
O/2072111/0001873,2026-06-09,2026-06-09 18:36,Max Muncy,Los Angeles Dodgers,E Lauer,Pittsburgh Pirates,P Skenes,+40609,3,+520,10.0,0.0,open,Settled
O/2072111/0001873,2026-06-09,2026-06-09 18:36,Liam Hicks,Arizona Diamondbacks,Z Gallen,Miami Marlins,M Meyer,+40609,3,+880,10.0,0.0,open,Settled
us-oh:01ktq89r46fm5bdqmtydxp7bvp,2026-06-09,2026-06-09 18:33,Colton Cowser,Seattle Mariners,L Gilbert,Baltimore Orioles,T Rogers,+15511,3,+490,1.0,0.0,open,Settled
us-oh:01ktq89r46fm5bdqmtydxp7bvp,2026-06-09,2026-06-09 18:33,Yandy Diaz,Boston Red Sox,P Tolle,Tampa Bay Rays,N Martinez,+15511,3,+440,1.0,0.0,open,Settled
us-oh:01ktq89r46fm5bdqmtydxp7bvp,2026-06-09,2026-06-09 18:33,Brandon Lowe,Los Angeles Dodgers,E Lauer,Pittsburgh Pirates,P Skenes,+15511,3,+390,1.0,0.0,open,Settled
us-oh:01ktq80z6ee3sakj4nv0g4sm2k,2026-06-09,2026-06-09 18:28,Corbin Carroll,Arizona Diamondbacks,Z Gallen,Miami Marlins,M Meyer,+13750,3,,1.0,0.0,open,Settled
us-oh:01ktq80z6ee3sakj4nv0g4sm2k,2026-06-09,2026-06-09 18:28,Ketel Marte,Arizona Diamondbacks,Z Gallen,Miami Marlins,M Meyer,+13750,3,,1.0,0.0,open,Settled
us-oh:01ktq80z6ee3sakj4nv0g4sm2k,2026-06-09,2026-06-09 18:28,Wilyer Abreu,Boston Red Sox,P Tolle,Tampa Bay Rays,N Martinez,+13750,3,+520,1.0,0.0,open,Settled
us-oh:01ktq173qnew9rz22ed1a9536a,2026-06-09,2026-06-09 16:29,Willson Contreras,Boston Red Sox,P Tolle,Tampa Bay Rays,N Martinez,+16148,3,+410,1.0,0.0,open,Settled
us-oh:01ktq173qnew9rz22ed1a9536a,2026-06-09,2026-06-09 16:29,Corbin Carroll,Arizona Diamondbacks,Z Gallen,Miami Marlins,M Meyer,+16148,3,+490,1.0,0.0,open,Settled
us-oh:01ktq173qnew9rz22ed1a9536a,2026-06-09,2026-06-09 16:29,Kerry Carpenter,Minnesota Twins,T Bradley,Detroit Tigers,T Melton,+16148,3,+440,1.0,0.0,open,Settled
us-oh:01ktmeycx4fpg8yt1ejjg8kfy6,2026-06-08,2026-06-08 16:31,Kyle Schwarber,Philadelphia Phillies,C Sanchez,Toronto Blue Jays,P Corbin,+41193,4,+265,1.0,0.0,open,Settled
us-oh:01ktmeycx4fpg8yt1ejjg8kfy6,2026-06-08,2026-06-08 16:31,Yordan Alvarez,Houston Astros,S Arrighetti,Los Angeles Angels,G Rodriguez,+41193,4,+225,1.0,0.0,open,Settled
us-oh:01ktmeycx4fpg8yt1ejjg8kfy6,2026-06-08,2026-06-08 16:31,JJ Bleday,Cincinnati Reds,A Abbott,San Diego Padres,W Buehler,+41193,4,+490,1.0,0.0,open,Settled
us-oh:01ktmeycx4fpg8yt1ejjg8kfy6,2026-06-08,2026-06-08 16:31,James Wood,Washington Nationals,R Lovelady,San Francisco Giants,L Webb,+41193,4,+490,1.0,0.0,open,Settled
us-oh:01ktmej0bme6p9x2kng2y5sr1r,2026-06-08,2026-06-08 16:25,Yandy Diaz,Boston Red Sox,C Early,Tampa Bay Rays,I Seymour,+4753,3,,1.0,0.0,open,Settled
us-oh:01ktmej0bme6p9x2kng2y5sr1r,2026-06-08,2026-06-08 16:25,Willson Contreras,Boston Red Sox,C Early,Tampa Bay Rays,I Seymour,+4753,3,,1.0,0.0,open,Settled
us-oh:01ktmej0bme6p9x2kng2y5sr1r,2026-06-08,2026-06-08 16:25,Yordan Alvarez,Houston Astros,S Arrighetti,Los Angeles Angels,G Rodriguez,+4753,3,+225,1.0,0.0,open,Settled
us-oh:01ktmetcntemvt964addfegavd,2026-06-08,2026-06-08 16:29,Julio Rodriguez,Seattle Mariners,E Hancock,Baltimore Orioles,T Gibson,+12325,3,+440,1.0,0.0,open,Settled
us-oh:01ktmetcntemvt964addfegavd,2026-06-08,2026-06-08 16:29,JJ Bleday,Cincinnati Reds,A Abbott,San Diego Padres,W Buehler,+12325,3,+490,1.0,0.0,open,Settled
us-oh:01ktmetcntemvt964addfegavd,2026-06-08,2026-06-08 16:29,Jackson Chourio,Milwaukee Brewers,K Harrison,Athletics,J Springs,+12325,3,+290,1.0,0.0,open,Settled
us-oh:01ktmf1hzheqcv36sg8tdgherp,2026-06-08,2026-06-08 16:33,Luke Raley,Seattle Mariners,E Hancock,Baltimore Orioles,T Gibson,+29432,4,+390,1.0,0.0,open,Settled
us-oh:01ktmf1hzheqcv36sg8tdgherp,2026-06-08,2026-06-08 16:33,Ben Rice,New York Yankees,W Warren,Cleveland Guardians,G Williams,+29432,4,+310,1.0,0.0,open,Settled
us-oh:01ktmf1hzheqcv36sg8tdgherp,2026-06-08,2026-06-08 16:33,Mike Trout,Houston Astros,S Arrighetti,Los Angeles Angels,G Rodriguez,+29432,4,+320,1.0,0.0,open,Settled
us-oh:01ktmf1hzheqcv36sg8tdgherp,2026-06-08,2026-06-08 16:33,Nick Kurtz,Milwaukee Brewers,K Harrison,Athletics,J Springs,+29432,4,+250,1.0,0.0,open,Settled
us-oh:01ktmendnsfn3vv3gnvw9c6w2r,2026-06-08,2026-06-08 16:26,Pete Alonso,Seattle Mariners,E Hancock,Baltimore Orioles,T Gibson,+5813,3,+340,1.0,0.0,open,Settled
us-oh:01ktmendnsfn3vv3gnvw9c6w2r,2026-06-08,2026-06-08 16:26,Junior Caminero,Boston Red Sox,C Early,Tampa Bay Rays,I Seymour,+5813,3,+320,1.0,0.0,open,Settled
us-oh:01ktmendnsfn3vv3gnvw9c6w2r,2026-06-08,2026-06-08 16:26,Shea Langeliers,Milwaukee Brewers,K Harrison,Athletics,J Springs,+5813,3,+220,1.0,0.0,open,Settled
us-oh:01ktmefahrex994kkwj2r4fb5k,2026-06-08,2026-06-08 16:23,Luke Raley,Seattle Mariners,E Hancock,Baltimore Orioles,T Gibson,+22228,4,,1.0,0.0,open,Settled
us-oh:01ktmefahrex994kkwj2r4fb5k,2026-06-08,2026-06-08 16:23,Dominic Canzone,Seattle Mariners,E Hancock,Baltimore Orioles,T Gibson,+22228,4,,1.0,0.0,open,Settled
us-oh:01ktmefahrex994kkwj2r4fb5k,2026-06-08,2026-06-08 16:23,Ben Rice,New York Yankees,W Warren,Cleveland Guardians,G Williams,+22228,4,+300,1.0,0.0,open,Settled
us-oh:01ktmefahrex994kkwj2r4fb5k,2026-06-08,2026-06-08 16:23,Kyle Schwarber,Philadelphia Phillies,C Sanchez,Toronto Blue Jays,P Corbin,+22228,4,+270,1.0,0.0,open,Settled
us-oh:01ktj7t1mxf07ak4drrtywmxv4,2026-06-07,2026-06-07 19:48,Seiya Suzuki,San Francisco Giants,T McDonald,Chicago Cubs,J Taillon,+17023,3,,1.0,0.0,open,Settled
us-oh:01ktj7t1mxf07ak4drrtywmxv4,2026-06-07,2026-06-07 19:48,Matt Chapman,San Francisco Giants,T McDonald,Chicago Cubs,J Taillon,+17023,3,,1.0,0.0,open,Settled
us-oh:01ktj7t1mxf07ak4drrtywmxv4,2026-06-07,2026-06-07 19:48,Rafael Devers,San Francisco Giants,T McDonald,Chicago Cubs,J Taillon,+17023,3,,1.0,0.0,open,Settled
us-oh:01ktj7qxe3ffc9axrrm5890cmm,2026-06-07,2026-06-07 19:47,Casey Schmitt,San Francisco Giants,T McDonald,Chicago Cubs,J Taillon,+42935,4,,1.0,0.0,open,Settled
us-oh:01ktj7qxe3ffc9axrrm5890cmm,2026-06-07,2026-06-07 19:47,Willy Adames,San Francisco Giants,T McDonald,Chicago Cubs,J Taillon,+42935,4,,1.0,0.0,open,Settled
us-oh:01ktj7qxe3ffc9axrrm5890cmm,2026-06-07,2026-06-07 19:47,Pete Crow-Armstrong,San Francisco Giants,T McDonald,Chicago Cubs,J Taillon,+42935,4,,1.0,0.0,open,Settled
us-oh:01ktj7qxe3ffc9axrrm5890cmm,2026-06-07,2026-06-07 19:47,Michael Busch,San Francisco Giants,T McDonald,Chicago Cubs,J Taillon,+42935,4,,1.0,0.0,open,Settled
us-oh:01kthqqyprefkbd3nmj9g2424m,2026-06-07,2026-06-07 15:07,Mike Trout,Los Angeles Angels,J Soriano,Los Angeles Dodgers,E Sheehan,+10711,3,,1.0,4.24,open,Settled
us-oh:01kthqqyprefkbd3nmj9g2424m,2026-06-07,2026-06-07 15:07,Jo Adell,Los Angeles Angels,J Soriano,Los Angeles Dodgers,E Sheehan,+10711,3,,1.0,4.24,open,Settled
us-oh:01kthqqyprefkbd3nmj9g2424m,2026-06-07,2026-06-07 15:07,C.J. Abrams,Washington Nationals,C Cavalli,Arizona Diamondbacks,M Soroka,+10711,3,+540,1.0,4.24,open,Settled
us-oh:01kthqsgfqfjxajq6a26m67rm3,2026-06-07,2026-06-07 15:08,Fernando Tatis Jr.,New York Mets,H Brazoban,San Diego Padres,R Vasquez,+12835,3,,1.0,0.0,open,Settled
us-oh:01kthqsgfqfjxajq6a26m67rm3,2026-06-07,2026-06-07 15:08,Jared Young,New York Mets,H Brazoban,San Diego Padres,R Vasquez,+12835,3,,1.0,0.0,open,Settled
us-oh:01kthqsgfqfjxajq6a26m67rm3,2026-06-07,2026-06-07 15:08,Bryce Eldridge,San Francisco Giants,T McDonald,Chicago Cubs,J Taillon,+12835,3,+360,1.0,0.0,open,Settled
us-oh:01kthqrkhqf2rsycqr6pgp3hp0,2026-06-07,2026-06-07 15:08,Casey Schmitt,San Francisco Giants,T McDonald,Chicago Cubs,J Taillon,+29602,4,,1.0,0.0,open,Settled
us-oh:01kthqrkhqf2rsycqr6pgp3hp0,2026-06-07,2026-06-07 15:08,Willy Adames,San Francisco Giants,T McDonald,Chicago Cubs,J Taillon,+29602,4,,1.0,0.0,open,Settled
us-oh:01kthqrkhqf2rsycqr6pgp3hp0,2026-06-07,2026-06-07 15:08,Hunter Goodman,Milwaukee Brewers,S Drohan,Colorado Rockies,K Freeland,+29602,4,+340,1.0,0.0,open,Settled
us-oh:01kthqrkhqf2rsycqr6pgp3hp0,2026-06-07,2026-06-07 15:08,Juan Soto,New York Mets,H Brazoban,San Diego Padres,R Vasquez,+29602,4,+285,1.0,0.0,open,Settled
O/2072111/0001871,2026-06-07,2026-06-07 15:08,Jose Ramirez,Cleveland Guardians,J Cantillo,Texas Rangers,J deGrom,+17948,3,+500,1.0,0.0,open,Settled
O/2072111/0001871,2026-06-07,2026-06-07 15:08,Jackson Chourio,Milwaukee Brewers,S Drohan,Colorado Rockies,K Freeland,+17948,3,+370,1.0,0.0,open,Settled
O/2072111/0001871,2026-06-07,2026-06-07 15:08,Corbin Carroll,Washington Nationals,C Cavalli,Arizona Diamondbacks,M Soroka,+17948,3,+540,1.0,0.0,open,Settled
O/2072111/0001870,2026-06-07,2026-06-07 15:07,Jake Burger,Cleveland Guardians,J Cantillo,Texas Rangers,J deGrom,+18710,3,+650,1.0,0.0,open,Settled
O/2072111/0001870,2026-06-07,2026-06-07 15:07,Hunter Goodman,Milwaukee Brewers,S Drohan,Colorado Rockies,K Freeland,+18710,3,+340,1.0,0.0,open,Settled
O/2072111/0001870,2026-06-07,2026-06-07 15:07,James Wood,Washington Nationals,C Cavalli,Arizona Diamondbacks,M Soroka,+18710,3,+470,1.0,0.0,open,Settled
O/2072111/0001869,2026-06-07,2026-06-07 13:48,Kyle Schwarber,Chicago White Sox,T Gilbert,Philadelphia Phillies,A Nola,+6801,3,,1.0,0.0,open,Settled
O/2072111/0001869,2026-06-07,2026-06-07 13:48,Bryce Harper,Chicago White Sox,T Gilbert,Philadelphia Phillies,A Nola,+6801,3,,1.0,0.0,open,Settled
O/2072111/0001869,2026-06-07,2026-06-07 13:48,Junior Caminero,Tampa Bay Rays,G Jax,Miami Marlins,S Alcantara,+6801,3,+370,1.0,0.0,open,Settled
us-oh:01ktfna7wvecft7zb5n7s9f784,2026-06-06,2026-06-06 19:46,Jarren Duran,Boston Red Sox,R Suarez,New York Yankees,W Warren,+8682,3,,1.0,0.0,void,Settled
us-oh:01ktfna7wvecft7zb5n7s9f784,2026-06-06,2026-06-06 19:46,Jake Bauers,Milwaukee Brewers,J Misiorowski,Colorado Rockies,Z Agnos,+8682,3,+320,1.0,0.0,open,Settled
us-oh:01ktfna7wvecft7zb5n7s9f784,2026-06-06,2026-06-06 19:46,Juan Soto,New York Mets,N McLean,San Diego Padres,G Canning,+8682,3,+310,1.0,0.0,open,Settled
us-oh:01ktfr0t5ke43aagqp1ae4fzw0,2026-06-06,2026-06-06 20:34,Mookie Betts,Los Angeles Angels,J Kochanowicz,Los Angeles Dodgers,Y Yamamoto,+24820,3,,1.0,0.0,open,Settled
us-oh:01ktfr0t5ke43aagqp1ae4fzw0,2026-06-06,2026-06-06 20:34,Jo Adell,Los Angeles Angels,J Kochanowicz,Los Angeles Dodgers,Y Yamamoto,+24820,3,,1.0,0.0,open,Settled
us-oh:01ktfr0t5ke43aagqp1ae4fzw0,2026-06-06,2026-06-06 20:34,Jared Young,New York Mets,N McLean,San Diego Padres,G Canning,+24820,3,+590,1.0,0.0,open,Settled
us-oh:01ktfqzhghfvt8xyq0yg7bhh1p,2026-06-06,2026-06-06 20:33,Mark Vientos,New York Mets,N McLean,San Diego Padres,G Canning,+7316,3,,1.0,0.0,open,Settled
us-oh:01ktfqzhghfvt8xyq0yg7bhh1p,2026-06-06,2026-06-06 20:33,Juan Soto,New York Mets,N McLean,San Diego Padres,G Canning,+7316,3,,1.0,0.0,open,Settled
us-oh:01ktfqzhghfvt8xyq0yg7bhh1p,2026-06-06,2026-06-06 20:33,Shohei Ohtani,Los Angeles Angels,J Kochanowicz,Los Angeles Dodgers,Y Yamamoto,+7316,3,+245,1.0,0.0,open,Settled
us-oh:01ktfncv9ff0saxm69v0bkwds6,2026-06-06,2026-06-06 19:48,Paul Goldschmidt,Boston Red Sox,R Suarez,New York Yankees,W Warren,+7800,3,,1.0,0.0,void,Settled
us-oh:01ktfncv9ff0saxm69v0bkwds6,2026-06-06,2026-06-06 19:48,Jackson Chourio,Milwaukee Brewers,J Misiorowski,Colorado Rockies,Z Agnos,+7800,3,+285,1.0,0.0,open,Settled
us-oh:01ktfncv9ff0saxm69v0bkwds6,2026-06-06,2026-06-06 19:48,Max Muncy,Los Angeles Angels,J Kochanowicz,Los Angeles Dodgers,Y Yamamoto,+7800,3,+280,1.0,0.0,open,Settled
O/2072111/0001867,2026-06-06,2026-06-06 19:50,Joc Pederson,Cleveland Guardians,T Bibee,Texas Rangers,J Leiter,+11561,3,+550,1.0,0.0,open,Settled
O/2072111/0001867,2026-06-06,2026-06-06 19:50,Ben Rice,Boston Red Sox,R Suarez,New York Yankees,W Warren,+11561,3,,1.0,0.0,void,Settled
O/2072111/0001867,2026-06-06,2026-06-06 19:50,Hunter Goodman,Milwaukee Brewers,J Misiorowski,Colorado Rockies,Z Agnos,+11561,3,+290,1.0,0.0,open,Settled
O/2072111/0001868,2026-06-06,2026-06-06 19:51,Mike Trout,Los Angeles Angels,J Kochanowicz,Los Angeles Dodgers,Y Yamamoto,+11070,3,,1.0,0.0,open,Settled
O/2072111/0001868,2026-06-06,2026-06-06 19:51,Andy Pages,Los Angeles Angels,J Kochanowicz,Los Angeles Dodgers,Y Yamamoto,+11070,3,,1.0,0.0,open,Settled
O/2072111/0001868,2026-06-06,2026-06-06 19:51,Corey Seager,Cleveland Guardians,T Bibee,Texas Rangers,J Leiter,+11070,3,+490,1.0,0.0,open,Settled
us-oh:01ktf6h0sbe649s29c8nq3gg3x,2026-06-06,2026-06-06 15:28,Kyle Schwarber,Chicago White Sox,B Eisert,Philadelphia Phillies,A Painter,+46003,4,+245,1.0,0.0,open,Settled
us-oh:01ktf6h0sbe649s29c8nq3gg3x,2026-06-06,2026-06-06 15:28,Shea Langeliers,Athletics,K Morris,Houston Astros,T Imai,+46003,4,+290,1.0,0.0,open,Settled
us-oh:01ktf6h0sbe649s29c8nq3gg3x,2026-06-06,2026-06-06 15:28,Heriberto Hernandez,Tampa Bay Rays,S McClanahan,Miami Marlins,L Bachar,+46003,4,+790,1.0,0.0,open,Settled
us-oh:01ktf6h0sbe649s29c8nq3gg3x,2026-06-06,2026-06-06 15:28,Hunter Goodman,Milwaukee Brewers,J Misiorowski,Colorado Rockies,Z Agnos,+46003,4,+285,1.0,0.0,open,Settled
us-oh:01ktf09xneevaaye17dv1jsypg,2026-06-06,2026-06-06 13:39,Yordan Alvarez,Athletics,K Morris,Houston Astros,T Imai,+17508,4,,1.0,0.0,open,Settled
us-oh:01ktf09xneevaaye17dv1jsypg,2026-06-06,2026-06-06 13:39,Shea Langeliers,Athletics,K Morris,Houston Astros,T Imai,+17508,4,,1.0,0.0,open,Settled
us-oh:01ktf09xneevaaye17dv1jsypg,2026-06-06,2026-06-06 13:39,Kyle Schwarber,Chicago White Sox,B Eisert,Philadelphia Phillies,A Painter,+17508,4,+235,1.0,0.0,open,Settled
us-oh:01ktf09xneevaaye17dv1jsypg,2026-06-06,2026-06-06 13:39,Juan Soto,New York Mets,N McLean,San Diego Padres,G Canning,+17508,4,+310,1.0,0.0,open,Settled
us-oh:01ktf0fhyaet49xej2c1dtmta6,2026-06-06,2026-06-06 13:42,Christian Walker,Athletics,K Morris,Houston Astros,T Imai,+9555,3,,1.0,0.0,open,Settled
us-oh:01ktf0fhyaet49xej2c1dtmta6,2026-06-06,2026-06-06 13:42,Brent Rooker,Athletics,K Morris,Houston Astros,T Imai,+9555,3,,1.0,0.0,open,Settled
us-oh:01ktf0fhyaet49xej2c1dtmta6,2026-06-06,2026-06-06 13:42,Matt Olson,Pittsburgh Pirates,B Ashcraft,Atlanta Braves,S Strider,+9555,3,+410,1.0,0.0,open,Settled
us-oh:01ktf0kmqve4x8rzh3dr049405,2026-06-06,2026-06-06 13:45,Andrew Benintendi,Chicago White Sox,B Eisert,Philadelphia Phillies,A Painter,+22432,3,+470,1.0,0.0,open,Settled
us-oh:01ktf0kmqve4x8rzh3dr049405,2026-06-06,2026-06-06 13:45,Yandy Diaz,Tampa Bay Rays,S McClanahan,Miami Marlins,L Bachar,+22432,3,+570,1.0,0.0,open,Settled
us-oh:01ktf0kmqve4x8rzh3dr049405,2026-06-06,2026-06-06 13:45,Ronald Acuna Jr.,Pittsburgh Pirates,B Ashcraft,Atlanta Braves,S Strider,+22432,3,+490,1.0,0.0,open,Settled
us-oh:01ktf0cxdbej88te6xd5me9dtp,2026-06-06,2026-06-06 13:41,Colson Montgomery,Chicago White Sox,B Eisert,Philadelphia Phillies,A Painter,+7260,3,+300,1.0,0.0,open,Settled
us-oh:01ktf0cxdbej88te6xd5me9dtp,2026-06-06,2026-06-06 13:41,Brandon Lowe,Pittsburgh Pirates,B Ashcraft,Atlanta Braves,S Strider,+7260,3,+360,1.0,0.0,open,Settled
us-oh:01ktf0cxdbej88te6xd5me9dtp,2026-06-06,2026-06-06 13:41,Ketel Marte,Washington Nationals,Z Littell,Arizona Diamondbacks,E Rodriguez,+7260,3,+300,1.0,0.0,open,Settled
us-oh:01ktf2fg89fg3vg5jm0ayg2kbv,2026-06-06,2026-06-06 14:17,Andrew Benintendi,Chicago White Sox,B Eisert,Philadelphia Phillies,A Painter,+59223,4,+470,1.0,0.0,open,Settled
us-oh:01ktf2fg89fg3vg5jm0ayg2kbv,2026-06-06,2026-06-06 14:17,Corbin Carroll,Washington Nationals,Z Littell,Arizona Diamondbacks,E Rodriguez,+59223,4,+320,1.0,0.0,open,Settled
us-oh:01ktf2fg89fg3vg5jm0ayg2kbv,2026-06-06,2026-06-06 14:17,Freddie Freeman,Los Angeles Angels,J Kochanowicz,Los Angeles Dodgers,Y Yamamoto,+59223,4,+490,1.0,0.0,open,Settled
us-oh:01ktf2fg89fg3vg5jm0ayg2kbv,2026-06-06,2026-06-06 14:17,Juan Soto,New York Mets,N McLean,San Diego Padres,G Canning,+59223,4,+320,1.0,0.0,open,Settled
O/2072111/0001865,2026-06-06,2026-06-06 14:16,Spencer Steer,Cincinnati Reds,N Lodolo,St. Louis Cardinals,M Liberatore,+224286,4,+500,1.0,0.0,open,Settled
O/2072111/0001865,2026-06-06,2026-06-06 14:16,Ian Happ,San Francisco Giants,L Roupp,Chicago Cubs,B Brown,+224286,4,+710,1.0,0.0,open,Settled
O/2072111/0001865,2026-06-06,2026-06-06 14:16,Spencer Horwitz,Pittsburgh Pirates,B Ashcraft,Atlanta Braves,S Strider,+224286,4,+710,1.0,0.0,open,Settled
O/2072111/0001865,2026-06-06,2026-06-06 14:16,Trent Grisham,Boston Red Sox,R Suarez,New York Yankees,W Warren,+224286,4,,1.0,0.0,void,Settled
us-oh:01ktf0e4mre87thb65txegyhyf,2026-06-06,2026-06-06 13:42,JJ Bleday,Cincinnati Reds,N Lodolo,St. Louis Cardinals,M Liberatore,+20351,3,+470,1.0,0.0,open,Settled
us-oh:01ktf0e4mre87thb65txegyhyf,2026-06-06,2026-06-06 13:42,Casey Schmitt,San Francisco Giants,L Roupp,Chicago Cubs,B Brown,+20351,3,+420,1.0,0.0,open,Settled
us-oh:01ktf0e4mre87thb65txegyhyf,2026-06-06,2026-06-06 13:42,Ryan O'Hearn,Pittsburgh Pirates,B Ashcraft,Atlanta Braves,S Strider,+20351,3,+590,1.0,0.0,open,Settled
O/2072111/0001866,2026-06-06,2026-06-06 14:23,Bobby Witt Jr.,Kansas City Royals,L Avila,Minnesota Twins,J Ryan,+17540,3,+500,1.0,0.0,open,Settled
O/2072111/0001866,2026-06-06,2026-06-06 14:23,Sal Stewart,Cincinnati Reds,N Lodolo,St. Louis Cardinals,M Liberatore,+17540,3,+390,1.0,0.0,open,Settled
O/2072111/0001866,2026-06-06,2026-06-06 14:23,Pete Crow-Armstrong,San Francisco Giants,L Roupp,Chicago Cubs,B Brown,+17540,3,+500,1.0,0.0,open,Settled
O/2072111/0001863,2026-06-06,2026-06-06 13:40,Luke Raley,Seattle Mariners,B Miller,Detroit Tigers,K Montero,+14551,3,+550,1.0,0.0,open,Settled
O/2072111/0001863,2026-06-06,2026-06-06 13:40,Jordan Walker,Cincinnati Reds,N Lodolo,St. Louis Cardinals,M Liberatore,+14551,3,+390,1.0,0.0,open,Settled
O/2072111/0001863,2026-06-06,2026-06-06 13:40,Miguel Vargas,Chicago White Sox,B Eisert,Philadelphia Phillies,A Painter,+14551,3,+360,1.0,0.0,open,Settled
O/2072111/0001864,2026-06-06,2026-06-06 13:43,Dillon Dingler,Seattle Mariners,B Miller,Detroit Tigers,K Montero,+19724,3,+700,1.0,0.0,open,Settled
O/2072111/0001864,2026-06-06,2026-06-06 13:43,Corbin Carroll,Washington Nationals,Z Littell,Arizona Diamondbacks,E Rodriguez,+19724,3,+320,1.0,0.0,open,Settled
O/2072111/0001864,2026-06-06,2026-06-06 13:43,Isaac Paredes,Athletics,K Morris,Houston Astros,T Imai,+19724,3,+490,1.0,0.0,open,Settled
us-oh:01ktdagwdrek1ry95sma4f6hx9,2026-06-05,2026-06-05 21:59,Mike Trout,Los Angeles Angels,R Detmers,Los Angeles Dodgers,R Sasaki,+40377,4,,1.0,0.0,open,Settled
us-oh:01ktdagwdrek1ry95sma4f6hx9,2026-06-05,2026-06-05 21:59,Will Smith,Los Angeles Angels,R Detmers,Los Angeles Dodgers,R Sasaki,+40377,4,,1.0,0.0,open,Settled
us-oh:01ktdagwdrek1ry95sma4f6hx9,2026-06-05,2026-06-05 21:59,Kyle Tucker,Los Angeles Angels,R Detmers,Los Angeles Dodgers,R Sasaki,+40377,4,,1.0,0.0,open,Settled
us-oh:01ktdagwdrek1ry95sma4f6hx9,2026-06-05,2026-06-05 21:59,Logan O'Hoppe,Los Angeles Angels,R Detmers,Los Angeles Dodgers,R Sasaki,+40377,4,,1.0,0.0,open,Settled
O/2072111/0001862,2026-06-05,2026-06-05 22:01,Kyle Tucker,Los Angeles Angels,R Detmers,Los Angeles Dodgers,R Sasaki,+24913,3,,1.0,0.0,open,Settled
O/2072111/0001862,2026-06-05,2026-06-05 22:01,Freddie Freeman,Los Angeles Angels,R Detmers,Los Angeles Dodgers,R Sasaki,+24913,3,,1.0,0.0,open,Settled
O/2072111/0001862,2026-06-05,2026-06-05 22:01,Gavin Sheets,New York Mets,C Scott,San Diego Padres,M King,+24913,3,+800,1.0,0.0,open,Settled
O/2072111/0001861,2026-06-05,2026-06-05 21:59,Shohei Ohtani,Los Angeles Angels,R Detmers,Los Angeles Dodgers,R Sasaki,+43724,4,,1.0,0.0,open,Settled
O/2072111/0001861,2026-06-05,2026-06-05 21:59,Mike Trout,Los Angeles Angels,R Detmers,Los Angeles Dodgers,R Sasaki,+43724,4,,1.0,0.0,open,Settled
O/2072111/0001861,2026-06-05,2026-06-05 21:59,Jo Adell,Los Angeles Angels,R Detmers,Los Angeles Dodgers,R Sasaki,+43724,4,,1.0,0.0,open,Settled
O/2072111/0001861,2026-06-05,2026-06-05 21:59,Juan Soto,New York Mets,C Scott,San Diego Padres,M King,+43724,4,+430,1.0,0.0,open,Settled
us-oh:01ktcyq0vweg9r4tfzd411mtsn,2026-06-05,2026-06-05 18:33,Juan Soto,New York Mets,C Scott,San Diego Padres,M King,+8682,3,+310,1.0,0.0,open,Settled
us-oh:01ktcyq0vweg9r4tfzd411mtsn,2026-06-05,2026-06-05 18:33,Ketel Marte,Washington Nationals,F Griffin,Arizona Diamondbacks,M Kelly,+8682,3,+410,1.0,0.0,open,Settled
us-oh:01ktcyq0vweg9r4tfzd411mtsn,2026-06-05,2026-06-05 18:33,Mike Trout,Los Angeles Angels,R Detmers,Los Angeles Dodgers,R Sasaki,+8682,3,+320,1.0,0.0,open,Settled
us-oh:01ktd3nnjderk937ehr47a4pr2,2026-06-05,2026-06-05 20:00,Hunter Goodman,Milwaukee Brewers,B Sproat,Colorado Rockies,R Feltner,+9694,3,,1.0,0.0,open,Settled
us-oh:01ktd3nnjderk937ehr47a4pr2,2026-06-05,2026-06-05 20:00,TJ Rumfield,Milwaukee Brewers,B Sproat,Colorado Rockies,R Feltner,+9694,3,,1.0,0.0,open,Settled
us-oh:01ktd3nnjderk937ehr47a4pr2,2026-06-05,2026-06-05 20:00,Jackson Chourio,Milwaukee Brewers,B Sproat,Colorado Rockies,R Feltner,+9694,3,,1.0,0.0,open,Settled
us-oh:01ktd3khnve89vxqh05es0ace7,2026-06-05,2026-06-05 19:58,Bobby Witt Jr.,Kansas City Royals,M Wacha,Minnesota Twins,Z Matthews,+9355,3,,1.0,0.0,open,Settled
us-oh:01ktd3khnve89vxqh05es0ace7,2026-06-05,2026-06-05 19:58,Kody Clemens,Kansas City Royals,M Wacha,Minnesota Twins,Z Matthews,+9355,3,,1.0,0.0,open,Settled
us-oh:01ktd3khnve89vxqh05es0ace7,2026-06-05,2026-06-05 19:58,Kyle Manzardo,Cleveland Guardians,P Messick,Texas Rangers,K Rocker,+9355,3,+470,1.0,0.0,open,Settled
us-oh:01ktcfvy0jf8tryb98g1da0kvq,2026-06-05,2026-06-05 14:14,Yordan Alvarez,Athletics,J Perkins,Houston Astros,P Lambert,+25156,4,+300,1.0,0.0,open,Settled
us-oh:01ktcfvy0jf8tryb98g1da0kvq,2026-06-05,2026-06-05 14:14,Jake Bauers,Milwaukee Brewers,B Sproat,Colorado Rockies,R Feltner,+25156,4,+340,1.0,0.0,open,Settled
us-oh:01ktcfvy0jf8tryb98g1da0kvq,2026-06-05,2026-06-05 14:14,Byron Buxton,Kansas City Royals,M Wacha,Minnesota Twins,Z Matthews,+25156,4,+250,1.0,0.0,open,Settled
us-oh:01ktcfvy0jf8tryb98g1da0kvq,2026-06-05,2026-06-05 14:14,James Wood,Washington Nationals,F Griffin,Arizona Diamondbacks,M Kelly,+25156,4,+310,1.0,0.0,open,Settled
us-oh:01ktd3cb6fe609hqhkrtnt3xqn,2026-06-05,2026-06-05 19:55,Christian Walker,Athletics,J Perkins,Houston Astros,P Lambert,+13004,3,,1.0,0.0,open,Settled
us-oh:01ktd3cb6fe609hqhkrtnt3xqn,2026-06-05,2026-06-05 19:55,Nick Kurtz,Athletics,J Perkins,Houston Astros,P Lambert,+13004,3,,1.0,0.0,open,Settled
us-oh:01ktd3cb6fe609hqhkrtnt3xqn,2026-06-05,2026-06-05 19:55,Nathaniel Lowe,Cincinnati Reds,B Singer,St. Louis Cardinals,K Leahy,+13004,3,+610,1.0,0.0,open,Settled
us-oh:01ktcyqy7cf6jvy08dar4mzxen,2026-06-05,2026-06-05 18:33,Kyle Schwarber,Chicago White Sox,A Kay,Philadelphia Phillies,J Luzardo,+14420,4,+225,1.0,0.0,open,Settled
us-oh:01ktcyqy7cf6jvy08dar4mzxen,2026-06-05,2026-06-05 18:33,Hunter Goodman,Milwaukee Brewers,B Sproat,Colorado Rockies,R Feltner,+14420,4,+245,1.0,0.0,open,Settled
us-oh:01ktcyqy7cf6jvy08dar4mzxen,2026-06-05,2026-06-05 18:33,Byron Buxton,Kansas City Royals,M Wacha,Minnesota Twins,Z Matthews,+14420,4,+250,1.0,0.0,open,Settled
us-oh:01ktcyqy7cf6jvy08dar4mzxen,2026-06-05,2026-06-05 18:33,Shohei Ohtani,Los Angeles Angels,R Detmers,Los Angeles Dodgers,R Sasaki,+14420,4,+270,1.0,0.0,open,Settled
us-oh:01ktcypbs3fydbwp1m5tjdeejw,2026-06-05,2026-06-05 18:33,Miguel Vargas,Chicago White Sox,A Kay,Philadelphia Phillies,J Luzardo,+11272,3,+440,1.0,0.0,open,Settled
us-oh:01ktcypbs3fydbwp1m5tjdeejw,2026-06-05,2026-06-05 18:33,Yordan Alvarez,Athletics,J Perkins,Houston Astros,P Lambert,+11272,3,+290,1.0,0.0,open,Settled
us-oh:01ktcypbs3fydbwp1m5tjdeejw,2026-06-05,2026-06-05 18:33,JJ Bleday,Cincinnati Reds,B Singer,St. Louis Cardinals,K Leahy,+11272,3,+440,1.0,0.0,open,Settled
us-oh:01ktcg638yey2rf8q3n2vmzed7,2026-06-05,2026-06-05 14:19,Julio Rodriguez,Seattle Mariners,B Woo,Detroit Tigers,F Valdez,+10145,3,+410,1.0,0.0,open,Settled
us-oh:01ktcg638yey2rf8q3n2vmzed7,2026-06-05,2026-06-05 14:19,Jordan Walker,Cincinnati Reds,B Singer,St. Louis Cardinals,K Leahy,+10145,3,+390,1.0,0.0,open,Settled
us-oh:01ktcg638yey2rf8q3n2vmzed7,2026-06-05,2026-06-05 14:19,Jackson Chourio,Milwaukee Brewers,B Sproat,Colorado Rockies,R Feltner,+10145,3,+310,1.0,0.0,open,Settled
us-oh:01ktcg3ffmevhtyz83k5f027st,2026-06-05,2026-06-05 14:18,Willy Adames,San Francisco Giants,R Ray,Chicago Cubs,E Cabrera,+21676,4,,1.0,0.0,open,Settled
us-oh:01ktcg3ffmevhtyz83k5f027st,2026-06-05,2026-06-05 14:18,Ian Happ,San Francisco Giants,R Ray,Chicago Cubs,E Cabrera,+21676,4,,1.0,0.0,open,Settled
us-oh:01ktcg3ffmevhtyz83k5f027st,2026-06-05,2026-06-05 14:18,Hunter Goodman,Milwaukee Brewers,B Sproat,Colorado Rockies,R Feltner,+21676,4,+270,1.0,0.0,open,Settled
us-oh:01ktcg3ffmevhtyz83k5f027st,2026-06-05,2026-06-05 14:18,Juan Soto,New York Mets,C Scott,San Diego Padres,M King,+21676,4,+310,1.0,0.0,open,Settled
us-oh:01ktcfyp87ex9s644jaa7b6ybp,2026-06-05,2026-06-05 14:15,Casey Schmitt,San Francisco Giants,R Ray,Chicago Cubs,E Cabrera,+23693,4,,1.0,0.0,open,Settled
us-oh:01ktcfyp87ex9s644jaa7b6ybp,2026-06-05,2026-06-05 14:15,Pete Crow-Armstrong,San Francisco Giants,R Ray,Chicago Cubs,E Cabrera,+23693,4,,1.0,0.0,open,Settled
us-oh:01ktcfyp87ex9s644jaa7b6ybp,2026-06-05,2026-06-05 14:15,Kyle Schwarber,Chicago White Sox,A Kay,Philadelphia Phillies,J Luzardo,+23693,4,+225,1.0,0.0,open,Settled
us-oh:01ktcfyp87ex9s644jaa7b6ybp,2026-06-05,2026-06-05 14:15,Ketel Marte,Washington Nationals,F Griffin,Arizona Diamondbacks,M Kelly,+23693,4,+410,1.0,0.0,open,Settled
O/2072111/0001859,2026-06-04,2026-06-04 16:58,Ketel Marte,Los Angeles Dodgers,J Wrobleski,Arizona Diamondbacks,R Nelson,+12416,3,,3.0,0.0,open,Settled
O/2072111/0001859,2026-06-04,2026-06-04 16:58,Andy Pages,Los Angeles Dodgers,J Wrobleski,Arizona Diamondbacks,R Nelson,+12416,3,,3.0,0.0,open,Settled
O/2072111/0001859,2026-06-04,2026-06-04 16:58,Brandon Lowe,Pittsburgh Pirates,J Jones,Houston Astros,K Teng,+12416,3,+554,3.0,0.0,open,Settled
us-oh:01ktafac6ef95v5d218fhkvpnd,2026-06-04,2026-06-04 19:25,Bobby Witt Jr.,Kansas City Royals,S Lugo,Minnesota Twins,A Morris,+12333,3,+430,1.0,0.0,open,Settled
us-oh:01ktafac6ef95v5d218fhkvpnd,2026-06-04,2026-06-04 19:25,Pete Crow-Armstrong,Athletics,J Ginn,Chicago Cubs,S Imanaga,+12333,3,+360,1.0,0.0,open,Settled
us-oh:01ktafac6ef95v5d218fhkvpnd,2026-06-04,2026-06-04 19:25,Oneil Cruz,Pittsburgh Pirates,J Jones,Houston Astros,K Teng,+12333,3,+410,1.0,0.0,open,Settled
us-oh:01ktacaf2jfr88dyds7117jbsb,2026-06-04,2026-06-04 18:33,Freddie Freeman,Los Angeles Dodgers,J Wrobleski,Arizona Diamondbacks,R Nelson,+8776,3,,1.0,0.0,open,Settled
us-oh:01ktacaf2jfr88dyds7117jbsb,2026-06-04,2026-06-04 18:33,Andy Pages,Los Angeles Dodgers,J Wrobleski,Arizona Diamondbacks,R Nelson,+8776,3,,1.0,0.0,open,Settled
us-oh:01ktacaf2jfr88dyds7117jbsb,2026-06-04,2026-06-04 18:33,Yordan Alvarez,Pittsburgh Pirates,J Jones,Houston Astros,K Teng,+8776,3,+270,1.0,0.0,open,Settled
us-oh:01kta6q6gzfyrbx0h9fssvnfxq,2026-06-04,2026-06-04 16:55,Byron Buxton,Kansas City Royals,S Lugo,Minnesota Twins,A Morris,+7361,3,+285,1.0,0.0,open,Settled
us-oh:01kta6q6gzfyrbx0h9fssvnfxq,2026-06-04,2026-06-04 16:55,Yordan Alvarez,Pittsburgh Pirates,J Jones,Houston Astros,K Teng,+7361,3,+280,1.0,0.0,open,Settled
us-oh:01kta6q6gzfyrbx0h9fssvnfxq,2026-06-04,2026-06-04 16:55,Max Muncy,Los Angeles Dodgers,J Wrobleski,Arizona Diamondbacks,R Nelson,+7361,3,+410,1.0,0.0,open,Settled
O/2072111/0001860,2026-06-04,2026-06-04 19:25,Matt Olson,Toronto Blue Jays,M Fluharty,Atlanta Braves,C Sale,+11359,3,,1.0,0.0,open,Settled
O/2072111/0001860,2026-06-04,2026-06-04 19:25,Michael Harris II,Toronto Blue Jays,M Fluharty,Atlanta Braves,C Sale,+11359,3,,1.0,0.0,open,Settled
O/2072111/0001860,2026-06-04,2026-06-04 19:25,Ian Happ,Athletics,J Ginn,Chicago Cubs,S Imanaga,+11359,3,+350,1.0,0.0,open,Settled
us-oh:01kta6snzte16vwrgbdcs3gatf,2026-06-04,2026-06-04 16:57,Michael Harris II,Toronto Blue Jays,M Fluharty,Atlanta Braves,C Sale,+11748,3,+520,1.0,0.0,open,Settled
us-oh:01kta6snzte16vwrgbdcs3gatf,2026-06-04,2026-06-04 16:57,Nick Kurtz,Athletics,J Ginn,Chicago Cubs,S Imanaga,+11748,3,+290,1.0,0.0,open,Settled
us-oh:01kta6snzte16vwrgbdcs3gatf,2026-06-04,2026-06-04 16:57,Christian Walker,Pittsburgh Pirates,J Jones,Houston Astros,K Teng,+11748,3,+390,1.0,0.0,open,Settled
us-oh:01kt9r8y77ebht92w3kjvq4qba,2026-06-04,2026-06-04 12:43,Ben Rice,Cleveland Guardians,S Cecconi,New York Yankees,C Rodon,+6314,3,+240,1.0,0.0,open,Settled
us-oh:01kt9r8y77ebht92w3kjvq4qba,2026-06-04,2026-06-04 12:43,Byron Buxton,Kansas City Royals,S Lugo,Minnesota Twins,A Morris,+6314,3,+285,1.0,0.0,open,Settled
us-oh:01kt9r8y77ebht92w3kjvq4qba,2026-06-04,2026-06-04 12:43,Christian Walker,Pittsburgh Pirates,J Jones,Houston Astros,K Teng,+6314,3,+390,1.0,0.0,open,Settled
us-oh:01kt9r4ggyecza2zak12jq02c8,2026-06-04,2026-06-04 12:40,Kyle Schwarber,San Diego Padres,L Giolito,Philadelphia Phillies,Z Wheeler,+7671,3,+205,1.0,0.0,open,Settled
us-oh:01kt9r4ggyecza2zak12jq02c8,2026-06-04,2026-06-04 12:40,Casey Schmitt,San Francisco Giants,A Houser,Milwaukee Brewers,C Crow,+7671,3,+420,1.0,0.0,open,Settled
us-oh:01kt9r4ggyecza2zak12jq02c8,2026-06-04,2026-06-04 12:40,Max Muncy,Los Angeles Dodgers,J Wrobleski,Arizona Diamondbacks,R Nelson,+7671,3,+390,1.0,0.0,open,Settled
us-oh:01kt9rdmwzf3ps74e1a3ht0env,2026-06-04,2026-06-04 12:45,Bryce Harper,San Diego Padres,L Giolito,Philadelphia Phillies,Z Wheeler,+11111,3,+340,1.0,0.0,open,Settled
us-oh:01kt9rdmwzf3ps74e1a3ht0env,2026-06-04,2026-06-04 12:45,Casey Schmitt,San Francisco Giants,A Houser,Milwaukee Brewers,C Crow,+11111,3,+420,1.0,0.0,open,Settled
us-oh:01kt9rdmwzf3ps74e1a3ht0env,2026-06-04,2026-06-04 12:45,Max Muncy,Los Angeles Dodgers,J Wrobleski,Arizona Diamondbacks,R Nelson,+11111,3,+390,1.0,0.0,open,Settled
us-oh:01kt9rath6edkapmw37jj10vxr,2026-06-04,2026-06-04 12:44,Gavin Sheets,San Diego Padres,L Giolito,Philadelphia Phillies,Z Wheeler,+9256,3,+470,1.0,0.0,open,Settled
us-oh:01kt9rath6edkapmw37jj10vxr,2026-06-04,2026-06-04 12:44,Willson Contreras,Baltimore Orioles,T Rogers,Boston Red Sox,B Bello,+9256,3,+390,1.0,0.0,open,Settled
us-oh:01kt9rath6edkapmw37jj10vxr,2026-06-04,2026-06-04 12:44,Shea Langeliers,Athletics,J Ginn,Chicago Cubs,S Imanaga,+9256,3,+235,1.0,0.0,open,Settled
us-oh:01kt9r70mdecps2amzdgck74bc,2026-06-04,2026-06-04 12:42,Bryce Harper,San Diego Padres,L Giolito,Philadelphia Phillies,Z Wheeler,+11858,3,,1.0,0.0,open,Settled
us-oh:01kt9r70mdecps2amzdgck74bc,2026-06-04,2026-06-04 12:42,Ty France,San Diego Padres,L Giolito,Philadelphia Phillies,Z Wheeler,+11858,3,,1.0,0.0,open,Settled
us-oh:01kt9r70mdecps2amzdgck74bc,2026-06-04,2026-06-04 12:42,Yordan Alvarez,Pittsburgh Pirates,J Jones,Houston Astros,K Teng,+11858,3,+280,1.0,0.0,open,Settled
O/2072111/0001857,2026-06-03,2026-06-03 22:02,Max Muncy,Los Angeles Dodgers,S Ohtani,Arizona Diamondbacks,Z Gallen,+4187,2,,1.0,0.0,open,Settled
O/2072111/0001857,2026-06-03,2026-06-03 22:02,Corbin Carroll,Los Angeles Dodgers,S Ohtani,Arizona Diamondbacks,Z Gallen,+4187,2,,1.0,0.0,open,Settled
O/2072111/0001854,2026-06-03,2026-06-03 19:05,Andy Pages,Los Angeles Dodgers,S Ohtani,Arizona Diamondbacks,Z Gallen,+13400,3,,1.0,0.0,open,Settled
O/2072111/0001854,2026-06-03,2026-06-03 19:05,Freddie Freeman,Los Angeles Dodgers,S Ohtani,Arizona Diamondbacks,Z Gallen,+13400,3,,1.0,0.0,open,Settled
O/2072111/0001854,2026-06-03,2026-06-03 19:05,Mike Trout,Colorado Rockies,M Lorenzen,Los Angeles Angels,W Urena,+13400,3,+310,1.0,0.0,open,Settled
O/2072111/0001856,2026-06-03,2026-06-03 22:01,Shohei Ohtani,Los Angeles Dodgers,S Ohtani,Arizona Diamondbacks,Z Gallen,+14611,3,,1.0,0.0,open,Settled
O/2072111/0001856,2026-06-03,2026-06-03 22:01,Max Muncy,Los Angeles Dodgers,S Ohtani,Arizona Diamondbacks,Z Gallen,+14611,3,,1.0,0.0,open,Settled
O/2072111/0001856,2026-06-03,2026-06-03 22:01,Hunter Goodman,Colorado Rockies,M Lorenzen,Los Angeles Angels,W Urena,+14611,3,+500,1.0,0.0,open,Settled
O/2072111/0001858,2026-06-03,2026-06-03 22:02,Max Muncy,Los Angeles Dodgers,S Ohtani,Arizona Diamondbacks,Z Gallen,+22621,3,,1.0,0.0,open,Settled
O/2072111/0001858,2026-06-03,2026-06-03 22:02,Corbin Carroll,Los Angeles Dodgers,S Ohtani,Arizona Diamondbacks,Z Gallen,+22621,3,,1.0,0.0,open,Settled
O/2072111/0001858,2026-06-03,2026-06-03 22:02,Jose Siri,Colorado Rockies,M Lorenzen,Los Angeles Angels,W Urena,+22621,3,+430,1.0,0.0,open,Settled
O/2072111/0001853,2026-06-03,2026-06-03 19:05,Casey Schmitt,San Francisco Giants,L Webb,Milwaukee Brewers,R Gasser,+11943,3,,1.0,0.0,open,Settled
O/2072111/0001853,2026-06-03,2026-06-03 19:05,Matt Chapman,San Francisco Giants,L Webb,Milwaukee Brewers,R Gasser,+11943,3,,1.0,0.0,open,Settled
O/2072111/0001853,2026-06-03,2026-06-03 19:05,Jordan Walker,Texas Rangers,M Gore,St. Louis Cardinals,A Pallante,+11943,3,+490,1.0,0.0,open,Settled
O/2072111/0001851,2026-06-03,2026-06-03 19:05,JJ Bleday,Kansas City Royals,S Kolek,Cincinnati Reds,C Burns,+9251,3,,1.0,0.0,open,Settled
O/2072111/0001851,2026-06-03,2026-06-03 19:05,Eugenio Suarez,Kansas City Royals,S Kolek,Cincinnati Reds,C Burns,+9251,3,,1.0,0.0,open,Settled
O/2072111/0001851,2026-06-03,2026-06-03 19:05,Jazz Chisholm,Cleveland Guardians,G Williams,New York Yankees,G Cole,+9251,3,+470,1.0,0.0,open,Settled
O/2072111/0001852,2026-06-03,2026-06-03 19:05,Ronald Acuna Jr.,Toronto Blue Jays,P Corbin,Atlanta Braves,G Holmes,+12335,3,,1.0,0.0,open,Settled
O/2072111/0001852,2026-06-03,2026-06-03 19:05,Matt Olson,Toronto Blue Jays,P Corbin,Atlanta Braves,G Holmes,+12335,3,,1.0,0.0,open,Settled
O/2072111/0001852,2026-06-03,2026-06-03 19:05,Bobby Witt Jr.,Kansas City Royals,S Kolek,Cincinnati Reds,C Burns,+12335,3,+370,1.0,0.0,open,Settled
O/2072111/0001850,2026-06-03,2026-06-03 19:04,Kyle Schwarber,San Diego Padres,W Buehler,Philadelphia Phillies,C Sanchez,+11272,3,,1.0,0.0,open,Settled
O/2072111/0001850,2026-06-03,2026-06-03 19:04,Bryce Harper,San Diego Padres,W Buehler,Philadelphia Phillies,C Sanchez,+11272,3,,1.0,0.0,open,Settled
O/2072111/0001850,2026-06-03,2026-06-03 19:04,Ben Rice,Cleveland Guardians,G Williams,New York Yankees,G Cole,+11272,3,+350,1.0,0.0,open,Settled
O/2072111/0001848,2026-06-03,2026-06-03 13:17,James Wood,Miami Marlins,M Meyer,Washington Nationals,A Alvarez,+12464,3,,1.0,0.0,open,Settled
O/2072111/0001848,2026-06-03,2026-06-03 13:17,C.J. Abrams,Miami Marlins,M Meyer,Washington Nationals,A Alvarez,+12464,3,,1.0,0.0,open,Settled
O/2072111/0001848,2026-06-03,2026-06-03 13:17,Junior Caminero,Detroit Tigers,T Melton,Tampa Bay Rays,N Martinez,+12464,3,+260,1.0,0.0,open,Settled
O/2072111/0001849,2026-06-03,2026-06-03 13:17,Byron Buxton,Chicago White Sox,E Fedde,Minnesota Twins,T Bradley,+34926,4,,1.0,0.0,open,Settled
O/2072111/0001849,2026-06-03,2026-06-03 13:17,Colson Montgomery,Chicago White Sox,E Fedde,Minnesota Twins,T Bradley,+34926,4,,1.0,0.0,open,Settled
O/2072111/0001849,2026-06-03,2026-06-03 13:17,Miguel Vargas,Chicago White Sox,E Fedde,Minnesota Twins,T Bradley,+34926,4,,1.0,0.0,open,Settled
O/2072111/0001849,2026-06-03,2026-06-03 13:17,Yandy Diaz,Detroit Tigers,T Melton,Tampa Bay Rays,N Martinez,+34926,4,+450,1.0,0.0,open,Settled
O/2072111/0001846,2026-06-02,2026-06-02 19:16,Jorge Soler,Colorado Rockies,T Sugano,Los Angeles Angels,G Rodriguez,+11750,3,+420,1.0,0.0,open,Settled
O/2072111/0001846,2026-06-02,2026-06-02 19:16,Ketel Marte,Los Angeles Dodgers,E Lauer,Arizona Diamondbacks,M Soroka,+11750,3,+330,1.0,0.0,open,Settled
O/2072111/0001846,2026-06-02,2026-06-02 19:16,Julio Rodriguez,New York Mets,H Brazoban,Seattle Mariners,L Gilbert,+11750,3,+430,1.0,0.0,open,Settled
O/2072111/0001845,2026-06-02,2026-06-02 19:16,Juan Soto,New York Mets,H Brazoban,Seattle Mariners,L Gilbert,+35279,4,,1.0,0.0,open,Settled
O/2072111/0001845,2026-06-02,2026-06-02 19:16,Mark Vientos,New York Mets,H Brazoban,Seattle Mariners,L Gilbert,+35279,4,,1.0,0.0,open,Settled
O/2072111/0001845,2026-06-02,2026-06-02 19:16,Jo Adell,Colorado Rockies,T Sugano,Los Angeles Angels,G Rodriguez,+35279,4,+410,1.0,0.0,open,Settled
O/2072111/0001845,2026-06-02,2026-06-02 19:16,Shohei Ohtani,Los Angeles Dodgers,E Lauer,Arizona Diamondbacks,M Soroka,+35279,4,+290,1.0,0.0,open,Settled
O/2072111/0001841,2026-06-02,2026-06-02 18:44,Brandon Lowe,Pittsburgh Pirates,B Chandler,Houston Astros,M Burrows,+13870,3,+330,1.0,0.0,open,Settled
O/2072111/0001841,2026-06-02,2026-06-02 18:44,Luke Raley,New York Mets,H Brazoban,Seattle Mariners,L Gilbert,+13870,3,+470,1.0,0.0,open,Settled
O/2072111/0001841,2026-06-02,2026-06-02 18:44,Max Muncy,Los Angeles Dodgers,E Lauer,Arizona Diamondbacks,M Soroka,+13870,3,+470,1.0,0.0,open,Settled
O/2072111/0001844,2026-06-02,2026-06-02 19:16,Nick Kurtz,Athletics,G Jump,Chicago Cubs,J Taillon,+16300,3,,1.0,0.0,open,Settled
O/2072111/0001844,2026-06-02,2026-06-02 19:16,Seiya Suzuki,Athletics,G Jump,Chicago Cubs,J Taillon,+16300,3,,1.0,0.0,open,Settled
O/2072111/0001844,2026-06-02,2026-06-02 19:16,Jordan Walker,Texas Rangers,N Eovaldi,St. Louis Cardinals,D May,+16300,3,+570,1.0,0.0,open,Settled
O/2072111/0001847,2026-06-02,2026-06-02 19:17,Josh Jung,Texas Rangers,N Eovaldi,St. Louis Cardinals,D May,+30632,3,+880,1.0,0.0,open,Settled
O/2072111/0001847,2026-06-02,2026-06-02 19:17,Brent Rooker,Athletics,G Jump,Chicago Cubs,J Taillon,+30632,3,+540,1.0,0.0,open,Settled
O/2072111/0001847,2026-06-02,2026-06-02 19:17,Christian Walker,Pittsburgh Pirates,B Chandler,Houston Astros,M Burrows,+30632,3,+390,1.0,0.0,open,Settled
O/2072111/0001839,2026-06-02,2026-06-02 18:35,Bryce Harper,San Diego Padres,R Vasquez,Philadelphia Phillies,A Nola,+12865,3,+390,10.0,0.0,open,Settled
O/2072111/0001839,2026-06-02,2026-06-02 18:35,Shea Langeliers,Athletics,G Jump,Chicago Cubs,J Taillon,+12865,3,+440,10.0,0.0,open,Settled
O/2072111/0001839,2026-06-02,2026-06-02 18:35,Christian Walker,Pittsburgh Pirates,B Chandler,Houston Astros,M Burrows,+12865,3,+390,10.0,0.0,open,Settled
O/2072111/0001838,2026-06-02,2026-06-02 18:33,Byron Buxton,Chicago White Sox,D Martin,Minnesota Twins,C Prielipp,+8020,3,,1.0,0.0,open,Settled
O/2072111/0001838,2026-06-02,2026-06-02 18:33,Miguel Vargas,Chicago White Sox,D Martin,Minnesota Twins,C Prielipp,+8020,3,,1.0,0.0,open,Settled
O/2072111/0001838,2026-06-02,2026-06-02 18:33,Ketel Marte,Los Angeles Dodgers,E Lauer,Arizona Diamondbacks,M Soroka,+8020,3,+330,1.0,0.0,open,Settled
O/2072111/0001843,2026-06-02,2026-06-02 19:15,Byron Buxton,Chicago White Sox,D Martin,Minnesota Twins,C Prielipp,+41184,4,,1.0,0.0,open,Settled
O/2072111/0001843,2026-06-02,2026-06-02 19:15,Miguel Vargas,San Francisco Giants,T McDonald,Milwaukee Brewers,K Harrison,+41184,4,,1.0,0.0,open,Settled
O/2072111/0001843,2026-06-02,2026-06-02 19:15,Casey Schmitt,Chicago White Sox,D Martin,Minnesota Twins,C Prielipp,+41184,4,,1.0,0.0,open,Settled
O/2072111/0001843,2026-06-02,2026-06-02 19:15,Jake Bauers,Chicago White Sox,D Martin,Minnesota Twins,C Prielipp,+41184,4,,1.0,0.0,open,Settled
O/2072111/0001842,2026-06-02,2026-06-02 19:15,JJ Bleday,Kansas City Royals,N Cameron,Cincinnati Reds,A Abbott,+35849,4,,1.0,0.0,open,Settled
O/2072111/0001842,2026-06-02,2026-06-02 19:15,Sal Stewart,Kansas City Royals,N Cameron,Cincinnati Reds,A Abbott,+35849,4,,1.0,0.0,open,Settled
O/2072111/0001842,2026-06-02,2026-06-02 19:15,Ben Rice,Cleveland Guardians,J Cantillo,New York Yankees,C Schlittler,+35849,4,+380,1.0,0.0,open,Settled
O/2072111/0001842,2026-06-02,2026-06-02 19:15,Ronald Acuna Jr.,Toronto Blue Jays,K Gausman,Atlanta Braves,B Elder,+35849,4,+410,1.0,0.0,open,Settled
O/2072111/0001840,2026-06-02,2026-06-02 18:36,Ben Rice,Cleveland Guardians,J Cantillo,New York Yankees,C Schlittler,+17269,3,+360,1.0,0.0,open,Settled
O/2072111/0001840,2026-06-02,2026-06-02 18:36,Michael Harris II,Toronto Blue Jays,K Gausman,Atlanta Braves,B Elder,+17269,3,+490,1.0,0.0,open,Settled
O/2072111/0001840,2026-06-02,2026-06-02 18:36,Jordan Walker,Texas Rangers,N Eovaldi,St. Louis Cardinals,D May,+17269,3,+540,1.0,0.0,open,Settled
O/2072111/0001837,2026-06-02,2026-06-02 18:31,Kyle Schwarber,San Diego Padres,R Vasquez,Philadelphia Phillies,A Nola,+23940,4,+240,1.0,0.0,open,Settled
O/2072111/0001837,2026-06-02,2026-06-02 18:31,James Wood,Miami Marlins,L Bachar,Washington Nationals,R Lovelady,+23940,4,+390,1.0,0.0,open,Settled
O/2072111/0001837,2026-06-02,2026-06-02 18:31,Yordan Alvarez,Pittsburgh Pirates,B Chandler,Houston Astros,M Burrows,+23940,4,+270,1.0,0.0,open,Settled
O/2072111/0001837,2026-06-02,2026-06-02 18:31,Mike Trout,Colorado Rockies,T Sugano,Los Angeles Angels,G Rodriguez,+23940,4,+290,1.0,0.0,open,Settled
us-oh:01kt246nccfpcscvpmgka2g8mf,2026-06-01,2026-06-01 13:37,Mike Trout,Colorado Rockies,K Freeland,Los Angeles Angels,J Soriano,+7131,3,,1.0,0.0,open,Settled
us-oh:01kt246nccfpcscvpmgka2g8mf,2026-06-01,2026-06-01 13:37,Jo Adell,Colorado Rockies,K Freeland,Los Angeles Angels,J Soriano,+7131,3,,1.0,0.0,open,Settled
us-oh:01kt246nccfpcscvpmgka2g8mf,2026-06-01,2026-06-01 13:37,Zach Neto,Colorado Rockies,K Freeland,Los Angeles Angels,J Soriano,+7131,3,,1.0,0.0,void,Settled
us-oh:01kt2gt0vhf7jry9t5e3vk0frh,2026-06-01,2026-06-01 17:18,Luke Raley,New York Mets,A Warren,Seattle Mariners,E Hancock,+8019,3,,1.0,0.0,open,Settled
us-oh:01kt2gt0vhf7jry9t5e3vk0frh,2026-06-01,2026-06-01 17:18,Juan Soto,New York Mets,A Warren,Seattle Mariners,E Hancock,+8019,3,,1.0,0.0,open,Settled
us-oh:01kt2gt0vhf7jry9t5e3vk0frh,2026-06-01,2026-06-01 17:18,JJ Bleday,Kansas City Royals,L Avila,Cincinnati Reds,L Richardson,+8019,3,+310,1.0,0.0,open,Settled
us-oh:01kt240mgre529j3szf0qcejey,2026-06-01,2026-06-01 13:34,Byron Buxton,Chicago White Sox,D Sandlin,Minnesota Twins,J Ryan,+8347,3,+280,5.0,0.0,open,Settled
us-oh:01kt240mgre529j3szf0qcejey,2026-06-01,2026-06-01 13:34,Jordan Walker,Texas Rangers,J deGrom,St. Louis Cardinals,M McGreevy,+8347,3,+470,5.0,0.0,open,Settled
us-oh:01kt240mgre529j3szf0qcejey,2026-06-01,2026-06-01 13:34,Juan Soto,New York Mets,A Warren,Seattle Mariners,E Hancock,+8347,3,+290,5.0,0.0,open,Settled
us-oh:01kt23psctfd98hw42jz95fftw,2026-06-01,2026-06-01 13:29,Casey Schmitt,San Francisco Giants,L Roupp,Milwaukee Brewers,S Drohan,+17305,3,,1.0,0.0,open,Settled
us-oh:01kt23psctfd98hw42jz95fftw,2026-06-01,2026-06-01 13:29,Eric Haase,San Francisco Giants,L Roupp,Milwaukee Brewers,S Drohan,+17305,3,,1.0,0.0,open,Settled
us-oh:01kt23psctfd98hw42jz95fftw,2026-06-01,2026-06-01 13:29,Colson Montgomery,Chicago White Sox,D Sandlin,Minnesota Twins,J Ryan,+17305,3,+340,1.0,0.0,open,Settled
us-oh:01kt23ncyrea6vsc3rfzvd8mb5,2026-06-01,2026-06-01 13:28,Nathaniel Lowe,Kansas City Royals,L Avila,Cincinnati Reds,L Richardson,+7094,3,,1.0,0.0,open,Settled
us-oh:01kt23ncyrea6vsc3rfzvd8mb5,2026-06-01,2026-06-01 13:28,Bobby Witt Jr.,Kansas City Royals,L Avila,Cincinnati Reds,L Richardson,+7094,3,,1.0,0.0,open,Settled
us-oh:01kt23ncyrea6vsc3rfzvd8mb5,2026-06-01,2026-06-01 13:28,Byron Buxton,Chicago White Sox,D Sandlin,Minnesota Twins,J Ryan,+7094,3,+280,1.0,0.0,open,Settled
us-oh:01kt23ncyrfvjbjgz20rjk080k,2026-06-01,2026-06-01 13:28,Nathaniel Lowe,Kansas City Royals,L Avila,Cincinnati Reds,L Richardson,+1793,2,,1.0,0.0,open,Settled
us-oh:01kt23ncyrfvjbjgz20rjk080k,2026-06-01,2026-06-01 13:28,Bobby Witt Jr.,Kansas City Royals,L Avila,Cincinnati Reds,L Richardson,+1793,2,,1.0,0.0,open,Settled
us-oh:01kt2gp1zsfmhv4b9rvzts8v7j,2026-06-01,2026-06-01 17:15,Yandy Diaz,Detroit Tigers,T Madden,Tampa Bay Rays,G Jax,+33506,3,+490,1.0,0.0,open,Settled
us-oh:01kt2gp1zsfmhv4b9rvzts8v7j,2026-06-01,2026-06-01 17:15,Casey Schmitt,San Francisco Giants,L Roupp,Milwaukee Brewers,S Drohan,+33506,3,+540,1.0,0.0,open,Settled
us-oh:01kt2gp1zsfmhv4b9rvzts8v7j,2026-06-01,2026-06-01 17:15,J.P. Crawford,New York Mets,A Warren,Seattle Mariners,E Hancock,+33506,3,+790,1.0,0.0,open,Settled
us-oh:01kt23hqc9f9h9azng02n25dj1,2026-06-01,2026-06-01 13:26,Jonathan Aranda,Detroit Tigers,T Madden,Tampa Bay Rays,G Jax,+19473,3,,1.0,0.0,open,Settled
us-oh:01kt23hqc9f9h9azng02n25dj1,2026-06-01,2026-06-01 13:26,Yandy Diaz,Detroit Tigers,T Madden,Tampa Bay Rays,G Jax,+19473,3,,1.0,0.0,open,Settled
us-oh:01kt23hqc9f9h9azng02n25dj1,2026-06-01,2026-06-01 13:26,Dillon Dingler,Detroit Tigers,T Madden,Tampa Bay Rays,G Jax,+19473,3,,1.0,0.0,open,Settled
O/2072111/0001836,2026-06-01,2026-06-01 18:18,James Wood,Miami Marlins,S Alcantara,Washington Nationals,C Cavalli,+15819,3,+340,10.0,0.0,open,Settled
O/2072111/0001836,2026-06-01,2026-06-01 18:18,Casey Schmitt,San Francisco Giants,L Roupp,Milwaukee Brewers,S Drohan,+15819,3,+570,10.0,0.0,open,Settled
O/2072111/0001836,2026-06-01,2026-06-01 18:18,Luke Raley,New York Mets,A Warren,Seattle Mariners,E Hancock,+15819,3,+440,10.0,0.0,open,Settled
O/2072111/0001835,2026-06-01,2026-06-01 13:24,James Wood,Miami Marlins,S Alcantara,Washington Nationals,C Cavalli,+8997,3,+320,1.0,0.0,open,Settled
O/2072111/0001835,2026-06-01,2026-06-01 13:24,Byron Buxton,Chicago White Sox,D Sandlin,Minnesota Twins,J Ryan,+8997,3,+280,1.0,0.0,open,Settled
O/2072111/0001835,2026-06-01,2026-06-01 13:24,Jordan Walker,Texas Rangers,J deGrom,St. Louis Cardinals,M McGreevy,+8997,3,+470,1.0,0.0,open,Settled
us-oh:01kt23kfzbe5ks0she8kga6bcc,2026-06-01,2026-06-01 13:27,Curtis Mead,Miami Marlins,S Alcantara,Washington Nationals,C Cavalli,+14962,3,,1.0,0.0,open,Settled
us-oh:01kt23kfzbe5ks0she8kga6bcc,2026-06-01,2026-06-01 13:27,C.J. Abrams,Miami Marlins,S Alcantara,Washington Nationals,C Cavalli,+14962,3,,1.0,0.0,open,Settled
us-oh:01kt23kfzbe5ks0she8kga6bcc,2026-06-01,2026-06-01 13:27,JJ Bleday,Kansas City Royals,L Avila,Cincinnati Reds,L Richardson,+14962,3,+300,1.0,0.0,open,Settled
us-oh:01kt23kfzbe41t2vk7hdev9frw,2026-06-01,2026-06-01 13:27,Curtis Mead,Miami Marlins,S Alcantara,Washington Nationals,C Cavalli,+3665,2,,1.0,0.0,open,Settled
us-oh:01kt23kfzbe41t2vk7hdev9frw,2026-06-01,2026-06-01 13:27,C.J. Abrams,Miami Marlins,S Alcantara,Washington Nationals,C Cavalli,+3665,2,,1.0,0.0,open,Settled
O/2072111/0001832,2026-05-31,2026-05-31 19:21,JJ Wetherholt,Chicago Cubs,J Wicks,St. Louis Cardinals,M Liberatore,+14229,3,,1.0,0.0,open,Settled
O/2072111/0001832,2026-05-31,2026-05-31 19:21,Ivan Herrera,Chicago Cubs,J Wicks,St. Louis Cardinals,M Liberatore,+14229,3,,1.0,0.0,open,Settled
O/2072111/0001832,2026-05-31,2026-05-31 19:21,Seiya Suzuki,Chicago Cubs,J Wicks,St. Louis Cardinals,M Liberatore,+14229,3,,1.0,0.0,open,Settled
O/2072111/0001831,2026-05-31,2026-05-31 17:33,Ian Happ,Chicago Cubs,J Wicks,St. Louis Cardinals,M Liberatore,+13477,3,,1.0,0.0,open,Settled
O/2072111/0001831,2026-05-31,2026-05-31 17:33,Pete Crow-Armstrong,Chicago Cubs,J Wicks,St. Louis Cardinals,M Liberatore,+13477,3,,1.0,0.0,open,Settled
O/2072111/0001831,2026-05-31,2026-05-31 17:33,Jordan Walker,Chicago Cubs,J Wicks,St. Louis Cardinals,M Liberatore,+13477,3,,1.0,0.0,open,Settled
O/2072111/0001834,2026-05-31,2026-05-31 19:25,Kevin Alcantara,Chicago Cubs,J Wicks,St. Louis Cardinals,M Liberatore,+17313,3,,1.0,0.0,open,Settled
O/2072111/0001834,2026-05-31,2026-05-31 19:25,JJ Wetherholt,Chicago Cubs,J Wicks,St. Louis Cardinals,M Liberatore,+17313,3,,1.0,0.0,open,Settled
O/2072111/0001834,2026-05-31,2026-05-31 19:25,Pete Crow-Armstrong,Chicago Cubs,J Wicks,St. Louis Cardinals,M Liberatore,+17313,3,,1.0,0.0,open,Settled
O/2072111/0001833,2026-05-31,2026-05-31 19:23,Jordan Walker,Chicago Cubs,J Wicks,St. Louis Cardinals,M Liberatore,+9736,3,,1.0,0.0,open,Settled
O/2072111/0001833,2026-05-31,2026-05-31 19:23,Ian Happ,Chicago Cubs,J Wicks,St. Louis Cardinals,M Liberatore,+9736,3,,1.0,0.0,open,Settled
O/2072111/0001833,2026-05-31,2026-05-31 19:23,Nelson Velazquez,Chicago Cubs,J Wicks,St. Louis Cardinals,M Liberatore,+9736,3,,1.0,0.0,open,Settled
us-oh:01kszzb4ddeqavnv2gx2a1xb6k,2026-05-31,2026-05-31 17:34,Max Muncy,Philadelphia Phillies,A Painter,Los Angeles Dodgers,Y Yamamoto,+11494,3,,1.0,0.0,open,Settled
us-oh:01kszzb4ddeqavnv2gx2a1xb6k,2026-05-31,2026-05-31 17:34,Andy Pages,Philadelphia Phillies,A Painter,Los Angeles Dodgers,Y Yamamoto,+11494,3,,1.0,0.0,open,Settled
us-oh:01kszzb4ddeqavnv2gx2a1xb6k,2026-05-31,2026-05-31 17:34,Jordan Walker,Chicago Cubs,J Wicks,St. Louis Cardinals,M Liberatore,+11494,3,+440,1.0,0.0,open,Settled
O/2072111/0001829,2026-05-31,2026-05-31 14:17,Kyle Schwarber,Philadelphia Phillies,A Painter,Los Angeles Dodgers,Y Yamamoto,+21086,4,,1.0,0.0,open,Settled
O/2072111/0001829,2026-05-31,2026-05-31 14:17,Shohei Ohtani,Philadelphia Phillies,A Painter,Los Angeles Dodgers,Y Yamamoto,+21086,4,,1.0,0.0,open,Settled
O/2072111/0001829,2026-05-31,2026-05-31 14:17,Ben Rice,New York Yankees,W Warren,Athletics,J Lopez,+21086,4,+360,1.0,0.0,open,Settled
O/2072111/0001829,2026-05-31,2026-05-31 14:17,Jordan Walker,Chicago Cubs,J Wicks,St. Louis Cardinals,M Liberatore,+21086,4,+470,1.0,0.0,open,Settled
O/2072111/0001830,2026-05-31,2026-05-31 15:35,Casey Schmitt,San Francisco Giants,R Ray,Colorado Rockies,T Gordon,+31132,4,+360,1.0,0.0,open,Settled
O/2072111/0001830,2026-05-31,2026-05-31 15:35,Nick Kurtz,New York Yankees,W Warren,Athletics,J Lopez,+31132,4,+310,1.0,0.0,open,Settled
O/2072111/0001830,2026-05-31,2026-05-31 15:35,Kyle Schwarber,Philadelphia Phillies,A Painter,Los Angeles Dodgers,Y Yamamoto,+31132,4,+260,1.0,0.0,open,Settled
O/2072111/0001830,2026-05-31,2026-05-31 15:35,Luke Raley,Arizona Diamondbacks,M Kelly,Seattle Mariners,B Miller,+31132,4,+360,1.0,0.0,open,Settled
O/2072111/0001825,2026-05-31,2026-05-31 13:42,Bobby Witt Jr.,Kansas City Royals,M Wacha,Texas Rangers,J Leiter,+1575,2,,1.0,0.0,open,Settled
O/2072111/0001825,2026-05-31,2026-05-31 13:42,Jake Burger,Kansas City Royals,M Wacha,Texas Rangers,J Leiter,+1575,2,,1.0,0.0,open,Settled
O/2072111/0001828,2026-05-31,2026-05-31 13:43,Yordan Alvarez,Milwaukee Brewers,J Misiorowski,Houston Astros,T Imai,+8442,3,,1.0,0.0,open,Settled
O/2072111/0001828,2026-05-31,2026-05-31 13:43,Christian Walker,Milwaukee Brewers,J Misiorowski,Houston Astros,T Imai,+8442,3,,1.0,0.0,open,Settled
O/2072111/0001828,2026-05-31,2026-05-31 13:43,Kerry Carpenter,Detroit Tigers,K Montero,Chicago White Sox,S Burke,+8442,3,+410,1.0,0.0,open,Settled
O/2072111/0001824,2026-05-31,2026-05-31 13:41,Jake Bauers,Milwaukee Brewers,J Misiorowski,Houston Astros,T Imai,+8401,3,,1.0,0.0,open,Settled
O/2072111/0001824,2026-05-31,2026-05-31 13:41,Christian Walker,Milwaukee Brewers,J Misiorowski,Houston Astros,T Imai,+8401,3,,1.0,0.0,open,Settled
O/2072111/0001824,2026-05-31,2026-05-31 13:41,Colson Montgomery,Detroit Tigers,K Montero,Chicago White Sox,S Burke,+8401,3,+300,1.0,0.0,open,Settled
O/2072111/0001826,2026-05-31,2026-05-31 13:42,Bobby Witt Jr.,Kansas City Royals,M Wacha,Texas Rangers,J Leiter,+24365,4,,1.0,0.0,open,Settled
O/2072111/0001826,2026-05-31,2026-05-31 13:42,Jake Burger,Atlanta Braves,S Strider,Cincinnati Reds,N Lodolo,+24365,4,,1.0,0.0,open,Settled
O/2072111/0001826,2026-05-31,2026-05-31 13:42,Elly De La Cruz,Kansas City Royals,M Wacha,Texas Rangers,J Leiter,+24365,4,,1.0,0.0,open,Settled
O/2072111/0001826,2026-05-31,2026-05-31 13:42,Nathaniel Lowe,Kansas City Royals,M Wacha,Texas Rangers,J Leiter,+24365,4,,1.0,0.0,open,Settled
O/2072111/0001827,2026-05-31,2026-05-31 13:42,Gavin Sheets,San Diego Padres,G Canning,Washington Nationals,Z Littell,+12542,3,+600,1.0,0.0,open,Settled
O/2072111/0001827,2026-05-31,2026-05-31 13:42,Matt Olson,Atlanta Braves,S Strider,Cincinnati Reds,N Lodolo,+12542,3,+320,1.0,0.0,open,Settled
O/2072111/0001827,2026-05-31,2026-05-31 13:42,Juan Soto,Miami Marlins,J King,New York Mets,N McLean,+12542,3,+330,1.0,0.0,open,Settled
O/2072111/0001821,2026-05-31,2026-05-31 13:40,James Wood,San Diego Padres,G Canning,Washington Nationals,Z Littell,+28798,4,,1.0,0.0,open,Settled
O/2072111/0001821,2026-05-31,2026-05-31 13:40,C.J. Abrams,San Diego Padres,G Canning,Washington Nationals,Z Littell,+28798,4,,1.0,0.0,open,Settled
O/2072111/0001821,2026-05-31,2026-05-31 13:40,Brandon Lowe,Minnesota Twins,Z Matthews,Pittsburgh Pirates,B Ashcraft,+28798,4,+340,1.0,0.0,open,Settled
O/2072111/0001821,2026-05-31,2026-05-31 13:40,JJ Bleday,Atlanta Braves,S Strider,Cincinnati Reds,N Lodolo,+28798,4,+330,1.0,0.0,open,Settled
O/2072111/0001822,2026-05-31,2026-05-31 13:40,Matt Olson,Atlanta Braves,S Strider,Cincinnati Reds,N Lodolo,+26318,4,,1.0,0.0,open,Settled
O/2072111/0001822,2026-05-31,2026-05-31 13:40,Sal Stewart,Atlanta Braves,S Strider,Cincinnati Reds,N Lodolo,+26318,4,,1.0,0.0,open,Settled
O/2072111/0001822,2026-05-31,2026-05-31 13:40,Juan Soto,Miami Marlins,J King,New York Mets,N McLean,+26318,4,+320,1.0,0.0,open,Settled
O/2072111/0001822,2026-05-31,2026-05-31 13:40,Mike Trout,Los Angeles Angels,J Kochanowicz,Tampa Bay Rays,S McClanahan,+26318,4,+390,1.0,0.0,open,Settled
O/2072111/0001823,2026-05-31,2026-05-31 13:41,Jo Adell,Los Angeles Angels,J Kochanowicz,Tampa Bay Rays,S McClanahan,+33322,4,,1.0,0.0,open,Settled
O/2072111/0001823,2026-05-31,2026-05-31 13:41,Junior Caminero,Los Angeles Angels,J Kochanowicz,Tampa Bay Rays,S McClanahan,+33322,4,,1.0,0.0,open,Settled
O/2072111/0001823,2026-05-31,2026-05-31 13:41,Mark Vientos,Miami Marlins,J King,New York Mets,N McLean,+33322,4,+450,1.0,0.0,open,Settled
O/2072111/0001823,2026-05-31,2026-05-31 13:41,Yordan Alvarez,Milwaukee Brewers,J Misiorowski,Houston Astros,T Imai,+33322,4,+340,1.0,0.0,open,Settled
O/2072111/0001819,2026-05-30,2026-05-30 19:16,Matt Olson,Atlanta Braves,M Perez,Cincinnati Reds,B Singer,+19726,4,+252,1.0,0.0,open,Settled
O/2072111/0001819,2026-05-30,2026-05-30 19:16,Aaron Judge,New York Yankees,R Weathers,Athletics,J Ginn,+19726,4,+230,1.0,0.0,open,Settled
O/2072111/0001819,2026-05-30,2026-05-30 19:16,Kyle Schwarber,Philadelphia Phillies,J Luzardo,Los Angeles Dodgers,R Sasaki,+19726,4,+262,1.0,0.0,open,Settled
O/2072111/0001819,2026-05-30,2026-05-30 19:16,Luke Raley,Arizona Diamondbacks,R Nelson,Seattle Mariners,B Woo,+19726,4,+508,1.0,0.0,open,Settled
O/2072111/0001816,2026-05-30,2026-05-30 19:07,Kyle Schwarber,Philadelphia Phillies,J Luzardo,Los Angeles Dodgers,R Sasaki,+26569,4,,1.0,0.0,open,Settled
O/2072111/0001816,2026-05-30,2026-05-30 19:07,Bryce Harper,Philadelphia Phillies,J Luzardo,Los Angeles Dodgers,R Sasaki,+26569,4,,1.0,0.0,open,Settled
O/2072111/0001816,2026-05-30,2026-05-30 19:07,Ben Rice,New York Yankees,R Weathers,Athletics,J Ginn,+26569,4,+330,1.0,0.0,open,Settled
O/2072111/0001816,2026-05-30,2026-05-30 19:07,Luke Raley,Arizona Diamondbacks,R Nelson,Seattle Mariners,B Woo,+26569,4,+470,1.0,0.0,open,Settled
O/2072111/0001817,2026-05-30,2026-05-30 19:08,Eric Haase,San Francisco Giants,A Houser,Colorado Rockies,R Feltner,+59165,4,+680,1.0,0.0,open,Settled
O/2072111/0001817,2026-05-30,2026-05-30 19:08,Aaron Judge,New York Yankees,R Weathers,Athletics,J Ginn,+59165,4,+210,1.0,0.0,open,Settled
O/2072111/0001817,2026-05-30,2026-05-30 19:08,Dominic Canzone,Arizona Diamondbacks,R Nelson,Seattle Mariners,B Woo,+59165,4,+470,1.0,0.0,open,Settled
O/2072111/0001817,2026-05-30,2026-05-30 19:08,Shohei Ohtani,Philadelphia Phillies,J Luzardo,Los Angeles Dodgers,R Sasaki,+59165,4,+330,1.0,0.0,open,Settled
O/2072111/0001818,2026-05-30,2026-05-30 19:10,Jordan Walker,Chicago Cubs,B Brown,St. Louis Cardinals,K Leahy,+14459,3,+430,1.0,0.0,open,Settled
O/2072111/0001818,2026-05-30,2026-05-30 19:10,Ronald Acuna Jr.,Atlanta Braves,M Perez,Cincinnati Reds,B Singer,+14459,3,+310,1.0,0.0,open,Settled
O/2072111/0001818,2026-05-30,2026-05-30 19:10,Mookie Betts,Philadelphia Phillies,J Luzardo,Los Angeles Dodgers,R Sasaki,+14459,3,+570,1.0,0.0,open,Settled
O/2072111/0001815,2026-05-30,2026-05-30 19:05,Ian Happ,Chicago Cubs,B Brown,St. Louis Cardinals,K Leahy,+14184,3,+570,1.0,0.0,open,Settled
O/2072111/0001815,2026-05-30,2026-05-30 19:05,Casey Schmitt,San Francisco Giants,A Houser,Colorado Rockies,R Feltner,+14184,3,+420,1.0,0.0,open,Settled
O/2072111/0001815,2026-05-30,2026-05-30 19:05,Shea Langeliers,New York Yankees,R Weathers,Athletics,J Ginn,+14184,3,+310,1.0,0.0,open,Settled
O/2072111/0001813,2026-05-30,2026-05-30 17:49,Jordan Walker,Chicago Cubs,B Brown,St. Louis Cardinals,K Leahy,+9564,3,,1.0,0.0,open,Settled
O/2072111/0001813,2026-05-30,2026-05-30 17:49,JJ Wetherholt,Chicago Cubs,B Brown,St. Louis Cardinals,K Leahy,+9564,3,,1.0,0.0,open,Settled
O/2072111/0001813,2026-05-30,2026-05-30 17:49,JJ Bleday,Atlanta Braves,M Perez,Cincinnati Reds,B Singer,+9564,3,+360,1.0,0.0,open,Settled
O/2072111/0001820,2026-05-30,2026-05-30 19:18,Ben Rice,New York Yankees,R Weathers,Athletics,J Ginn,+19535,4,,1.0,0.0,open,Settled
O/2072111/0001820,2026-05-30,2026-05-30 19:18,Shea Langeliers,New York Yankees,R Weathers,Athletics,J Ginn,+19535,4,,1.0,0.0,open,Settled
O/2072111/0001820,2026-05-30,2026-05-30 19:18,Elly De La Cruz,Atlanta Braves,M Perez,Cincinnati Reds,B Singer,+19535,4,+400,1.0,0.0,open,Settled
O/2072111/0001820,2026-05-30,2026-05-30 19:18,Kyle Schwarber,Philadelphia Phillies,J Luzardo,Los Angeles Dodgers,R Sasaki,+19535,4,+240,1.0,0.0,open,Settled
O/2072111/0001814,2026-05-30,2026-05-30 19:04,Michael Harris II,Atlanta Braves,M Perez,Cincinnati Reds,B Singer,+12745,4,,7.73,0.0,open,Settled
O/2072111/0001814,2026-05-30,2026-05-30 19:04,Matt Olson,Atlanta Braves,M Perez,Cincinnati Reds,B Singer,+12745,4,,7.73,0.0,open,Settled
O/2072111/0001814,2026-05-30,2026-05-30 19:04,Sal Stewart,Atlanta Braves,M Perez,Cincinnati Reds,B Singer,+12745,4,,7.73,0.0,open,Settled
O/2072111/0001814,2026-05-30,2026-05-30 19:04,Elly De La Cruz,Atlanta Braves,M Perez,Cincinnati Reds,B Singer,+12745,4,,7.73,0.0,open,Settled
us-oh:01ksxdvsqtejmbcqrgpggnw75h,2026-05-30,2026-05-30 17:50,Matt Olson,Atlanta Braves,M Perez,Cincinnati Reds,B Singer,+16781,4,,1.0,0.0,open,Settled
us-oh:01ksxdvsqtejmbcqrgpggnw75h,2026-05-30,2026-05-30 17:50,Sal Stewart,Atlanta Braves,M Perez,Cincinnati Reds,B Singer,+16781,4,,1.0,0.0,open,Settled
us-oh:01ksxdvsqtejmbcqrgpggnw75h,2026-05-30,2026-05-30 17:50,Hunter Goodman,San Francisco Giants,A Houser,Colorado Rockies,R Feltner,+16781,4,+410,1.0,0.0,open,Settled
us-oh:01ksxdvsqtejmbcqrgpggnw75h,2026-05-30,2026-05-30 17:50,Aaron Judge,New York Yankees,R Weathers,Athletics,J Ginn,+16781,4,+220,1.0,0.0,open,Settled
O/2072111/0001812,2026-05-30,2026-05-30 15:32,Ian Happ,Chicago Cubs,B Brown,St. Louis Cardinals,K Leahy,+14268,3,,1.0,0.0,open,Settled
O/2072111/0001812,2026-05-30,2026-05-30 15:32,Jordan Walker,Chicago Cubs,B Brown,St. Louis Cardinals,K Leahy,+14268,3,,1.0,0.0,open,Settled
O/2072111/0001812,2026-05-30,2026-05-30 15:32,Willson Contreras,Boston Red Sox,S Gray,Cleveland Guardians,P Messick,+14268,3,+610,1.0,0.0,open,Settled
O/2072111/0001811,2026-05-30,2026-05-30 15:31,Jake Bauers,Milwaukee Brewers,B Sproat,Houston Astros,P Lambert,+23241,4,,1.0,0.0,open,Settled
O/2072111/0001811,2026-05-30,2026-05-30 15:31,Jackson Chourio,Los Angeles Angels,R Detmers,Tampa Bay Rays,D Rasmussen,+23241,4,,1.0,0.0,open,Settled
O/2072111/0001811,2026-05-30,2026-05-30 15:31,Mike Trout,Milwaukee Brewers,B Sproat,Houston Astros,P Lambert,+23241,4,,1.0,0.0,open,Settled
O/2072111/0001811,2026-05-30,2026-05-30 15:31,Junior Caminero,Milwaukee Brewers,B Sproat,Houston Astros,P Lambert,+23241,4,,1.0,0.0,open,Settled
O/2072111/0001809,2026-05-30,2026-05-30 15:26,Brandon Lowe,Minnesota Twins,B Ober,Pittsburgh Pirates,M Keller,+7628,3,+320,1.0,0.0,open,Settled
O/2072111/0001809,2026-05-30,2026-05-30 15:26,Yordan Alvarez,Milwaukee Brewers,B Sproat,Houston Astros,P Lambert,+7628,3,+300,1.0,0.0,open,Settled
O/2072111/0001809,2026-05-30,2026-05-30 15:26,Juan Soto,Miami Marlins,T Phillips,New York Mets,C Scott,+7628,3,+360,1.0,0.0,open,Settled
O/2072111/0001810,2026-05-30,2026-05-30 15:29,Kazuma Okamoto,Toronto Blue Jays,T Yesavage,Baltimore Orioles,B Young,+12352,3,,1.0,0.0,open,Settled
O/2072111/0001810,2026-05-30,2026-05-30 15:29,Pete Alonso,Toronto Blue Jays,T Yesavage,Baltimore Orioles,B Young,+12352,3,,1.0,0.0,open,Settled
O/2072111/0001810,2026-05-30,2026-05-30 15:29,Brandon Nimmo,Kansas City Royals,S Lugo,Texas Rangers,K Rocker,+12352,3,+540,1.0,0.0,open,Settled
O/2072111/0001808,2026-05-30,2026-05-30 15:24,James Wood,San Diego Padres,M King,Washington Nationals,F Griffin,+10409,3,+370,1.0,0.0,open,Settled
O/2072111/0001808,2026-05-30,2026-05-30 15:24,Byron Buxton,Minnesota Twins,B Ober,Pittsburgh Pirates,M Keller,+10409,3,+330,1.0,0.0,open,Settled
O/2072111/0001808,2026-05-30,2026-05-30 15:24,Bobby Witt Jr.,Kansas City Royals,S Lugo,Texas Rangers,K Rocker,+10409,3,+420,1.0,0.0,open,Settled
us-oh:01ksx5rk4gf43tachbeeqbg3fs,2026-05-30,2026-05-30 15:28,Ty France,San Diego Padres,M King,Washington Nationals,F Griffin,+16270,3,+710,1.0,0.0,open,Settled
us-oh:01ksx5rk4gf43tachbeeqbg3fs,2026-05-30,2026-05-30 15:28,Oneil Cruz,Minnesota Twins,B Ober,Pittsburgh Pirates,M Keller,+16270,3,+330,1.0,0.0,open,Settled
us-oh:01ksx5rk4gf43tachbeeqbg3fs,2026-05-30,2026-05-30 15:28,Christian Walker,Milwaukee Brewers,B Sproat,Houston Astros,P Lambert,+16270,3,+370,1.0,0.0,open,Settled
O/2072111/0001801,2026-05-29,2026-05-29 08:57,Juan Soto,Miami Marlins,M Meyer,New York Mets,F Peralta,+5040,3,+320,1.0,0.0,open,Settled
O/2072111/0001801,2026-05-29,2026-05-29 08:57,Yordan Alvarez,Milwaukee Brewers,C Crow,Houston Astros,K Teng,+5040,3,+260,1.0,0.0,open,Settled
O/2072111/0001801,2026-05-29,2026-05-29 08:57,Aaron Judge,New York Yankees,C Rodon,Athletics,L Severino,+5040,3,+240,1.0,0.0,open,Settled
O/2072111/0001804,2026-05-29,2026-05-29 14:53,Nathaniel Lowe,Atlanta Braves,G Holmes,Cincinnati Reds,C Paddack,+11753,3,+490,1.0,0.0,open,Settled
O/2072111/0001804,2026-05-29,2026-05-29 14:53,James Wood,San Diego Padres,L Giolito,Washington Nationals,P Schultz,+11753,3,+310,1.0,0.0,open,Settled
O/2072111/0001804,2026-05-29,2026-05-29 14:53,Christian Walker,Milwaukee Brewers,C Crow,Houston Astros,K Teng,+11753,3,+390,1.0,0.0,open,Settled
O/2072111/0001807,2026-05-29,2026-05-29 14:56,Jordan Walker,Chicago Cubs,S Imanaga,St. Louis Cardinals,A Pallante,+9396,3,+390,1.0,0.0,open,Settled
O/2072111/0001807,2026-05-29,2026-05-29 14:56,Munetaka Murakami,Detroit Tigers,T Melton,Chicago White Sox,B Eisert,+9396,3,+240,1.0,0.0,open,Settled
O/2072111/0001807,2026-05-29,2026-05-29 14:56,Luke Raley,Arizona Diamondbacks,Z Gallen,Seattle Mariners,G Kirby,+9396,3,+470,1.0,0.0,open,Settled
O/2072111/0001803,2026-05-29,2026-05-29 14:51,Michael Harris II,Atlanta Braves,G Holmes,Cincinnati Reds,C Paddack,+36183,4,+350,10.0,0.0,open,Settled
O/2072111/0001803,2026-05-29,2026-05-29 14:51,Byron Buxton,Minnesota Twins,T Bradley,Pittsburgh Pirates,J Jones,+36183,4,+339,10.0,0.0,open,Settled
O/2072111/0001803,2026-05-29,2026-05-29 14:51,James Wood,San Diego Padres,L Giolito,Washington Nationals,P Schultz,+36183,4,+329,10.0,0.0,open,Settled
O/2072111/0001803,2026-05-29,2026-05-29 14:51,Christian Walker,Milwaukee Brewers,C Crow,Houston Astros,K Teng,+36183,4,+412,10.0,0.0,open,Settled
O/2072111/0001802,2026-05-29,2026-05-29 09:01,Elly De La Cruz,Atlanta Braves,G Holmes,Cincinnati Reds,C Paddack,+23254,4,,1.0,0.0,open,Settled
O/2072111/0001802,2026-05-29,2026-05-29 09:01,Nathaniel Lowe,Atlanta Braves,G Holmes,Cincinnati Reds,C Paddack,+23254,4,,1.0,0.0,open,Settled
O/2072111/0001802,2026-05-29,2026-05-29 09:01,Sal Stewart,Atlanta Braves,G Holmes,Cincinnati Reds,C Paddack,+23254,4,,1.0,0.0,open,Settled
O/2072111/0001802,2026-05-29,2026-05-29 09:01,Kyle Schwarber,Philadelphia Phillies,Z Wheeler,Los Angeles Dodgers,J Wrobleski,+23254,4,+270,1.0,0.0,open,Settled
O/2072111/0001806,2026-05-29,2026-05-29 14:56,Michael Harris II,Atlanta Braves,G Holmes,Cincinnati Reds,C Paddack,+18870,4,,1.0,0.0,open,Settled
O/2072111/0001806,2026-05-29,2026-05-29 14:56,Matt Olson,Atlanta Braves,G Holmes,Cincinnati Reds,C Paddack,+18870,4,,1.0,0.0,open,Settled
O/2072111/0001806,2026-05-29,2026-05-29 14:56,Byron Buxton,Minnesota Twins,T Bradley,Pittsburgh Pirates,J Jones,+18870,4,+320,1.0,0.0,open,Settled
O/2072111/0001806,2026-05-29,2026-05-29 14:56,Casey Schmitt,San Francisco Giants,L Webb,Colorado Rockies,M Lorenzen,+18870,4,+390,1.0,0.0,open,Settled
O/2072111/0001805,2026-05-29,2026-05-29 14:54,Michael Harris II,Atlanta Braves,G Holmes,Cincinnati Reds,C Paddack,+6491,3,+330,1.0,0.0,open,Settled
O/2072111/0001805,2026-05-29,2026-05-29 14:54,Byron Buxton,Minnesota Twins,T Bradley,Pittsburgh Pirates,J Jones,+6491,3,+320,1.0,0.0,open,Settled
O/2072111/0001805,2026-05-29,2026-05-29 14:54,Yordan Alvarez,Milwaukee Brewers,C Crow,Houston Astros,K Teng,+6491,3,+265,1.0,0.0,open,Settled
O/2072111/0001800,2026-05-29,2026-05-29 08:55,Michael Harris II,Atlanta Braves,G Holmes,Cincinnati Reds,C Paddack,+7132,3,+320,1.0,0.0,open,Settled
O/2072111/0001800,2026-05-29,2026-05-29 08:55,Byron Buxton,Minnesota Twins,T Bradley,Pittsburgh Pirates,J Jones,+7132,3,+310,1.0,0.0,open,Settled
O/2072111/0001800,2026-05-29,2026-05-29 08:55,James Wood,San Diego Padres,L Giolito,Washington Nationals,P Schultz,+7132,3,+320,1.0,0.0,open,Settled
O/2072111/0001796,2026-05-28,2026-05-28 17:22,Yordan Alvarez,Houston Astros,S Arrighetti,Texas Rangers,N Eovaldi,+6062,3,,1.0,0.0,open,Settled
O/2072111/0001796,2026-05-28,2026-05-28 17:22,Christian Walker,Houston Astros,S Arrighetti,Texas Rangers,N Eovaldi,+6062,3,,1.0,0.0,void,Settled
O/2072111/0001796,2026-05-28,2026-05-28 17:22,Brandon Lowe,Chicago Cubs,C Rea,Pittsburgh Pirates,P Skenes,+6062,3,+370,1.0,0.0,open,Settled
O/2072111/0001798,2026-05-28,2026-05-28 18:03,Yordan Alvarez,Houston Astros,S Arrighetti,Texas Rangers,N Eovaldi,+7423,3,,1.0,0.0,open,Settled
O/2072111/0001798,2026-05-28,2026-05-28 18:03,Brandon Nimmo,Houston Astros,S Arrighetti,Texas Rangers,N Eovaldi,+7423,3,,1.0,0.0,open,Settled
O/2072111/0001798,2026-05-28,2026-05-28 18:03,Oneil Cruz,Chicago Cubs,C Rea,Pittsburgh Pirates,P Skenes,+7423,3,+420,1.0,0.0,open,Settled
us-oh:01ksr9xm4cfp1t3qrnr4rh7e1n,2026-05-28,2026-05-28 18:05,Michael Busch,Chicago Cubs,C Rea,Pittsburgh Pirates,P Skenes,+18748,3,,1.0,0.0,open,Settled
us-oh:01ksr9xm4cfp1t3qrnr4rh7e1n,2026-05-28,2026-05-28 18:05,Moises Ballesteros,Chicago Cubs,C Rea,Pittsburgh Pirates,P Skenes,+18748,3,,1.0,0.0,open,Settled
us-oh:01ksr9xm4cfp1t3qrnr4rh7e1n,2026-05-28,2026-05-28 18:05,Jake Burger,Houston Astros,S Arrighetti,Texas Rangers,N Eovaldi,+18748,3,+490,1.0,0.0,open,Settled
O/2072111/0001799,2026-05-28,2026-05-28 18:04,Ian Happ,Chicago Cubs,C Rea,Pittsburgh Pirates,P Skenes,+30990,3,,1.0,0.0,open,Settled
O/2072111/0001799,2026-05-28,2026-05-28 18:04,Esmerlyn Valdez,Chicago Cubs,C Rea,Pittsburgh Pirates,P Skenes,+30990,3,,1.0,0.0,void,Settled
O/2072111/0001799,2026-05-28,2026-05-28 18:04,Adley Rutschman,Toronto Blue Jays,P Corbin,Baltimore Orioles,C Bassitt,+30990,3,+630,1.0,0.0,open,Settled
O/2072111/0001797,2026-05-28,2026-05-28 18:02,Pete Alonso,Toronto Blue Jays,P Corbin,Baltimore Orioles,C Bassitt,+7984,3,,1.0,0.0,open,Settled
O/2072111/0001797,2026-05-28,2026-05-28 18:02,Jesus Sanchez,Toronto Blue Jays,P Corbin,Baltimore Orioles,C Bassitt,+7984,3,,1.0,0.0,open,Settled
O/2072111/0001797,2026-05-28,2026-05-28 18:02,Brandon Lowe,Chicago Cubs,C Rea,Pittsburgh Pirates,P Skenes,+7984,3,+360,1.0,0.0,open,Settled
us-oh:01ksr6wzvdek1a0da9vkqmsfb5,2026-05-28,2026-05-28 17:12,Kazuma Okamoto,Toronto Blue Jays,P Corbin,Baltimore Orioles,C Bassitt,+12130,3,,1.0,0.0,open,Settled
us-oh:01ksr6wzvdek1a0da9vkqmsfb5,2026-05-28,2026-05-28 17:12,Pete Alonso,Toronto Blue Jays,P Corbin,Baltimore Orioles,C Bassitt,+12130,3,,1.0,0.0,open,Settled
us-oh:01ksr6wzvdek1a0da9vkqmsfb5,2026-05-28,2026-05-28 17:12,Ian Happ,Chicago Cubs,C Rea,Pittsburgh Pirates,P Skenes,+12130,3,+570,1.0,0.0,open,Settled
us-oh:01ksqwzwyte4z8fmcpre0w1wk3,2026-05-28,2026-05-28 14:19,Byron Buxton,Minnesota Twins,S Woods Richardson,Chicago White Sox,D Martin,+10640,3,,1.0,0.0,open,Settled
us-oh:01ksqwzwyte4z8fmcpre0w1wk3,2026-05-28,2026-05-28 14:19,Kody Clemens,Minnesota Twins,S Woods Richardson,Chicago White Sox,D Martin,+10640,3,,1.0,0.0,open,Settled
us-oh:01ksqwzwyte4z8fmcpre0w1wk3,2026-05-28,2026-05-28 14:19,Michael Harris II,Atlanta Braves,C Sale,Boston Red Sox,P Tolle,+10640,3,+540,1.0,0.0,open,Settled
O/2072111/0001795,2026-05-28,2026-05-28 12:50,Byron Buxton,Minnesota Twins,S Woods Richardson,Chicago White Sox,D Martin,+15523,3,,1.0,0.0,open,Settled
O/2072111/0001795,2026-05-28,2026-05-28 12:50,Miguel Vargas,Minnesota Twins,S Woods Richardson,Chicago White Sox,D Martin,+15523,3,,1.0,0.0,open,Settled
O/2072111/0001795,2026-05-28,2026-05-28 12:50,Wade Meckler,Los Angeles Angels,G Rodriguez,Detroit Tigers,J Flaherty,+15523,3,+1040,1.0,0.0,open,Settled
O/2072111/0001792,2026-05-27,2026-05-27 18:39,Paul Goldschmidt,New York Yankees,G Cole,Kansas City Royals,N Cameron,+9780,3,,1.0,0.0,open,Settled
O/2072111/0001792,2026-05-27,2026-05-27 18:39,Ben Rice,New York Yankees,G Cole,Kansas City Royals,N Cameron,+9780,3,,1.0,0.0,open,Settled
O/2072111/0001792,2026-05-27,2026-05-27 18:39,Christian Walker,Houston Astros,M Burrows,Texas Rangers,J deGrom,+9780,3,+390,1.0,0.0,open,Settled
us-oh:01ksnsnxtxe1fa6jxnw5q8v542,2026-05-27,2026-05-27 18:42,Byron Buxton,Minnesota Twins,C Prielipp,Chicago White Sox,D Sandlin,+25985,4,+290,1.0,0.0,open,Settled
us-oh:01ksnsnxtxe1fa6jxnw5q8v542,2026-05-27,2026-05-27 18:42,Ben Rice,New York Yankees,G Cole,Kansas City Royals,N Cameron,+25985,4,+390,1.0,0.0,open,Settled
us-oh:01ksnsnxtxe1fa6jxnw5q8v542,2026-05-27,2026-05-27 18:42,Yordan Alvarez,Houston Astros,M Burrows,Texas Rangers,J deGrom,+25985,4,+250,1.0,0.0,open,Settled
us-oh:01ksnsnxtxe1fa6jxnw5q8v542,2026-05-27,2026-05-27 18:42,Max Muncy,Colorado Rockies,T Sugano,Los Angeles Dodgers,S Ohtani,+25985,4,+290,1.0,0.0,open,Settled
O/2072111/0001794,2026-05-27,2026-05-27 18:49,Juan Soto,Cincinnati Reds,A Abbott,New York Mets,H Brazoban,+20435,4,,1.0,0.0,open,Settled
O/2072111/0001794,2026-05-27,2026-05-27 18:49,Sal Stewart,New York Yankees,G Cole,Kansas City Royals,N Cameron,+20435,4,,1.0,0.0,open,Settled
O/2072111/0001794,2026-05-27,2026-05-27 18:49,Aaron Judge,Cincinnati Reds,A Abbott,New York Mets,H Brazoban,+20435,4,,1.0,0.0,open,Settled
O/2072111/0001794,2026-05-27,2026-05-27 18:49,Bobby Witt Jr.,Cincinnati Reds,A Abbott,New York Mets,H Brazoban,+20435,4,,1.0,0.0,open,Settled
O/2072111/0001791,2026-05-27,2026-05-27 18:38,Munetaka Murakami,Minnesota Twins,C Prielipp,Chicago White Sox,D Sandlin,+10876,3,,1.0,0.0,open,Settled
O/2072111/0001791,2026-05-27,2026-05-27 18:38,Miguel Vargas,Minnesota Twins,C Prielipp,Chicago White Sox,D Sandlin,+10876,3,,1.0,0.0,open,Settled
O/2072111/0001791,2026-05-27,2026-05-27 18:38,Amed Rosario,New York Yankees,G Cole,Kansas City Royals,N Cameron,+10876,3,+710,1.0,0.0,open,Settled
O/2072111/0001793,2026-05-27,2026-05-27 18:49,Pete Alonso,Tampa Bay Rays,S Matz,Baltimore Orioles,T Gibson,+2144,2,+340,1.0,0.0,open,Settled
O/2072111/0001793,2026-05-27,2026-05-27 18:49,Juan Soto,Cincinnati Reds,A Abbott,New York Mets,H Brazoban,+2144,2,+410,1.0,0.0,open,Settled
O/2072111/0001790,2026-05-27,2026-05-27 18:36,Matt Olson,Atlanta Braves,B Elder,Boston Red Sox,C Early,+10993,3,,1.0,0.0,open,Settled
O/2072111/0001790,2026-05-27,2026-05-27 18:36,Michael Harris II,Atlanta Braves,B Elder,Boston Red Sox,C Early,+10993,3,,1.0,0.0,open,Settled
O/2072111/0001790,2026-05-27,2026-05-27 18:36,Randal Grichuk,Minnesota Twins,C Prielipp,Chicago White Sox,D Sandlin,+10993,3,+490,1.0,0.0,open,Settled
O/2072111/0001789,2026-05-27,2026-05-27 18:35,Dillon Dingler,Los Angeles Angels,J Soriano,Detroit Tigers,C Mize,+20263,3,+790,1.0,0.0,open,Settled
O/2072111/0001789,2026-05-27,2026-05-27 18:35,Brandon Lowe,Chicago Cubs,J Taillon,Pittsburgh Pirates,B Chandler,+20263,3,+340,1.0,0.0,open,Settled
O/2072111/0001789,2026-05-27,2026-05-27 18:35,Matt Olson,Atlanta Braves,B Elder,Boston Red Sox,C Early,+20263,3,+420,1.0,0.0,open,Settled
O/2072111/0001788,2026-05-27,2026-05-27 14:49,Yordan Alvarez,Houston Astros,M Burrows,Texas Rangers,J deGrom,+16749,4,,1.0,0.0,open,Settled
O/2072111/0001788,2026-05-27,2026-05-27 14:49,Christian Walker,Houston Astros,M Burrows,Texas Rangers,J deGrom,+16749,4,,1.0,0.0,open,Settled
O/2072111/0001788,2026-05-27,2026-05-27 14:49,Kyle Schwarber,Philadelphia Phillies,C Sanchez,San Diego Padres,W Buehler,+16749,4,+270,1.0,0.0,open,Settled
O/2072111/0001788,2026-05-27,2026-05-27 14:49,Byron Buxton,Minnesota Twins,C Prielipp,Chicago White Sox,D Sandlin,+16749,4,+300,1.0,0.0,open,Settled
O/2072111/0001787,2026-05-27,2026-05-27 14:45,Casey Schmitt,Arizona Diamondbacks,M Soroka,San Francisco Giants,T McDonald,+19653,3,+520,1.0,0.0,open,Settled
O/2072111/0001787,2026-05-27,2026-05-27 14:45,Michael Harris II,Atlanta Braves,B Elder,Boston Red Sox,C Early,+19653,3,+490,1.0,0.0,open,Settled
O/2072111/0001787,2026-05-27,2026-05-27 14:45,Miguel Vargas,Minnesota Twins,C Prielipp,Chicago White Sox,D Sandlin,+19653,3,+440,1.0,0.0,open,Settled
O/2072111/0001786,2026-05-27,2026-05-27 13:18,Casey Schmitt,Arizona Diamondbacks,M Soroka,San Francisco Giants,T McDonald,+36405,3,+540,1.0,0.0,open,Settled
O/2072111/0001786,2026-05-27,2026-05-27 13:18,Michael Harris II,Atlanta Braves,B Elder,Boston Red Sox,C Early,+36405,3,+520,1.0,0.0,open,Settled
O/2072111/0001786,2026-05-27,2026-05-27 13:18,Amed Rosario,New York Yankees,G Cole,Kansas City Royals,N Cameron,+36405,3,+820,1.0,0.0,open,Settled
us-oh:01ksn6r0snfddr5dpygppbh6w7,2026-05-27,2026-05-27 13:12,Shea Langeliers,Seattle Mariners,L Gilbert,Athletics,J Springs,+13626,3,+310,1.0,0.0,open,Settled
us-oh:01ksn6r0snfddr5dpygppbh6w7,2026-05-27,2026-05-27 13:12,Michael Harris II,Atlanta Braves,B Elder,Boston Red Sox,C Early,+13626,3,+520,1.0,0.0,open,Settled
us-oh:01ksn6r0snfddr5dpygppbh6w7,2026-05-27,2026-05-27 13:12,Miguel Vargas,Minnesota Twins,C Prielipp,Chicago White Sox,D Sandlin,+13626,3,+440,1.0,0.0,open,Settled
us-oh:01ksn6nrqsfzqrnnmtkk8dc43m,2026-05-27,2026-05-27 13:10,Jordan Walker,St. Louis Cardinals,D May,Milwaukee Brewers,C Patrick,+1991,2,+410,1.0,0.0,open,Settled
us-oh:01ksn6nrqsfzqrnnmtkk8dc43m,2026-05-27,2026-05-27 13:10,Shea Langeliers,Seattle Mariners,L Gilbert,Athletics,J Springs,+1991,2,+310,1.0,0.0,open,Settled
O/2072111/0001785,2026-05-27,2026-05-27 13:17,James Wood,Washington Nationals,P Poulin,Cleveland Guardians,G Williams,+12446,3,+500,1.0,0.0,open,Settled
O/2072111/0001785,2026-05-27,2026-05-27 13:17,Jordan Walker,St. Louis Cardinals,D May,Milwaukee Brewers,C Patrick,+12446,3,+410,1.0,0.0,open,Settled
O/2072111/0001785,2026-05-27,2026-05-27 13:17,Nick Kurtz,Seattle Mariners,L Gilbert,Athletics,J Springs,+12446,3,+310,1.0,0.0,open,Settled
us-oh:01ksn6wnx7fc6vyxd1r88kfnzz,2026-05-27,2026-05-27 13:14,Jose Ramirez,Washington Nationals,P Poulin,Cleveland Guardians,G Williams,+8324,3,,1.0,0.0,open,Settled
us-oh:01ksn6wnx7fc6vyxd1r88kfnzz,2026-05-27,2026-05-27 13:14,Kyle Manzardo,Washington Nationals,P Poulin,Cleveland Guardians,G Williams,+8324,3,,1.0,0.0,open,Settled
us-oh:01ksn6wnx7fc6vyxd1r88kfnzz,2026-05-27,2026-05-27 13:14,James Wood,Washington Nationals,P Poulin,Cleveland Guardians,G Williams,+8324,3,,1.0,0.0,open,Settled
O/2072111/0001784,2026-05-26,2026-05-26 22:09,Nick Kurtz,Seattle Mariners,E Hancock,Athletics,G Jump,+20876,3,+380,10.0,0.0,open,Settled
O/2072111/0001784,2026-05-26,2026-05-26 22:09,Gavin Sheets,Philadelphia Phillies,A Nola,San Diego Padres,R Vasquez,+20876,3,+850,10.0,0.0,open,Settled
O/2072111/0001784,2026-05-26,2026-05-26 22:09,Andy Pages,Colorado Rockies,K Freeland,Los Angeles Dodgers,E Lauer,+20876,3,+360,10.0,0.0,open,Settled
us-oh:01kskk3n2qewk8vpfdwac7xrs9,2026-05-26,2026-05-26 22:09,Kyle Schwarber,Philadelphia Phillies,A Nola,San Diego Padres,R Vasquez,+12162,3,,1.0,0.0,open,Settled
us-oh:01kskk3n2qewk8vpfdwac7xrs9,2026-05-26,2026-05-26 22:09,Gavin Sheets,Philadelphia Phillies,A Nola,San Diego Padres,R Vasquez,+12162,3,,1.0,0.0,open,Settled
us-oh:01kskk3n2qewk8vpfdwac7xrs9,2026-05-26,2026-05-26 22:09,Shea Langeliers,Seattle Mariners,E Hancock,Athletics,G Jump,+12162,3,+450,1.0,0.0,open,Settled
us-oh:01kskjxe5aennvkrzvz570qqgn,2026-05-26,2026-05-26 22:06,Kyle Schwarber,Philadelphia Phillies,A Nola,San Diego Padres,R Vasquez,+8395,3,+310,1.0,0.0,open,Settled
us-oh:01kskjxe5aennvkrzvz570qqgn,2026-05-26,2026-05-26 22:06,Shea Langeliers,Seattle Mariners,E Hancock,Athletics,G Jump,+8395,3,+460,1.0,0.0,open,Settled
us-oh:01kskjxe5aennvkrzvz570qqgn,2026-05-26,2026-05-26 22:06,Shohei Ohtani,Colorado Rockies,K Freeland,Los Angeles Dodgers,E Lauer,+8395,3,+270,1.0,0.0,open,Settled
us-oh:01ksk21t8re2wrf47cx60n5tcw,2026-05-26,2026-05-26 17:11,James Wood,Washington Nationals,C Cavalli,Cleveland Guardians,J Cantillo,+28283,4,+360,1.0,0.0,open,Settled
us-oh:01ksk21t8re2wrf47cx60n5tcw,2026-05-26,2026-05-26 17:11,Juan Soto,Cincinnati Reds,C Burns,New York Mets,D Peterson,+28283,4,+390,1.0,0.0,open,Settled
us-oh:01ksk21t8re2wrf47cx60n5tcw,2026-05-26,2026-05-26 17:11,Byron Buxton,Minnesota Twins,J Ryan,Chicago White Sox,S Burke,+28283,4,+265,1.0,0.0,open,Settled
us-oh:01ksk21t8re2wrf47cx60n5tcw,2026-05-26,2026-05-26 17:11,Kyle Schwarber,Philadelphia Phillies,A Nola,San Diego Padres,R Vasquez,+28283,4,+245,1.0,0.0,open,Settled
us-oh:01ksjkz83xetftkd1g1rbbtyjm,2026-05-26,2026-05-26 13:05,Juan Soto,Cincinnati Reds,C Burns,New York Mets,D Peterson,+19455,4,+370,1.0,0.0,open,Settled
us-oh:01ksjkz83xetftkd1g1rbbtyjm,2026-05-26,2026-05-26 13:05,Byron Buxton,Minnesota Twins,J Ryan,Chicago White Sox,S Burke,+19455,4,+260,1.0,0.0,open,Settled
us-oh:01ksjkz83xetftkd1g1rbbtyjm,2026-05-26,2026-05-26 13:05,Aaron Judge,New York Yankees,C Schlittler,Kansas City Royals,B Falter,+19455,4,+235,1.0,0.0,open,Settled
us-oh:01ksjkz83xetftkd1g1rbbtyjm,2026-05-26,2026-05-26 13:05,Kyle Schwarber,Philadelphia Phillies,A Nola,San Diego Padres,R Vasquez,+19455,4,+245,1.0,0.0,open,Settled
O/2072111/0001783,2026-05-26,2026-05-26 19:46,Byron Buxton,Minnesota Twins,J Ryan,Chicago White Sox,S Burke,+7823,3,+360,25.0,0.0,open,Settled
O/2072111/0001783,2026-05-26,2026-05-26 19:46,Christian Walker,Houston Astros,J Alexander,Texas Rangers,J Leiter,+7823,3,+430,25.0,0.0,open,Settled
O/2072111/0001783,2026-05-26,2026-05-26 19:46,Kyle Schwarber,Philadelphia Phillies,A Nola,San Diego Padres,R Vasquez,+7823,3,+225,25.0,0.0,open,Settled
us-oh:01kskbhat4fgzb2xdncykakdeb,2026-05-26,2026-05-26 19:57,Ty France,Philadelphia Phillies,A Nola,San Diego Padres,R Vasquez,+15331,4,,1.0,0.0,open,Settled
us-oh:01kskbhat4fgzb2xdncykakdeb,2026-05-26,2026-05-26 19:57,Kyle Schwarber,Houston Astros,J Alexander,Texas Rangers,J Leiter,+15331,4,,1.0,0.0,open,Settled
us-oh:01kskbhat4fgzb2xdncykakdeb,2026-05-26,2026-05-26 19:57,Christian Walker,Philadelphia Phillies,A Nola,San Diego Padres,R Vasquez,+15331,4,,1.0,0.0,open,Settled
us-oh:01kskbhat4fgzb2xdncykakdeb,2026-05-26,2026-05-26 19:57,Yordan Alvarez,Philadelphia Phillies,A Nola,San Diego Padres,R Vasquez,+15331,4,,1.0,0.0,open,Settled
us-oh:01ksjyxgzbfdnt19ty4kvk5zqt,2026-05-26,2026-05-26 16:16,Elly De La Cruz,Cincinnati Reds,C Burns,New York Mets,D Peterson,+10540,3,,1.0,0.0,open,Settled
us-oh:01ksjyxgzbfdnt19ty4kvk5zqt,2026-05-26,2026-05-26 16:16,Juan Soto,Cincinnati Reds,C Burns,New York Mets,D Peterson,+10540,3,,1.0,0.0,open,Settled
us-oh:01ksjyxgzbfdnt19ty4kvk5zqt,2026-05-26,2026-05-26 16:16,Christian Walker,Houston Astros,J Alexander,Texas Rangers,J Leiter,+10540,3,+420,1.0,0.0,open,Settled
O/2072111/0001782,2026-05-26,2026-05-26 18:21,Dillon Dingler,Los Angeles Angels,J Kochanowicz,Detroit Tigers,K Montero,+34954,3,+630,10.0,0.0,open,Settled
O/2072111/0001782,2026-05-26,2026-05-26 18:21,Liam Hicks,Miami Marlins,S Alcantara,Toronto Blue Jays,B Fisher,+34954,3,+880,10.0,0.0,open,Settled
O/2072111/0001782,2026-05-26,2026-05-26 18:21,Juan Soto,Cincinnati Reds,C Burns,New York Mets,D Peterson,+34954,3,+390,10.0,0.0,open,Settled
us-oh:01ksjyg3y7eha89jkexp61d1kh,2026-05-26,2026-05-26 16:09,Wade Meckler,Los Angeles Angels,J Kochanowicz,Detroit Tigers,K Montero,+28617,3,,1.0,0.0,open,Settled
us-oh:01ksjyg3y7eha89jkexp61d1kh,2026-05-26,2026-05-26 16:09,Dillon Dingler,Los Angeles Angels,J Kochanowicz,Detroit Tigers,K Montero,+28617,3,,1.0,0.0,open,Settled
us-oh:01ksjyg3y7eha89jkexp61d1kh,2026-05-26,2026-05-26 16:09,Juan Soto,Cincinnati Reds,C Burns,New York Mets,D Peterson,+28617,3,+390,1.0,0.0,open,Settled
us-oh:01ksjyr2ftfsjvpmcpf8jy1ka2,2026-05-26,2026-05-26 16:13,Brandon Lowe,Chicago Cubs,J Wicks,Pittsburgh Pirates,B Ashcraft,+10847,3,,1.0,0.0,open,Settled
us-oh:01ksjyr2ftfsjvpmcpf8jy1ka2,2026-05-26,2026-05-26 16:13,Oneil Cruz,Chicago Cubs,J Wicks,Pittsburgh Pirates,B Ashcraft,+10847,3,,1.0,0.0,open,Settled
us-oh:01ksjyr2ftfsjvpmcpf8jy1ka2,2026-05-26,2026-05-26 16:13,Wilyer Abreu,Atlanta Braves,S Strider,Boston Red Sox,R Suarez,+10847,3,+490,1.0,0.0,open,Settled
us-oh:01ksjypsq4f37sjxqmm34jc417,2026-05-26,2026-05-26 16:13,Pete Alonso,Tampa Bay Rays,G Jax,Baltimore Orioles,S Baz,+7074,3,,1.0,0.0,open,Settled
us-oh:01ksjypsq4f37sjxqmm34jc417,2026-05-26,2026-05-26 16:13,Junior Caminero,Tampa Bay Rays,G Jax,Baltimore Orioles,S Baz,+7074,3,,1.0,0.0,open,Settled
us-oh:01ksjypsq4f37sjxqmm34jc417,2026-05-26,2026-05-26 16:13,Spencer Torkelson,Los Angeles Angels,J Kochanowicz,Detroit Tigers,K Montero,+7074,3,+520,1.0,0.0,open,Settled
O/2072111/0001781,2026-05-26,2026-05-26 17:04,Dylan Crews,Washington Nationals,C Cavalli,Cleveland Guardians,J Cantillo,+74420,3,+820,1.0,0.0,open,Settled
O/2072111/0001781,2026-05-26,2026-05-26 17:04,Nico Hoerner,Chicago Cubs,J Wicks,Pittsburgh Pirates,B Ashcraft,+74420,3,+1400,1.0,0.0,open,Settled
O/2072111/0001781,2026-05-26,2026-05-26 17:04,Corbin Carroll,Arizona Diamondbacks,E Rodriguez,San Francisco Giants,T Mahle,+74420,3,+440,1.0,0.0,open,Settled
us-oh:01ksk3qg2efm6vnmgjjwnmve0q,2026-05-26,2026-05-26 17:40,Curtis Mead,Washington Nationals,C Cavalli,Cleveland Guardians,J Cantillo,+30245,3,,1.0,0.0,open,Settled
us-oh:01ksk3qg2efm6vnmgjjwnmve0q,2026-05-26,2026-05-26 17:40,C.J. Abrams,Washington Nationals,C Cavalli,Cleveland Guardians,J Cantillo,+30245,3,,1.0,0.0,open,Settled
us-oh:01ksk3qg2efm6vnmgjjwnmve0q,2026-05-26,2026-05-26 17:40,Gavin Sheets,Philadelphia Phillies,A Nola,San Diego Padres,R Vasquez,+30245,3,+540,1.0,0.0,open,Settled
us-oh:01ksjymkb6fd5trz47btqkg03j,2026-05-26,2026-05-26 16:11,James Wood,Washington Nationals,C Cavalli,Cleveland Guardians,J Cantillo,+17500,3,,1.0,0.0,open,Settled
us-oh:01ksjymkb6fd5trz47btqkg03j,2026-05-26,2026-05-26 16:11,Curtis Mead,Washington Nationals,C Cavalli,Cleveland Guardians,J Cantillo,+17500,3,,1.0,0.0,open,Settled
us-oh:01ksjymkb6fd5trz47btqkg03j,2026-05-26,2026-05-26 16:11,C.J. Abrams,Washington Nationals,C Cavalli,Cleveland Guardians,J Cantillo,+17500,3,,1.0,0.0,open,Settled
us-oh:01ksgt2a91f6hbz9qcm6r1jjds,2026-05-25,2026-05-25 20:13,Carlos Cortes,Seattle Mariners,L Castillo,Athletics,A Civale,+7699,3,,1.0,0.0,open,Settled
us-oh:01ksgt2a91f6hbz9qcm6r1jjds,2026-05-25,2026-05-25 20:13,Shea Langeliers,Seattle Mariners,L Castillo,Athletics,A Civale,+7699,3,,1.0,0.0,open,Settled
us-oh:01ksgt2a91f6hbz9qcm6r1jjds,2026-05-25,2026-05-25 20:13,Freddie Freeman,Colorado Rockies,T Gordon,Los Angeles Dodgers,E Sheehan,+7699,3,+410,1.0,0.0,open,Settled
us-oh:01ksgt5wk3evy8341k4yc4znec,2026-05-25,2026-05-25 20:15,Shea Langeliers,Seattle Mariners,L Castillo,Athletics,A Civale,+19402,4,,1.0,0.0,open,Settled
us-oh:01ksgt5wk3evy8341k4yc4znec,2026-05-25,2026-05-25 20:15,Brent Rooker,Seattle Mariners,L Castillo,Athletics,A Civale,+19402,4,,1.0,0.0,open,Settled
us-oh:01ksgt5wk3evy8341k4yc4znec,2026-05-25,2026-05-25 20:15,Luke Raley,Seattle Mariners,L Castillo,Athletics,A Civale,+19402,4,,1.0,0.0,open,Settled
us-oh:01ksgt5wk3evy8341k4yc4znec,2026-05-25,2026-05-25 20:15,Shohei Ohtani,Colorado Rockies,T Gordon,Los Angeles Dodgers,E Sheehan,+19402,4,+205,1.0,0.0,open,Settled
O/2072111/0001780,2026-05-25,2026-05-25 18:38,Kyle Schwarber,Philadelphia Phillies,J Luzardo,San Diego Padres,G Canning,+10573,3,+235,1.0,105.73,open,Settled
O/2072111/0001780,2026-05-25,2026-05-25 18:38,Christian Walker,Houston Astros,T Imai,Texas Rangers,K Rocker,+10573,3,+490,1.0,105.73,open,Settled
O/2072111/0001780,2026-05-25,2026-05-25 18:38,Luke Raley,Seattle Mariners,L Castillo,Athletics,A Civale,+10573,3,+440,1.0,105.73,open,Settled
O/2072111/0001779,2026-05-25,2026-05-25 17:02,TJ Rumfield,Colorado Rockies,T Gordon,Los Angeles Dodgers,E Sheehan,+14131,3,,1.0,0.0,open,Settled
O/2072111/0001779,2026-05-25,2026-05-25 17:02,Freddie Freeman,Colorado Rockies,T Gordon,Los Angeles Dodgers,E Sheehan,+14131,3,,1.0,0.0,open,Settled
O/2072111/0001779,2026-05-25,2026-05-25 17:02,Kyle Manzardo,Washington Nationals,P Poulin,Cleveland Guardians,T Bibee,+14131,3,+520,1.0,0.0,open,Settled
O/2072111/0001778,2026-05-25,2026-05-25 14:19,Ben Rice,New York Yankees,W Warren,Kansas City Royals,M Wacha,+17775,3,+390,1.0,0.0,open,Settled
O/2072111/0001778,2026-05-25,2026-05-25 14:19,Casey Schmitt,Arizona Diamondbacks,M Kelly,San Francisco Giants,L Roupp,+17775,3,+540,1.0,0.0,open,Settled
O/2072111/0001778,2026-05-25,2026-05-25 14:19,Christian Walker,Houston Astros,T Imai,Texas Rangers,K Rocker,+17775,3,+470,1.0,0.0,open,Settled
O/2072111/0001776,2026-05-25,2026-05-25 12:08,Ben Rice,New York Yankees,W Warren,Kansas City Royals,M Wacha,+46940,3,+390,1.0,0.0,open,Settled
O/2072111/0001776,2026-05-25,2026-05-25 12:08,Casey Schmitt,Arizona Diamondbacks,M Kelly,San Francisco Giants,L Roupp,+46940,3,+540,1.0,0.0,open,Settled
O/2072111/0001776,2026-05-25,2026-05-25 12:08,Jacob Young,Washington Nationals,P Poulin,Cleveland Guardians,T Bibee,+46940,3,+1400,1.0,0.0,open,Settled
O/2072111/0001773,2026-05-25,2026-05-25 11:56,Jackson Chourio,St. Louis Cardinals,M Liberatore,Milwaukee Brewers,J Misiorowski,+62799,4,+440,1.0,0.0,open,Settled
O/2072111/0001773,2026-05-25,2026-05-25 11:56,Aaron Judge,New York Yankees,W Warren,Kansas City Royals,M Wacha,+62799,4,+250,1.0,0.0,open,Settled
O/2072111/0001773,2026-05-25,2026-05-25 11:56,Juan Soto,Cincinnati Reds,N Lodolo,New York Mets,N McLean,+62799,4,,1.0,0.0,void,Settled
O/2072111/0001773,2026-05-25,2026-05-25 11:56,Casey Schmitt,Arizona Diamondbacks,M Kelly,San Francisco Giants,L Roupp,+62799,4,+540,1.0,0.0,open,Settled
O/2072111/0001775,2026-05-25,2026-05-25 12:06,Alec Burleson,St. Louis Cardinals,M Liberatore,Milwaukee Brewers,J Misiorowski,+21423,3,+470,1.0,0.0,open,Settled
O/2072111/0001775,2026-05-25,2026-05-25 12:06,Josh Bell,Minnesota Twins,Z Matthews,Chicago White Sox,A Kay,+21423,3,+490,1.0,0.0,open,Settled
O/2072111/0001775,2026-05-25,2026-05-25 12:06,C.J. Abrams,Washington Nationals,P Poulin,Cleveland Guardians,T Bibee,+21423,3,+540,1.0,0.0,open,Settled
O/2072111/0001777,2026-05-25,2026-05-25 13:22,Ben Rice,New York Yankees,W Warren,Kansas City Royals,M Wacha,+75388,4,,5.0,0.0,open,Settled
O/2072111/0001777,2026-05-25,2026-05-25 13:22,Paul Goldschmidt,New York Yankees,W Warren,Kansas City Royals,M Wacha,+75388,4,,5.0,0.0,open,Settled
O/2072111/0001777,2026-05-25,2026-05-25 13:22,Jordan Walker,St. Louis Cardinals,M Liberatore,Milwaukee Brewers,J Misiorowski,+75388,4,+470,5.0,0.0,open,Settled
O/2072111/0001777,2026-05-25,2026-05-25 13:22,Casey Schmitt,Arizona Diamondbacks,M Kelly,San Francisco Giants,L Roupp,+75388,4,+540,5.0,0.0,open,Settled
O/2072111/0001774,2026-05-25,2026-05-25 11:58,Jackson Chourio,St. Louis Cardinals,M Liberatore,Milwaukee Brewers,J Misiorowski,+10980,3,+440,1.0,0.0,open,Settled
O/2072111/0001774,2026-05-25,2026-05-25 11:58,Kyle Schwarber,Philadelphia Phillies,J Luzardo,San Diego Padres,G Canning,+10980,3,+280,1.0,0.0,open,Settled
O/2072111/0001774,2026-05-25,2026-05-25 11:58,Luke Raley,Seattle Mariners,L Castillo,Athletics,A Civale,+10980,3,+440,1.0,0.0,open,Settled
O/2072111/0001772,2026-05-25,2026-05-25 11:54,Brandon Lowe,Chicago Cubs,B Brown,Pittsburgh Pirates,C Mlodzinski,+10573,3,+490,1.0,0.0,open,Settled
O/2072111/0001772,2026-05-25,2026-05-25 11:54,Byron Buxton,Minnesota Twins,Z Matthews,Chicago White Sox,A Kay,+10573,3,+235,1.0,0.0,open,Settled
O/2072111/0001772,2026-05-25,2026-05-25 11:54,Jordan Walker,St. Louis Cardinals,M Liberatore,Milwaukee Brewers,J Misiorowski,+10573,3,+440,1.0,0.0,open,Settled
O/2072111/0001771,2026-05-24,2026-05-24 20:08,Brandon Nimmo,Texas Rangers,M Gore,Los Angeles Angels,R Detmers,+50016,3,,1.0,0.0,open,Settled
O/2072111/0001771,2026-05-24,2026-05-24 20:08,Jo Adell,Texas Rangers,M Gore,Los Angeles Angels,R Detmers,+50016,3,,1.0,0.0,open,Settled
O/2072111/0001771,2026-05-24,2026-05-24 20:08,Zach Neto,Texas Rangers,M Gore,Los Angeles Angels,R Detmers,+50016,3,,1.0,0.0,open,Settled
O/2072111/0001766,2026-05-24,2026-05-24 12:26,Aaron Judge,Tampa Bay Rays,D Rasmussen,New York Yankees,R Weathers,+20113,3,+290,1.0,0.0,open,Settled
O/2072111/0001766,2026-05-24,2026-05-24 12:26,Luke Raley,Seattle Mariners,B Woo,Kansas City Royals,S Lugo,+20113,3,+610,1.0,0.0,open,Settled
O/2072111/0001766,2026-05-24,2026-05-24 12:26,Randal Grichuk,Chicago White Sox,N Schultz,San Francisco Giants,R Ray,+20113,3,+630,1.0,0.0,open,Settled
O/2072111/0001769,2026-05-24,2026-05-24 12:32,Mookie Betts,Los Angeles Dodgers,Y Yamamoto,Milwaukee Brewers,B Sproat,+20551,3,+590,1.0,0.0,open,Settled
O/2072111/0001769,2026-05-24,2026-05-24 12:32,Jac Caglianone,Seattle Mariners,B Woo,Kansas City Royals,S Lugo,+20551,3,+630,1.0,0.0,open,Settled
O/2072111/0001769,2026-05-24,2026-05-24 12:32,Sal Stewart,St. Louis Cardinals,B Mautz,Cincinnati Reds,B Singer,+20551,3,,1.0,0.0,void,Settled
O/2072111/0001767,2026-05-24,2026-05-24 12:28,Bryce Harper,Cleveland Guardians,P Messick,Philadelphia Phillies,A Painter,+50849,3,+610,1.0,0.0,open,Settled
O/2072111/0001767,2026-05-24,2026-05-24 12:28,Rodolfo Duran,Athletics,L Medina,San Diego Padres,M King,+50849,3,+820,1.0,0.0,open,Settled
O/2072111/0001767,2026-05-24,2026-05-24 12:28,Michael Harris II,Washington Nationals,F Griffin,Atlanta Braves,M Perez,+50849,3,+680,1.0,0.0,open,Settled
O/2072111/0001765,2026-05-24,2026-05-24 12:24,Kyle Schwarber,Cleveland Guardians,P Messick,Philadelphia Phillies,A Painter,+16897,3,+330,1.0,0.0,open,Settled
O/2072111/0001765,2026-05-24,2026-05-24 12:24,Jackson Chourio,Los Angeles Dodgers,Y Yamamoto,Milwaukee Brewers,B Sproat,+16897,3,+570,1.0,0.0,open,Settled
O/2072111/0001765,2026-05-24,2026-05-24 12:24,Dillon Dingler,Detroit Tigers,T Melton,Baltimore Orioles,T Rogers,+16897,3,+490,1.0,0.0,open,Settled
O/2072111/0001770,2026-05-24,2026-05-24 12:35,Paul Goldschmidt,Tampa Bay Rays,D Rasmussen,New York Yankees,R Weathers,+34954,3,+880,1.0,0.0,open,Settled
O/2072111/0001770,2026-05-24,2026-05-24 12:35,Randal Grichuk,Chicago White Sox,N Schultz,San Francisco Giants,R Ray,+34954,3,+630,1.0,0.0,open,Settled
O/2072111/0001770,2026-05-24,2026-05-24 12:35,James Wood,Washington Nationals,F Griffin,Atlanta Braves,M Perez,+34954,3,+390,1.0,0.0,open,Settled
O/2072111/0001768,2026-05-24,2026-05-24 12:31,Ben Rice,Tampa Bay Rays,D Rasmussen,New York Yankees,R Weathers,+15037,3,+420,1.0,0.0,open,Settled
O/2072111/0001768,2026-05-24,2026-05-24 12:31,Bryce Harper,Cleveland Guardians,P Messick,Philadelphia Phillies,A Painter,+15037,3,+610,1.0,0.0,open,Settled
O/2072111/0001768,2026-05-24,2026-05-24 12:31,Jordan Walker,St. Louis Cardinals,B Mautz,Cincinnati Reds,B Singer,+15037,3,,1.0,0.0,void,Settled
O/2072111/0001762,2026-05-23,2026-05-23 17:14,Gavin Sheets,Athletics,J Ginn,San Diego Padres,L Giolito,+34049,3,+520,1.0,0.0,open,Settled
O/2072111/0001762,2026-05-23,2026-05-23 17:14,Wade Meckler,Texas Rangers,N Eovaldi,Los Angeles Angels,W Urena,+34049,3,+980,1.0,0.0,open,Settled
O/2072111/0001762,2026-05-23,2026-05-23 17:14,Corbin Carroll,Colorado Rockies,M Lorenzen,Arizona Diamondbacks,Z Gallen,+34049,3,+410,1.0,0.0,open,Settled
O/2072111/0001763,2026-05-23,2026-05-23 17:16,Ketel Marte,Colorado Rockies,M Lorenzen,Arizona Diamondbacks,Z Gallen,+12890,3,,1.0,0.0,open,Settled
O/2072111/0001763,2026-05-23,2026-05-23 17:16,Hunter Goodman,Colorado Rockies,M Lorenzen,Arizona Diamondbacks,Z Gallen,+12890,3,,1.0,0.0,open,Settled
O/2072111/0001763,2026-05-23,2026-05-23 17:16,Mookie Betts,Los Angeles Dodgers,R Sasaki,Milwaukee Brewers,R Gasser,+12890,3,+490,1.0,0.0,open,Settled
O/2072111/0001761,2026-05-23,2026-05-23 17:13,Brice Turang,Los Angeles Dodgers,R Sasaki,Milwaukee Brewers,R Gasser,+13477,3,,1.0,0.0,open,Settled
O/2072111/0001761,2026-05-23,2026-05-23 17:13,Jake Bauers,Los Angeles Dodgers,R Sasaki,Milwaukee Brewers,R Gasser,+13477,3,,1.0,0.0,open,Settled
O/2072111/0001761,2026-05-23,2026-05-23 17:13,Shea Langeliers,Athletics,J Ginn,San Diego Padres,L Giolito,+13477,3,+320,1.0,0.0,open,Settled
O/2072111/0001756,2026-05-23,2026-05-23 13:07,Nathaniel Lowe,St. Louis Cardinals,A Pallante,Cincinnati Reds,C Paddack,+27691,3,+630,1.0,0.0,open,Settled
O/2072111/0001756,2026-05-23,2026-05-23 13:07,Daylen Lile,Washington Nationals,J Irvin,Atlanta Braves,G Holmes,+27691,3,+710,1.0,0.0,open,Settled
O/2072111/0001756,2026-05-23,2026-05-23 13:07,Jordan Walker,St. Louis Cardinals,K Leahy,Cincinnati Reds,C Petty,+27691,3,+370,1.0,0.0,open,Settled
O/2072111/0001760,2026-05-23,2026-05-23 17:07,Luke Raley,Seattle Mariners,G Kirby,Kansas City Royals,S Kolek,+11307,3,+800,1.0,0.0,open,Settled
O/2072111/0001760,2026-05-23,2026-05-23 17:07,Kyle Schwarber,Cleveland Guardians,S Cecconi,Philadelphia Phillies,Z Wheeler,+11307,3,+225,1.0,0.0,open,Settled
O/2072111/0001760,2026-05-23,2026-05-23 17:07,Shohei Ohtani,Los Angeles Dodgers,R Sasaki,Milwaukee Brewers,R Gasser,+11307,3,+290,1.0,0.0,open,Settled
O/2072111/0001757,2026-05-23,2026-05-23 13:15,Michael Harris II,Washington Nationals,J Irvin,Atlanta Braves,G Holmes,+53878,3,+390,1.0,0.0,open,Settled
O/2072111/0001757,2026-05-23,2026-05-23 13:15,J.P. Crawford,Seattle Mariners,G Kirby,Kansas City Royals,S Kolek,+53878,3,+920,1.0,0.0,open,Settled
O/2072111/0001757,2026-05-23,2026-05-23 13:15,Angel Martinez,Cleveland Guardians,S Cecconi,Philadelphia Phillies,Z Wheeler,+53878,3,+980,1.0,0.0,open,Settled
O/2072111/0001755,2026-05-23,2026-05-23 13:01,Luke Raley,Seattle Mariners,G Kirby,Kansas City Royals,S Kolek,+14933,3,+490,1.0,0.0,open,Settled
O/2072111/0001755,2026-05-23,2026-05-23 13:01,Byron Buxton,Minnesota Twins,T Bradley,Boston Red Sox,J Moran,+14933,3,+390,1.0,0.0,open,Settled
O/2072111/0001755,2026-05-23,2026-05-23 13:01,JJ Bleday,St. Louis Cardinals,K Leahy,Cincinnati Reds,C Petty,+14933,3,+420,1.0,0.0,open,Settled
O/2072111/0001758,2026-05-23,2026-05-23 13:16,Cam Smith,Houston Astros,K Teng,Chicago Cubs,C Rea,+13808,2,+1120,1.0,0.0,open,Settled
O/2072111/0001758,2026-05-23,2026-05-23 13:16,Wade Meckler,Texas Rangers,N Eovaldi,Los Angeles Angels,W Urena,+13808,2,+1040,1.0,0.0,open,Settled
O/2072111/0001759,2026-05-23,2026-05-23 13:20,Sal Stewart,St. Louis Cardinals,A Pallante,Cincinnati Reds,C Paddack,+15672,3,+380,1.0,0.0,open,Settled
O/2072111/0001759,2026-05-23,2026-05-23 13:20,C.J. Abrams,Washington Nationals,J Irvin,Atlanta Braves,G Holmes,+15672,3,+520,1.0,0.0,open,Settled
O/2072111/0001759,2026-05-23,2026-05-23 13:20,Bryce Harper,Cleveland Guardians,S Cecconi,Philadelphia Phillies,Z Wheeler,+15672,3,+430,1.0,0.0,open,Settled
O/2072111/0001752,2026-05-22,2026-05-22 21:13,Brandon Nimmo,Texas Rangers,J deGrom,Los Angeles Angels,G Rodriguez,+17647,3,+540,1.0,0.0,open,Settled
O/2072111/0001752,2026-05-22,2026-05-22 21:13,Nick Kurtz,Athletics,J Springs,San Diego Padres,W Buehler,+17647,3,+370,1.0,0.0,open,Settled
O/2072111/0001752,2026-05-22,2026-05-22 21:13,Colson Montgomery,Chicago White Sox,D Martin,San Francisco Giants,T McDonald,+17647,3,+490,1.0,0.0,open,Settled
O/2072111/0001751,2026-05-22,2026-05-22 21:09,Mike Trout,Texas Rangers,J deGrom,Los Angeles Angels,G Rodriguez,+17130,3,+370,1.0,0.0,open,Settled
O/2072111/0001751,2026-05-22,2026-05-22 21:09,Corbin Carroll,Colorado Rockies,T Sugano,Arizona Diamondbacks,M Soroka,+17130,3,+370,1.0,0.0,open,Settled
O/2072111/0001751,2026-05-22,2026-05-22 21:09,Gavin Sheets,Athletics,J Springs,San Diego Padres,W Buehler,+17130,3,+680,1.0,0.0,open,Settled
O/2072111/0001753,2026-05-22,2026-05-22 21:15,Shea Langeliers,Athletics,J Springs,San Diego Padres,W Buehler,+15878,3,,1.0,0.0,open,Settled
O/2072111/0001753,2026-05-22,2026-05-22 21:15,Zack Gelof,Athletics,J Springs,San Diego Padres,W Buehler,+15878,3,,1.0,0.0,open,Settled
O/2072111/0001753,2026-05-22,2026-05-22 21:15,Munetaka Murakami,Chicago White Sox,D Martin,San Francisco Giants,T McDonald,+15878,3,+410,1.0,0.0,open,Settled
O/2072111/0001754,2026-05-22,2026-05-22 21:16,Brent Rooker,Athletics,J Springs,San Diego Padres,W Buehler,+31347,3,,1.0,0.0,open,Settled
O/2072111/0001754,2026-05-22,2026-05-22 21:16,Rodolfo Duran,Athletics,J Springs,San Diego Padres,W Buehler,+31347,3,,1.0,0.0,open,Settled
O/2072111/0001754,2026-05-22,2026-05-22 21:16,Miguel Vargas,Chicago White Sox,D Martin,San Francisco Giants,T McDonald,+31347,3,+610,1.0,0.0,open,Settled
O/2072111/0001744,2026-05-22,2026-05-22 17:51,Byron Buxton,Minnesota Twins,C Prielipp,Boston Red Sox,P Tolle,+20351,3,+290,1.0,0.0,open,Settled
O/2072111/0001744,2026-05-22,2026-05-22 17:51,Michael Harris II,Washington Nationals,R Lovelady,Atlanta Braves,B Elder,+20351,3,+470,1.0,0.0,open,Settled
O/2072111/0001744,2026-05-22,2026-05-22 17:51,Rodolfo Duran,Athletics,J Springs,San Diego Padres,W Buehler,+20351,3,+820,1.0,0.0,open,Settled
O/2072111/0001737,2026-05-22,2026-05-22 13:49,Mauricio Dubon,Washington Nationals,R Lovelady,Atlanta Braves,B Elder,+10481,3,,1.0,0.0,open,Settled
O/2072111/0001737,2026-05-22,2026-05-22 13:49,Austin Riley,Washington Nationals,R Lovelady,Atlanta Braves,B Elder,+10481,3,,1.0,0.0,open,Settled
O/2072111/0001737,2026-05-22,2026-05-22 13:49,Juan Soto,New York Mets,T Myers,Miami Marlins,E Perez,+10481,3,+260,1.0,0.0,open,Settled
O/2072111/0001748,2026-05-22,2026-05-22 19:29,Jake Bauers,Los Angeles Dodgers,J Wrobleski,Milwaukee Brewers,L Henderson,+10244,3,,1.0,0.0,open,Settled
O/2072111/0001748,2026-05-22,2026-05-22 19:29,Max Muncy,Los Angeles Dodgers,J Wrobleski,Milwaukee Brewers,L Henderson,+10244,3,,1.0,0.0,open,Settled
O/2072111/0001748,2026-05-22,2026-05-22 19:29,Bobby Witt Jr.,Seattle Mariners,L Gilbert,Kansas City Royals,N Cameron,+10244,3,+490,1.0,0.0,open,Settled
O/2072111/0001749,2026-05-22,2026-05-22 19:30,C.J. Abrams,Washington Nationals,R Lovelady,Atlanta Braves,B Elder,+16572,3,+850,1.0,0.0,open,Settled
O/2072111/0001749,2026-05-22,2026-05-22 19:30,Shohei Ohtani,Los Angeles Dodgers,J Wrobleski,Milwaukee Brewers,L Henderson,+16572,3,+225,1.0,0.0,open,Settled
O/2072111/0001749,2026-05-22,2026-05-22 19:30,Jac Caglianone,Seattle Mariners,L Gilbert,Kansas City Royals,N Cameron,+16572,3,+440,1.0,0.0,open,Settled
O/2072111/0001750,2026-05-22,2026-05-22 19:34,Brandon Lowe,Pittsburgh Pirates,B Chandler,Toronto Blue Jays,K Gausman,+3920,2,+500,1.0,0.0,open,Settled
O/2072111/0001750,2026-05-22,2026-05-22 19:34,Mookie Betts,Los Angeles Dodgers,J Wrobleski,Milwaukee Brewers,L Henderson,+3920,2,+570,1.0,0.0,open,Settled
O/2072111/0001746,2026-05-22,2026-05-22 18:02,Willson Contreras,Minnesota Twins,C Prielipp,Boston Red Sox,P Tolle,+35034,3,+470,1.0,0.0,open,Settled
O/2072111/0001746,2026-05-22,2026-05-22 18:02,Dominic Smith,Washington Nationals,R Lovelady,Atlanta Braves,B Elder,+35034,3,+820,1.0,0.0,open,Settled
O/2072111/0001746,2026-05-22,2026-05-22 18:02,Mookie Betts,Los Angeles Dodgers,J Wrobleski,Milwaukee Brewers,L Henderson,+35034,3,+570,1.0,0.0,open,Settled
O/2072111/0001747,2026-05-22,2026-05-22 18:19,Bryce Harper,Cleveland Guardians,G Williams,Philadelphia Phillies,C Sanchez,+116004,4,+490,1.0,0.0,open,Settled
O/2072111/0001747,2026-05-22,2026-05-22 18:19,Mark Vientos,New York Mets,T Myers,Miami Marlins,E Perez,+116004,4,+590,1.0,0.0,open,Settled
O/2072111/0001747,2026-05-22,2026-05-22 18:19,Samuel Basallo,Detroit Tigers,J Flaherty,Baltimore Orioles,K Akin,+116004,4,+520,1.0,0.0,open,Settled
O/2072111/0001747,2026-05-22,2026-05-22 18:19,Corbin Carroll,Colorado Rockies,T Sugano,Arizona Diamondbacks,M Soroka,+116004,4,+360,1.0,0.0,open,Settled
O/2072111/0001743,2026-05-22,2026-05-22 17:48,Bryce Harper,Cleveland Guardians,G Williams,Philadelphia Phillies,C Sanchez,+16897,3,+490,1.0,0.0,open,Settled
O/2072111/0001743,2026-05-22,2026-05-22 17:48,Ben Rice,Tampa Bay Rays,N Martinez,New York Yankees,G Cole,+16897,3,+330,1.0,0.0,open,Settled
O/2072111/0001743,2026-05-22,2026-05-22 17:48,Mark Vientos,New York Mets,T Myers,Miami Marlins,E Perez,+16897,3,+570,1.0,0.0,open,Settled
O/2072111/0001745,2026-05-22,2026-05-22 17:55,Kyle Schwarber,Cleveland Guardians,G Williams,Philadelphia Phillies,C Sanchez,+59089,4,+250,1.0,0.0,open,Settled
O/2072111/0001745,2026-05-22,2026-05-22 17:55,Aaron Judge,Tampa Bay Rays,N Martinez,New York Yankees,G Cole,+59089,4,+186,1.0,0.0,open,Settled
O/2072111/0001745,2026-05-22,2026-05-22 17:55,Kody Clemens,Minnesota Twins,C Prielipp,Boston Red Sox,P Tolle,+59089,4,+710,1.0,0.0,open,Settled
O/2072111/0001745,2026-05-22,2026-05-22 17:55,Gavin Sheets,Athletics,J Springs,San Diego Padres,W Buehler,+59089,4,+630,1.0,0.0,open,Settled
O/2072111/0001741,2026-05-22,2026-05-22 14:09,Kyle Schwarber,Cleveland Guardians,G Williams,Philadelphia Phillies,C Sanchez,+26312,4,+250,1.0,0.0,open,Settled
O/2072111/0001741,2026-05-22,2026-05-22 14:09,Byron Buxton,Minnesota Twins,C Prielipp,Boston Red Sox,P Tolle,+26312,4,+290,1.0,0.0,open,Settled
O/2072111/0001741,2026-05-22,2026-05-22 14:09,Matt Olson,Washington Nationals,R Lovelady,Atlanta Braves,B Elder,+26312,4,+330,1.0,0.0,open,Settled
O/2072111/0001741,2026-05-22,2026-05-22 14:09,Luke Raley,Seattle Mariners,L Gilbert,Kansas City Royals,N Cameron,+26312,4,,1.0,0.0,void,Settled
O/2072111/0001740,2026-05-22,2026-05-22 14:01,Christian Walker,Houston Astros,S Arrighetti,Chicago Cubs,J Taillon,+32842,3,+730,1.0,0.0,open,Settled
O/2072111/0001740,2026-05-22,2026-05-22 14:01,Michael Harris II,Washington Nationals,R Lovelady,Atlanta Braves,B Elder,+32842,3,+390,1.0,0.0,open,Settled
O/2072111/0001740,2026-05-22,2026-05-22 14:01,Casey Schmitt,Chicago White Sox,D Martin,San Francisco Giants,T McDonald,+32842,3,+710,1.0,0.0,open,Settled
O/2072111/0001742,2026-05-22,2026-05-22 14:51,Christian Walker,Houston Astros,S Arrighetti,Chicago Cubs,J Taillon,+483450,4,,5.0,0.0,open,Settled
O/2072111/0001742,2026-05-22,2026-05-22 14:51,Yordan Alvarez,Houston Astros,S Arrighetti,Chicago Cubs,J Taillon,+483450,4,,5.0,0.0,open,Settled
O/2072111/0001742,2026-05-22,2026-05-22 14:51,Dominic Smith,Washington Nationals,R Lovelady,Atlanta Braves,B Elder,+483450,4,+760,5.0,0.0,open,Settled
O/2072111/0001742,2026-05-22,2026-05-22 14:51,Casey Schmitt,Chicago White Sox,D Martin,San Francisco Giants,T McDonald,+483450,4,+710,5.0,0.0,open,Settled
O/2072111/0001738,2026-05-22,2026-05-22 13:50,Braden Shewmake,Houston Astros,S Arrighetti,Chicago Cubs,J Taillon,+12134,2,,1.0,0.0,open,Settled
O/2072111/0001738,2026-05-22,2026-05-22 13:50,Jake Meyers,Houston Astros,S Arrighetti,Chicago Cubs,J Taillon,+12134,2,,1.0,0.0,open,Settled
O/2072111/0001739,2026-05-22,2026-05-22 13:54,Yordan Alvarez,Houston Astros,S Arrighetti,Chicago Cubs,J Taillon,+16772,3,,1.0,0.0,open,Settled
O/2072111/0001739,2026-05-22,2026-05-22 13:54,Christian Walker,Houston Astros,S Arrighetti,Chicago Cubs,J Taillon,+16772,3,,1.0,0.0,open,Settled
O/2072111/0001739,2026-05-22,2026-05-22 13:54,JJ Bleday,St. Louis Cardinals,K Leahy,Cincinnati Reds,C Paddack,+16772,3,,1.0,0.0,void,Settled
O/2072111/0001736,2026-05-22,2026-05-22 13:47,Yordan Alvarez,Houston Astros,S Arrighetti,Chicago Cubs,J Taillon,+27205,3,,1.0,0.0,open,Settled
O/2072111/0001736,2026-05-22,2026-05-22 13:47,Christian Walker,Houston Astros,S Arrighetti,Chicago Cubs,J Taillon,+27205,3,,1.0,0.0,open,Settled
O/2072111/0001736,2026-05-22,2026-05-22 13:47,Casey Schmitt,Chicago White Sox,D Martin,San Francisco Giants,T McDonald,+27205,3,+710,1.0,0.0,open,Settled
O/2072111/0001735,2026-05-21,2026-05-21 21:32,Brent Rooker,Athletics,L Severino,Los Angeles Angels,J Soriano,+11061,3,,1.0,0.0,open,Settled
O/2072111/0001735,2026-05-21,2026-05-21 21:32,Nick Kurtz,Athletics,L Severino,Los Angeles Angels,J Soriano,+11061,3,,1.0,0.0,open,Settled
O/2072111/0001735,2026-05-21,2026-05-21 21:32,Hunter Goodman,Colorado Rockies,Z Agnos,Arizona Diamondbacks,E Rodriguez,+11061,3,+410,1.0,0.0,open,Settled
O/2072111/0001734,2026-05-21,2026-05-21 21:32,Mike Trout,Athletics,L Severino,Los Angeles Angels,J Soriano,+32667,4,,1.0,0.0,open,Settled
O/2072111/0001734,2026-05-21,2026-05-21 21:32,Shea Langeliers,Colorado Rockies,Z Agnos,Arizona Diamondbacks,E Rodriguez,+32667,4,,1.0,0.0,open,Settled
O/2072111/0001734,2026-05-21,2026-05-21 21:32,Corbin Carroll,Athletics,L Severino,Los Angeles Angels,J Soriano,+32667,4,,1.0,0.0,open,Settled
O/2072111/0001734,2026-05-21,2026-05-21 21:32,Ketel Marte,Athletics,L Severino,Los Angeles Angels,J Soriano,+32667,4,,1.0,0.0,open,Settled
O/2072111/0001733,2026-05-21,2026-05-21 17:56,Aaron Judge,Toronto Blue Jays,B Fisher,New York Yankees,C Rodon,+29671,4,,1.0,0.0,open,Settled
O/2072111/0001733,2026-05-21,2026-05-21 17:56,Ben Rice,Toronto Blue Jays,B Fisher,New York Yankees,C Rodon,+29671,4,,1.0,0.0,open,Settled
O/2072111/0001733,2026-05-21,2026-05-21 17:56,Matt Olson,Atlanta Braves,S Strider,Miami Marlins,S Alcantara,+29671,4,+380,1.0,0.0,open,Settled
O/2072111/0001733,2026-05-21,2026-05-21 17:56,Mike Trout,Athletics,L Severino,Los Angeles Angels,J Soriano,+29671,4,+391,1.0,0.0,open,Settled
O/2072111/0001732,2026-05-21,2026-05-21 16:16,Mike Trout,Athletics,L Severino,Los Angeles Angels,J Soriano,+16082,3,,25.0,0.0,open,Settled
O/2072111/0001732,2026-05-21,2026-05-21 16:16,Shea Langeliers,Athletics,L Severino,Los Angeles Angels,J Soriano,+16082,3,,25.0,0.0,open,Settled
O/2072111/0001732,2026-05-21,2026-05-21 16:16,Liam Hicks,Atlanta Braves,S Strider,Miami Marlins,S Alcantara,+16082,3,+790,25.0,0.0,open,Settled
O/2072111/0001728,2026-05-21,2026-05-21 12:20,James Wood,New York Mets,D Peterson,Washington Nationals,C Cavalli,+10556,3,+540,1.0,0.0,open,Settled
O/2072111/0001728,2026-05-21,2026-05-21 12:20,Aaron Judge,Toronto Blue Jays,B Fisher,New York Yankees,C Rodon,+10556,3,+270,1.0,0.0,open,Settled
O/2072111/0001728,2026-05-21,2026-05-21 12:20,Mike Trout,Athletics,L Severino,Los Angeles Angels,J Soriano,+10556,3,+350,1.0,0.0,open,Settled
O/2072111/0001731,2026-05-21,2026-05-21 16:06,Ben Rice,Toronto Blue Jays,B Fisher,New York Yankees,C Rodon,+36694,4,,10.0,0.0,open,Settled
O/2072111/0001731,2026-05-21,2026-05-21 16:06,Aaron Judge,Toronto Blue Jays,B Fisher,New York Yankees,C Rodon,+36694,4,,10.0,0.0,open,Settled
O/2072111/0001731,2026-05-21,2026-05-21 16:06,Juan Soto,New York Mets,D Peterson,Washington Nationals,C Cavalli,+36694,4,+613,10.0,0.0,open,Settled
O/2072111/0001731,2026-05-21,2026-05-21 16:06,Matt Olson,Atlanta Braves,S Strider,Miami Marlins,S Alcantara,+36694,4,+434,10.0,0.0,open,Settled
O/2072111/0001726,2026-05-21,2026-05-21 12:16,Dillon Dingler,Cleveland Guardians,J Cantillo,Detroit Tigers,C Mize,+30647,3,+630,1.0,0.0,open,Settled
O/2072111/0001726,2026-05-21,2026-05-21 12:16,Jordan Walker,Pittsburgh Pirates,B Ashcraft,St. Louis Cardinals,D May,+30647,3,+680,1.0,0.0,open,Settled
O/2072111/0001726,2026-05-21,2026-05-21 12:16,Juan Soto,New York Mets,D Peterson,Washington Nationals,C Cavalli,+30647,3,+440,1.0,0.0,open,Settled
O/2072111/0001730,2026-05-21,2026-05-21 12:51,Alec Burleson,Pittsburgh Pirates,B Ashcraft,St. Louis Cardinals,D May,+25209,3,,1.0,0.0,open,Settled
O/2072111/0001730,2026-05-21,2026-05-21 12:51,Brandon Lowe,Pittsburgh Pirates,B Ashcraft,St. Louis Cardinals,D May,+25209,3,,1.0,0.0,open,Settled
O/2072111/0001730,2026-05-21,2026-05-21 12:51,Corbin Carroll,Colorado Rockies,Z Agnos,Arizona Diamondbacks,E Rodriguez,+25209,3,+410,1.0,0.0,open,Settled
O/2072111/0001727,2026-05-21,2026-05-21 12:19,JJ Wetherholt,Pittsburgh Pirates,B Ashcraft,St. Louis Cardinals,D May,+22256,3,+980,1.0,0.0,open,Settled
O/2072111/0001727,2026-05-21,2026-05-21 12:19,Michael Harris II,Atlanta Braves,S Strider,Miami Marlins,S Alcantara,+22256,3,+350,1.0,0.0,open,Settled
O/2072111/0001727,2026-05-21,2026-05-21 12:19,Ben Rice,Toronto Blue Jays,B Fisher,New York Yankees,C Rodon,+22256,3,+360,1.0,0.0,open,Settled
O/2072111/0001729,2026-05-21,2026-05-21 12:42,Pedro Pages,Pittsburgh Pirates,B Ashcraft,St. Louis Cardinals,D May,+34694,3,+1120,1.0,0.0,open,Settled
O/2072111/0001729,2026-05-21,2026-05-21 12:42,Matt Olson,Atlanta Braves,S Strider,Miami Marlins,S Alcantara,+34694,3,+360,1.0,0.0,open,Settled
O/2072111/0001729,2026-05-21,2026-05-21 12:42,Paul Goldschmidt,Toronto Blue Jays,B Fisher,New York Yankees,C Rodon,+34694,3,+520,1.0,0.0,open,Settled
O/2072111/0001725,2026-05-20,2026-05-20 17:04,Jake Bauers,Milwaukee Brewers,K Harrison,Chicago Cubs,E Cabrera,+62849,3,,1.0,0.0,open,Settled
O/2072111/0001725,2026-05-20,2026-05-20 17:04,Garrett Mitchell,Milwaukee Brewers,K Harrison,Chicago Cubs,E Cabrera,+62849,3,,1.0,0.0,open,Settled
O/2072111/0001725,2026-05-20,2026-05-20 17:04,Jackson Chourio,Milwaukee Brewers,K Harrison,Chicago Cubs,E Cabrera,+62849,3,,1.0,0.0,open,Settled
us-oh:01ks3k4gq5eweb0te29grtkmvg,2026-05-20,2026-05-20 17:02,Brice Turang,Milwaukee Brewers,K Harrison,Chicago Cubs,E Cabrera,+10953,2,,1.0,0.0,open,Settled
us-oh:01ks3k4gq5eweb0te29grtkmvg,2026-05-20,2026-05-20 17:02,Christian Yelich,Milwaukee Brewers,K Harrison,Chicago Cubs,E Cabrera,+10953,2,,1.0,0.0,open,Settled
us-oh:01ks3mkrxwf638wjhccq04y3dg,2026-05-20,2026-05-20 17:28,Dillon Dingler,Cleveland Guardians,T Bibee,Detroit Tigers,D Anderson,+22552,3,+590,1.0,0.0,open,Settled
us-oh:01ks3mkrxwf638wjhccq04y3dg,2026-05-20,2026-05-20 17:28,Jordan Walker,Pittsburgh Pirates,C Mlodzinski,St. Louis Cardinals,M McGreevy,+22552,3,+570,1.0,0.0,open,Settled
us-oh:01ks3mkrxwf638wjhccq04y3dg,2026-05-20,2026-05-20 17:28,Max Muncy,Los Angeles Dodgers,S Ohtani,San Diego Padres,R Vasquez,+22552,3,+390,1.0,0.0,open,Settled
us-oh:01ks3jy99se8mvy0pa7zqbxpwn,2026-05-20,2026-05-20 16:58,Michael Harris II,Atlanta Braves,C Sale,Miami Marlins,J Junk,+34853,4,,1.0,0.0,open,Settled
us-oh:01ks3jy99se8mvy0pa7zqbxpwn,2026-05-20,2026-05-20 16:58,Matt Olson,Atlanta Braves,C Sale,Miami Marlins,J Junk,+34853,4,,1.0,0.0,open,Settled
us-oh:01ks3jy99se8mvy0pa7zqbxpwn,2026-05-20,2026-05-20 16:58,Juan Soto,New York Mets,Z Thornton,Washington Nationals,Z Littell,+34853,4,+240,1.0,0.0,open,Settled
us-oh:01ks3jy99se8mvy0pa7zqbxpwn,2026-05-20,2026-05-20 16:58,Ben Rice,Toronto Blue Jays,T Yesavage,New York Yankees,C Schlittler,+34853,4,+300,1.0,0.0,open,Settled
us-oh:01ks3mznctfkt920cxdppb7rp0,2026-05-20,2026-05-20 17:34,Aaron Judge,Toronto Blue Jays,T Yesavage,New York Yankees,C Schlittler,+30255,4,,1.0,0.0,open,Settled
us-oh:01ks3mznctfkt920cxdppb7rp0,2026-05-20,2026-05-20 17:34,Paul Goldschmidt,Toronto Blue Jays,T Yesavage,New York Yankees,C Schlittler,+30255,4,,1.0,0.0,open,Settled
us-oh:01ks3mznctfkt920cxdppb7rp0,2026-05-20,2026-05-20 17:34,James Wood,New York Mets,Z Thornton,Washington Nationals,Z Littell,+30255,4,+360,1.0,0.0,open,Settled
us-oh:01ks3mznctfkt920cxdppb7rp0,2026-05-20,2026-05-20 17:34,Shea Langeliers,Athletics,A Civale,Los Angeles Angels,J Kochanowicz,+30255,4,+320,1.0,0.0,open,Settled
O/2072111/0001724,2026-05-20,2026-05-20 15:46,Munetaka Murakami,Chicago White Sox,S Burke,Seattle Mariners,E Hancock,+92734,4,,10.0,0.0,open,Settled
O/2072111/0001724,2026-05-20,2026-05-20 15:46,Luke Raley,Chicago White Sox,S Burke,Seattle Mariners,E Hancock,+92734,4,,10.0,0.0,open,Settled
O/2072111/0001724,2026-05-20,2026-05-20 15:46,Matt Olson,Atlanta Braves,C Sale,Miami Marlins,J Junk,+92734,4,+390,10.0,0.0,open,Settled
O/2072111/0001724,2026-05-20,2026-05-20 15:46,Jake Bauers,Milwaukee Brewers,K Harrison,Chicago Cubs,E Cabrera,+92734,4,+880,10.0,0.0,open,Settled
O/2072111/0001722,2026-05-20,2026-05-20 10:59,Michael Helman,Texas Rangers,J Leiter,Colorado Rockies,K Freeland,+129068,3,+820,1.0,0.0,open,Settled
O/2072111/0001722,2026-05-20,2026-05-20 10:59,Xavier Edwards,Atlanta Braves,C Sale,Miami Marlins,J Junk,+129068,3,+1200,1.0,0.0,open,Settled
O/2072111/0001722,2026-05-20,2026-05-20 10:59,Brice Turang,Milwaukee Brewers,K Harrison,Chicago Cubs,E Cabrera,+129068,3,+980,1.0,0.0,open,Settled
O/2072111/0001723,2026-05-20,2026-05-20 11:46,JJ Bleday,Cincinnati Reds,A Abbott,Philadelphia Phillies,A Nola,+24311,3,+370,10.0,0.0,open,Settled
O/2072111/0001723,2026-05-20,2026-05-20 11:46,Casey Schmitt,San Francisco Giants,T Mahle,Arizona Diamondbacks,M Kelly,+24311,3,+430,10.0,0.0,open,Settled
O/2072111/0001723,2026-05-20,2026-05-20 11:46,Jake Bauers,Milwaukee Brewers,K Harrison,Chicago Cubs,E Cabrera,+24311,3,+880,10.0,0.0,open,Settled
us-oh:01ks35hycpfc4bnkcw2egwnyb8,2026-05-20,2026-05-20 13:04,Spencer Steer,Cincinnati Reds,A Abbott,Philadelphia Phillies,A Nola,+45135,4,+590,1.0,0.0,open,Settled
us-oh:01ks35hycpfc4bnkcw2egwnyb8,2026-05-20,2026-05-20 13:04,Juan Soto,New York Mets,Z Thornton,Washington Nationals,Z Littell,+45135,4,+290,1.0,0.0,open,Settled
us-oh:01ks35hycpfc4bnkcw2egwnyb8,2026-05-20,2026-05-20 13:04,Ben Rice,Toronto Blue Jays,T Yesavage,New York Yankees,C Schlittler,+45135,4,+310,1.0,0.0,open,Settled
us-oh:01ks35hycpfc4bnkcw2egwnyb8,2026-05-20,2026-05-20 13:04,Mike Trout,Athletics,A Civale,Los Angeles Angels,J Kochanowicz,+45135,4,+310,1.0,0.0,open,Settled
us-oh:01ks30rempfet8wp5v9xddmcv3,2026-05-20,2026-05-20 11:41,Byron Buxton,Houston Astros,M Burrows,Minnesota Twins,J Ryan,+19891,3,+310,1.0,0.0,open,Settled
us-oh:01ks30rempfet8wp5v9xddmcv3,2026-05-20,2026-05-20 11:41,Michael Helman,Texas Rangers,J Leiter,Colorado Rockies,K Freeland,+19891,3,+820,1.0,0.0,open,Settled
us-oh:01ks30rempfet8wp5v9xddmcv3,2026-05-20,2026-05-20 11:41,Casey Schmitt,San Francisco Giants,T Mahle,Arizona Diamondbacks,M Kelly,+19891,3,+430,1.0,0.0,open,Settled
us-oh:01ks358vfafgpb4de14cxb9fq8,2026-05-20,2026-05-20 12:59,Adley Rutschman,Baltimore Orioles,S Baz,Tampa Bay Rays,S Matz,+30163,3,+590,1.0,0.0,open,Settled
us-oh:01ks358vfafgpb4de14cxb9fq8,2026-05-20,2026-05-20 12:59,Michael Helman,Texas Rangers,J Leiter,Colorado Rockies,K Freeland,+30163,3,+760,1.0,0.0,open,Settled
us-oh:01ks358vfafgpb4de14cxb9fq8,2026-05-20,2026-05-20 12:59,Luke Raley,Chicago White Sox,S Burke,Seattle Mariners,E Hancock,+30163,3,+410,1.0,0.0,open,Settled
O/2072111/0001721,2026-05-19,2026-05-19 21:07,Casey Schmitt,San Francisco Giants,L Roupp,Arizona Diamondbacks,R Nelson,+16612,3,,25.0,0.0,open,Settled
O/2072111/0001721,2026-05-19,2026-05-19 21:07,Harrison Bader,San Francisco Giants,L Roupp,Arizona Diamondbacks,R Nelson,+16612,3,,25.0,0.0,open,Settled
O/2072111/0001721,2026-05-19,2026-05-19 21:07,Gavin Sheets,Los Angeles Dodgers,E Sheehan,San Diego Padres,G Canning,+16612,3,+520,25.0,0.0,open,Settled
us-oh:01ks1jkfemeqm9sm4pf4c4d1tv,2026-05-19,2026-05-19 22:14,Mickey Moniak,Texas Rangers,T Alexander,Colorado Rockies,S Peralta,+31820,3,+700,1.0,0.0,open,Settled
us-oh:01ks1jkfemeqm9sm4pf4c4d1tv,2026-05-19,2026-05-19 22:14,Max Muncy,Los Angeles Dodgers,E Sheehan,San Diego Padres,G Canning,+31820,3,+600,1.0,0.0,open,Settled
us-oh:01ks1jkfemeqm9sm4pf4c4d1tv,2026-05-19,2026-05-19 22:14,Casey Schmitt,San Francisco Giants,L Roupp,Arizona Diamondbacks,R Nelson,+31820,3,+470,1.0,0.0,open,Settled
us-oh:01ks0r6qrefs0r5x3d6eckac9k,2026-05-19,2026-05-19 14:33,Bo Bichette,New York Mets,N McLean,Washington Nationals,F Griffin,+21324,3,+590,1.0,0.0,open,Settled
us-oh:01ks0r6qrefs0r5x3d6eckac9k,2026-05-19,2026-05-19 14:33,Marcell Ozuna,Pittsburgh Pirates,M Keller,St. Louis Cardinals,M Liberatore,+21324,3,+590,1.0,0.0,open,Settled
us-oh:01ks0r6qrefs0r5x3d6eckac9k,2026-05-19,2026-05-19 14:33,Jo Adell,Athletics,J Lopez,Los Angeles Angels,R Detmers,+21324,3,+350,1.0,0.0,open,Settled
us-oh:01ks0zqs44ek4skesmh8gjgbj7,2026-05-19,2026-05-19 16:44,Byron Buxton,Houston Astros,J Alexander,Minnesota Twins,Z Matthews,+23811,3,+310,1.0,0.0,open,Settled
us-oh:01ks0zqs44ek4skesmh8gjgbj7,2026-05-19,2026-05-19 16:44,Jac Caglianone,Boston Red Sox,R Suarez,Kansas City Royals,B Falter,+23811,3,+980,1.0,0.0,open,Settled
us-oh:01ks0zqs44ek4skesmh8gjgbj7,2026-05-19,2026-05-19 16:44,Jordan Walker,Pittsburgh Pirates,M Keller,St. Louis Cardinals,M Liberatore,+23811,3,+440,1.0,0.0,open,Settled
O/2072111/0001720,2026-05-19,2026-05-19 18:06,Andres Gimenez,Toronto Blue Jays,D Cease,New York Yankees,W Warren,+136832,3,+1120,1.0,0.0,open,Settled
O/2072111/0001720,2026-05-19,2026-05-19 18:06,Tyrone Taylor,New York Mets,N McLean,Washington Nationals,F Griffin,+136832,3,+820,1.0,0.0,open,Settled
O/2072111/0001720,2026-05-19,2026-05-19 18:06,Chase Meidroth,Chicago White Sox,A Kay,Seattle Mariners,B Miller,+136832,3,+1120,1.0,0.0,open,Settled
O/2072111/0001719,2026-05-19,2026-05-19 16:54,Yandy Diaz,Baltimore Orioles,K Bradish,Tampa Bay Rays,G Jax,+67834,3,+790,1.0,0.0,open,Settled
O/2072111/0001719,2026-05-19,2026-05-19 16:54,Daylen Lile,New York Mets,N McLean,Washington Nationals,F Griffin,+67834,3,+790,1.0,0.0,open,Settled
O/2072111/0001719,2026-05-19,2026-05-19 16:54,Willson Contreras,Boston Red Sox,R Suarez,Kansas City Royals,B Falter,+67834,3,+440,1.0,0.0,open,Settled
O/2072111/0001718,2026-05-19,2026-05-19 16:42,Tyrone Taylor,New York Mets,N McLean,Washington Nationals,F Griffin,+77345,3,+820,1.0,0.0,open,Settled
O/2072111/0001718,2026-05-19,2026-05-19 16:42,Marcell Ozuna,Pittsburgh Pirates,M Keller,St. Louis Cardinals,M Liberatore,+77345,3,+590,1.0,0.0,open,Settled
O/2072111/0001718,2026-05-19,2026-05-19 16:42,Chase Meidroth,Chicago White Sox,A Kay,Seattle Mariners,B Miller,+77345,3,+1120,1.0,0.0,open,Settled
us-oh:01ks0rv0a5f6javsr8zgc4p756,2026-05-19,2026-05-19 14:44,Adley Rutschman,Baltimore Orioles,K Bradish,Tampa Bay Rays,G Jax,+25507,3,+680,1.0,0.0,open,Settled
us-oh:01ks0rv0a5f6javsr8zgc4p756,2026-05-19,2026-05-19 14:44,Brandon Lowe,Pittsburgh Pirates,M Keller,St. Louis Cardinals,M Liberatore,+25507,3,+570,1.0,0.0,open,Settled
us-oh:01ks0rv0a5f6javsr8zgc4p756,2026-05-19,2026-05-19 14:44,Casey Schmitt,San Francisco Giants,L Roupp,Arizona Diamondbacks,R Nelson,+25507,3,+390,1.0,0.0,open,Settled
us-oh:01ks15ekekfv6aecehh7j1d53v,2026-05-19,2026-05-19 18:24,Junior Caminero,Baltimore Orioles,K Bradish,Tampa Bay Rays,G Jax,+15697,3,+390,1.0,0.0,open,Settled
us-oh:01ks15ekekfv6aecehh7j1d53v,2026-05-19,2026-05-19 18:24,Mark Vientos,New York Mets,N McLean,Washington Nationals,F Griffin,+15697,3,+420,1.0,0.0,open,Settled
us-oh:01ks15ekekfv6aecehh7j1d53v,2026-05-19,2026-05-19 18:24,Gavin Sheets,Los Angeles Dodgers,E Sheehan,San Diego Padres,G Canning,+15697,3,+520,1.0,0.0,open,Settled
us-oh:01ks14kzeqfdsta64q627qt3ns,2026-05-19,2026-05-19 18:10,Casey Schmitt,San Francisco Giants,L Roupp,Arizona Diamondbacks,R Nelson,+20538,3,,1.0,0.0,open,Settled
us-oh:01ks14kzeqfdsta64q627qt3ns,2026-05-19,2026-05-19 18:10,Harrison Bader,San Francisco Giants,L Roupp,Arizona Diamondbacks,R Nelson,+20538,3,,1.0,0.0,open,Settled
us-oh:01ks14kzeqfdsta64q627qt3ns,2026-05-19,2026-05-19 18:10,Adley Rutschman,Baltimore Orioles,K Bradish,Tampa Bay Rays,G Jax,+20538,3,+680,1.0,0.0,open,Settled
us-oh:01ks0zyz84f33rf47j03jfdqa9,2026-05-19,2026-05-19 16:48,Elly De La Cruz,Cincinnati Reds,C Burns,Philadelphia Phillies,J Luzardo,+10564,3,+520,1.0,0.0,open,Settled
us-oh:01ks0zyz84f33rf47j03jfdqa9,2026-05-19,2026-05-19 16:48,Ben Rice,Toronto Blue Jays,D Cease,New York Yankees,W Warren,+10564,3,+330,1.0,0.0,open,Settled
us-oh:01ks0zyz84f33rf47j03jfdqa9,2026-05-19,2026-05-19 16:48,Juan Soto,New York Mets,N McLean,Washington Nationals,F Griffin,+10564,3,+300,1.0,0.0,open,Settled
us-oh:01ks0zfmcee099906f6s5vygc4,2026-05-19,2026-05-19 16:40,Spencer Steer,Cincinnati Reds,C Burns,Philadelphia Phillies,J Luzardo,+48938,4,,1.0,0.0,open,Settled
us-oh:01ks0zfmcee099906f6s5vygc4,2026-05-19,2026-05-19 16:40,Bryce Harper,Cincinnati Reds,C Burns,Philadelphia Phillies,J Luzardo,+48938,4,,1.0,0.0,open,Settled
us-oh:01ks0zfmcee099906f6s5vygc4,2026-05-19,2026-05-19 16:40,Byron Buxton,Houston Astros,J Alexander,Minnesota Twins,Z Matthews,+48938,4,+310,1.0,0.0,open,Settled
us-oh:01ks0zfmcee099906f6s5vygc4,2026-05-19,2026-05-19 16:40,Willson Contreras,Boston Red Sox,R Suarez,Kansas City Royals,B Falter,+48938,4,+430,1.0,0.0,open,Settled
O/2072111/0001717,2026-05-19,2026-05-19 14:41,Ronald Acuna Jr.,Atlanta Braves,M Perez,Miami Marlins,B Garrett,+14955,3,,10.0,0.0,open,Settled
O/2072111/0001717,2026-05-19,2026-05-19 14:41,Matt Olson,Atlanta Braves,M Perez,Miami Marlins,B Garrett,+14955,3,,10.0,0.0,open,Settled
O/2072111/0001717,2026-05-19,2026-05-19 14:41,Riley Greene,Cleveland Guardians,P Messick,Detroit Tigers,K Montero,+14955,3,+590,10.0,0.0,open,Settled
O/2072111/0001716,2026-05-18,2026-05-18 21:18,Casey Schmitt,San Francisco Giants,R Ray,Arizona Diamondbacks,Z Gallen,+68717,3,+490,1.0,0.0,open,Settled
O/2072111/0001716,2026-05-18,2026-05-18 21:18,Drew Romo,Chicago White Sox,N Schultz,Seattle Mariners,B Woo,+68717,3,+980,1.0,0.0,open,Settled
O/2072111/0001716,2026-05-18,2026-05-18 21:18,Xander Bogaerts,Los Angeles Dodgers,Y Yamamoto,San Diego Padres,M King,+68717,3,+980,1.0,0.0,open,Settled
us-oh:01krytkv2pf4m86ew5kts59syn,2026-05-18,2026-05-18 20:36,Gavin Sheets,Los Angeles Dodgers,Y Yamamoto,San Diego Padres,M King,+45065,3,+920,1.0,0.0,open,Settled
us-oh:01krytkv2pf4m86ew5kts59syn,2026-05-18,2026-05-18 20:36,Ryan Waldschmidt,San Francisco Giants,R Ray,Arizona Diamondbacks,Z Gallen,+45065,3,+980,1.0,0.0,open,Settled
us-oh:01krytkv2pf4m86ew5kts59syn,2026-05-18,2026-05-18 20:36,Munetaka Murakami,Chicago White Sox,N Schultz,Seattle Mariners,B Woo,+45065,3,+310,1.0,0.0,open,Settled
us-oh:01kryjkpmseaebanxysmwaywtx,2026-05-18,2026-05-18 18:16,Gavin Sheets,Los Angeles Dodgers,Y Yamamoto,San Diego Padres,M King,+54189,3,,1.0,0.0,open,Settled
us-oh:01kryjkpmseaebanxysmwaywtx,2026-05-18,2026-05-18 18:16,Xander Bogaerts,Los Angeles Dodgers,Y Yamamoto,San Diego Padres,M King,+54189,3,,1.0,0.0,open,Settled
us-oh:01kryjkpmseaebanxysmwaywtx,2026-05-18,2026-05-18 18:16,Paul Goldschmidt,Toronto Blue Jays,P Corbin,New York Yankees,R Weathers,+54189,3,+470,1.0,0.0,open,Settled
us-oh:01kryde0pzex6att273hjdxwwv,2026-05-18,2026-05-18 16:46,Dillon Dingler,Cleveland Guardians,S Cecconi,Detroit Tigers,F Valdez,+57321,3,+590,1.0,0.0,open,Settled
us-oh:01kryde0pzex6att273hjdxwwv,2026-05-18,2026-05-18 16:46,Ryan Jeffers,Houston Astros,T Imai,Minnesota Twins,K Rojas,+57321,3,+630,1.0,0.0,open,Settled
us-oh:01kryde0pzex6att273hjdxwwv,2026-05-18,2026-05-18 16:46,Ty France,Los Angeles Dodgers,Y Yamamoto,San Diego Padres,M King,+57321,3,,1.0,0.0,void,Settled
us-oh:01kryjwm0tfst8qy1egna5r334,2026-05-18,2026-05-18 18:21,Liam Hicks,Atlanta Braves,J Ritchie,Miami Marlins,M Meyer,+19977,3,+730,1.0,0.0,open,Settled
us-oh:01kryjwm0tfst8qy1egna5r334,2026-05-18,2026-05-18 18:21,Munetaka Murakami,Chicago White Sox,N Schultz,Seattle Mariners,B Woo,+19977,3,+310,1.0,0.0,open,Settled
us-oh:01kryjwm0tfst8qy1egna5r334,2026-05-18,2026-05-18 18:21,Casey Schmitt,San Francisco Giants,R Ray,Arizona Diamondbacks,Z Gallen,+19977,3,+490,1.0,0.0,open,Settled
us-oh:01kryd0ht5e8ermaajg6xq6rc5,2026-05-18,2026-05-18 16:39,Liam Hicks,Atlanta Braves,J Ritchie,Miami Marlins,M Meyer,+27196,3,+760,1.0,0.0,open,Settled
us-oh:01kryd0ht5e8ermaajg6xq6rc5,2026-05-18,2026-05-18 16:39,Ben Rice,Toronto Blue Jays,P Corbin,New York Yankees,R Weathers,+27196,3,+360,1.0,0.0,open,Settled
us-oh:01kryd0ht5e8ermaajg6xq6rc5,2026-05-18,2026-05-18 16:39,Ryan Jeffers,Houston Astros,T Imai,Minnesota Twins,K Rojas,+27196,3,+590,1.0,0.0,open,Settled
us-oh:01krymwbtgfwzrdjpj7bwx62rc,2026-05-18,2026-05-18 18:56,JJ Bleday,Cincinnati Reds,N Lodolo,Philadelphia Phillies,A Painter,+26205,3,+550,1.0,0.0,open,Settled
us-oh:01krymwbtgfwzrdjpj7bwx62rc,2026-05-18,2026-05-18 18:56,Ryan Jeffers,Houston Astros,T Imai,Minnesota Twins,K Rojas,+26205,3,+610,1.0,0.0,open,Settled
us-oh:01krymwbtgfwzrdjpj7bwx62rc,2026-05-18,2026-05-18 18:56,Casey Schmitt,San Francisco Giants,R Ray,Arizona Diamondbacks,Z Gallen,+26205,3,+470,1.0,0.0,open,Settled
us-oh:01krymnnr5fvq8vb2vr0k49xpv,2026-05-18,2026-05-18 18:52,Elly De La Cruz,Cincinnati Reds,N Lodolo,Philadelphia Phillies,A Painter,+17456,3,+470,1.0,0.0,open,Settled
us-oh:01krymnnr5fvq8vb2vr0k49xpv,2026-05-18,2026-05-18 18:52,Drake Baldwin,Atlanta Braves,J Ritchie,Miami Marlins,M Meyer,+17456,3,+600,1.0,0.0,open,Settled
us-oh:01krymnnr5fvq8vb2vr0k49xpv,2026-05-18,2026-05-18 18:52,Ben Rice,Toronto Blue Jays,P Corbin,New York Yankees,R Weathers,+17456,3,+340,1.0,0.0,open,Settled
us-oh:01krydmayde15rq8mtyey2te6a,2026-05-18,2026-05-18 16:49,Ke'Bryan Hayes,Cincinnati Reds,N Lodolo,Philadelphia Phillies,A Painter,+34730,3,,1.0,0.0,open,Settled
us-oh:01krydmayde15rq8mtyey2te6a,2026-05-18,2026-05-18 16:49,JJ Bleday,Cincinnati Reds,N Lodolo,Philadelphia Phillies,A Painter,+34730,3,,1.0,0.0,open,Settled
us-oh:01krydmayde15rq8mtyey2te6a,2026-05-18,2026-05-18 16:49,Connor Norby,Atlanta Braves,J Ritchie,Miami Marlins,M Meyer,+34730,3,+820,1.0,0.0,open,Settled
O/2072111/0001715,2026-05-17,2026-05-17 17:03,Mitch Garver,San Diego Padres,L Giolito,Seattle Mariners,G Kirby,+13101,3,,1.0,0.0,open,Settled
O/2072111/0001715,2026-05-17,2026-05-17 17:03,Luke Raley,San Diego Padres,L Giolito,Seattle Mariners,G Kirby,+13101,3,,1.0,0.0,open,Settled
O/2072111/0001715,2026-05-17,2026-05-17 17:03,J.P. Crawford,San Diego Padres,L Giolito,Seattle Mariners,G Kirby,+13101,3,,1.0,0.0,open,Settled
O/2072111/0001714,2026-05-17,2026-05-17 16:50,TJ Rumfield,Arizona Diamondbacks,M Soroka,Colorado Rockies,M Lorenzen,+21886,3,,1.0,0.0,open,Settled
O/2072111/0001714,2026-05-17,2026-05-17 16:50,Ildemaro Vargas,Arizona Diamondbacks,M Soroka,Colorado Rockies,M Lorenzen,+21886,3,,1.0,0.0,open,Settled
O/2072111/0001714,2026-05-17,2026-05-17 16:50,Luke Raley,San Diego Padres,L Giolito,Seattle Mariners,G Kirby,+21886,3,+520,1.0,0.0,open,Settled
O/2072111/0001713,2026-05-17,2026-05-17 16:49,Hunter Goodman,Arizona Diamondbacks,M Soroka,Colorado Rockies,M Lorenzen,+10083,3,,1.0,0.0,open,Settled
O/2072111/0001713,2026-05-17,2026-05-17 16:49,Mickey Moniak,Arizona Diamondbacks,M Soroka,Colorado Rockies,M Lorenzen,+10083,3,,1.0,0.0,open,Settled
O/2072111/0001713,2026-05-17,2026-05-17 16:49,Xander Bogaerts,San Diego Padres,L Giolito,Seattle Mariners,G Kirby,+10083,3,+920,1.0,0.0,open,Settled
O/2072111/0001712,2026-05-17,2026-05-17 15:39,Shohei Ohtani,Los Angeles Dodgers,R Sasaki,Los Angeles Angels,G Rodriguez,+14407,3,,1.0,0.0,open,Settled
O/2072111/0001712,2026-05-17,2026-05-17 15:39,Mickey Moniak,Arizona Diamondbacks,M Soroka,Colorado Rockies,M Lorenzen,+14407,3,+320,1.0,0.0,open,Settled
O/2072111/0001712,2026-05-17,2026-05-17 15:39,J.P. Crawford,San Diego Padres,L Giolito,Seattle Mariners,G Kirby,+14407,3,+820,1.0,0.0,open,Settled
O/2072111/0001710,2026-05-17,2026-05-17 12:34,Bryce Harper,Philadelphia Phillies,Z Wheeler,Pittsburgh Pirates,P Skenes,+21810,3,+520,1.0,0.0,open,Settled
O/2072111/0001710,2026-05-17,2026-05-17 12:34,Miguel Vargas,Chicago Cubs,C Rea,Chicago White Sox,E Fedde,+21810,3,+520,1.0,0.0,open,Settled
O/2072111/0001710,2026-05-17,2026-05-17 12:34,Bobby Witt Jr.,Kansas City Royals,S Kolek,St. Louis Cardinals,A Pallante,+21810,3,+470,1.0,0.0,open,Settled
O/2072111/0001707,2026-05-17,2026-05-17 09:57,Matt Olson,Boston Red Sox,B Bello,Atlanta Braves,G Holmes,+9564,3,+320,1.0,0.0,open,Settled
O/2072111/0001707,2026-05-17,2026-05-17 09:57,Yordan Alvarez,Texas Rangers,N Eovaldi,Houston Astros,P Lambert,+9564,3,+290,1.0,0.0,open,Settled
O/2072111/0001707,2026-05-17,2026-05-17 09:57,Jordan Walker,Kansas City Royals,S Kolek,St. Louis Cardinals,A Pallante,+9564,3,+490,1.0,0.0,open,Settled
O/2072111/0001706,2026-05-17,2026-05-17 09:54,Pete Alonso,Baltimore Orioles,B Young,Washington Nationals,R Lovelady,+79388,4,+337,1.0,0.0,open,Settled
O/2072111/0001706,2026-05-17,2026-05-17 09:54,Kyle Manzardo,Cincinnati Reds,B Singer,Cleveland Guardians,G Williams,+79388,4,+465,1.0,0.0,open,Settled
O/2072111/0001706,2026-05-17,2026-05-17 09:54,Jordan Walker,Kansas City Royals,S Kolek,St. Louis Cardinals,A Pallante,+79388,4,+529,1.0,0.0,open,Settled
O/2072111/0001706,2026-05-17,2026-05-17 09:54,Luke Raley,San Diego Padres,L Giolito,Seattle Mariners,G Kirby,+79388,4,+561,1.0,0.0,open,Settled
O/2072111/0001708,2026-05-17,2026-05-17 11:52,Kyle Schwarber,Philadelphia Phillies,Z Wheeler,Pittsburgh Pirates,P Skenes,+12703,3,+250,1.0,0.0,open,Settled
O/2072111/0001708,2026-05-17,2026-05-17 11:52,Michael Harris II,Boston Red Sox,B Bello,Atlanta Braves,G Holmes,+12703,3,+490,1.0,0.0,open,Settled
O/2072111/0001708,2026-05-17,2026-05-17 11:52,Luke Raley,San Diego Padres,L Giolito,Seattle Mariners,G Kirby,+12703,3,+520,1.0,0.0,open,Settled
O/2072111/0001709,2026-05-17,2026-05-17 11:56,Drake Baldwin,Boston Red Sox,B Bello,Atlanta Braves,G Holmes,+18729,3,+410,1.0,0.0,open,Settled
O/2072111/0001709,2026-05-17,2026-05-17 11:56,JJ Bleday,Cincinnati Reds,B Singer,Cleveland Guardians,G Williams,+18729,3,+420,1.0,0.0,open,Settled
O/2072111/0001709,2026-05-17,2026-05-17 11:56,Dillon Dingler,Toronto Blue Jays,K Gausman,Detroit Tigers,J Flaherty,+18729,3,+610,1.0,0.0,open,Settled
O/2072111/0001705,2026-05-17,2026-05-17 09:50,Liam Hicks,Miami Marlins,E Perez,Tampa Bay Rays,D Rasmussen,+64404,3,+920,1.0,0.0,open,Settled
O/2072111/0001705,2026-05-17,2026-05-17 09:50,Drew Romo,Chicago Cubs,C Rea,Chicago White Sox,E Fedde,+64404,3,,1.0,0.0,void,Settled
O/2072111/0001705,2026-05-17,2026-05-17 09:50,Luke Raley,San Diego Padres,L Giolito,Seattle Mariners,G Kirby,+64404,3,+520,1.0,0.0,open,Settled
O/2072111/0001711,2026-05-17,2026-05-17 12:49,Xavier Edwards,Miami Marlins,E Perez,Tampa Bay Rays,D Rasmussen,+9505,2,,1.0,0.0,open,Settled
O/2072111/0001711,2026-05-17,2026-05-17 12:49,Connor Norby,Miami Marlins,E Perez,Tampa Bay Rays,D Rasmussen,+9505,2,,1.0,0.0,open,Settled
O/2072111/0001703,2026-05-16,2026-05-16 21:46,Nick Kurtz,San Francisco Giants,T McDonald,Athletics,L Severino,+11194,3,,1.0,0.0,open,Settled
O/2072111/0001703,2026-05-16,2026-05-16 21:46,Brent Rooker,San Francisco Giants,T McDonald,Athletics,L Severino,+11194,3,,1.0,0.0,open,Settled
O/2072111/0001703,2026-05-16,2026-05-16 21:46,Andy Pages,Los Angeles Dodgers,J Wrobleski,Los Angeles Angels,J Soriano,+11194,3,+900,1.0,0.0,open,Settled
O/2072111/0001704,2026-05-16,2026-05-16 21:50,Shohei Ohtani,Los Angeles Dodgers,J Wrobleski,Los Angeles Angels,J Soriano,+24080,4,,1.0,0.0,open,Settled
O/2072111/0001704,2026-05-16,2026-05-16 21:50,Max Muncy,San Francisco Giants,T McDonald,Athletics,L Severino,+24080,4,,1.0,0.0,open,Settled
O/2072111/0001704,2026-05-16,2026-05-16 21:50,Brent Rooker,Los Angeles Dodgers,J Wrobleski,Los Angeles Angels,J Soriano,+24080,4,,1.0,0.0,open,Settled
O/2072111/0001704,2026-05-16,2026-05-16 21:50,Willy Adames,Los Angeles Dodgers,J Wrobleski,Los Angeles Angels,J Soriano,+24080,4,,1.0,0.0,open,Settled
O/2072111/0001702,2026-05-16,2026-05-16 20:11,Freddie Freeman,Los Angeles Dodgers,J Wrobleski,Los Angeles Angels,J Soriano,+26521,4,,1.0,0.0,open,Settled
O/2072111/0001702,2026-05-16,2026-05-16 20:11,Max Muncy,San Francisco Giants,T McDonald,Athletics,L Severino,+26521,4,,1.0,0.0,open,Settled
O/2072111/0001702,2026-05-16,2026-05-16 20:11,Brent Rooker,Los Angeles Dodgers,J Wrobleski,Los Angeles Angels,J Soriano,+26521,4,,1.0,0.0,open,Settled
O/2072111/0001702,2026-05-16,2026-05-16 20:11,Nick Kurtz,Los Angeles Dodgers,J Wrobleski,Los Angeles Angels,J Soriano,+26521,4,,1.0,0.0,open,Settled
O/2072111/0001701,2026-05-16,2026-05-16 18:11,Yordan Alvarez,Texas Rangers,J deGrom,Houston Astros,K Teng,+49770,4,+316,1.0,0.0,open,Settled
O/2072111/0001701,2026-05-16,2026-05-16 18:11,Munetaka Murakami,Chicago Cubs,J Taillon,Chicago White Sox,D Martin,+49770,4,+295,1.0,0.0,open,Settled
O/2072111/0001701,2026-05-16,2026-05-16 18:11,Paul Goldschmidt,New York Yankees,C Rodon,New York Mets,H Brazoban,+49770,4,+583,1.0,0.0,open,Settled
O/2072111/0001701,2026-05-16,2026-05-16 18:11,Jo Adell,Los Angeles Dodgers,J Wrobleski,Los Angeles Angels,J Soriano,+49770,4,+476,1.0,0.0,open,Settled
O/2072111/0001700,2026-05-16,2026-05-16 16:43,Miguel Vargas,Chicago Cubs,J Taillon,Chicago White Sox,D Martin,+10713,3,,1.0,0.0,open,Settled
O/2072111/0001700,2026-05-16,2026-05-16 16:43,Colson Montgomery,Chicago Cubs,J Taillon,Chicago White Sox,D Martin,+10713,3,,1.0,0.0,open,Settled
O/2072111/0001700,2026-05-16,2026-05-16 16:43,Drew Romo,Chicago Cubs,J Taillon,Chicago White Sox,D Martin,+10713,3,,1.0,0.0,open,Settled
O/2072111/0001699,2026-05-16,2026-05-16 16:42,Spencer Steer,Cincinnati Reds,C Paddack,Cleveland Guardians,J Cantillo,+16239,3,+590,13.0,0.0,open,Settled
O/2072111/0001699,2026-05-16,2026-05-16 16:42,Munetaka Murakami,Chicago Cubs,J Taillon,Chicago White Sox,D Martin,+16239,3,+270,13.0,0.0,open,Settled
O/2072111/0001699,2026-05-16,2026-05-16 16:42,Drake Baldwin,Boston Red Sox,P Tolle,Atlanta Braves,B Elder,+16239,3,+540,13.0,0.0,open,Settled
O/2072111/0001692,2026-05-16,2026-05-16 12:33,Spencer Steer,Cincinnati Reds,C Paddack,Cleveland Guardians,J Cantillo,+44570,3,+680,1.0,0.0,open,Settled
O/2072111/0001692,2026-05-16,2026-05-16 12:33,Drew Romo,Chicago Cubs,J Taillon,Chicago White Sox,D Martin,+44570,3,+730,1.0,0.0,open,Settled
O/2072111/0001692,2026-05-16,2026-05-16 12:33,Gavin Sheets,San Diego Padres,W Buehler,Seattle Mariners,L Gilbert,+44570,3,+590,1.0,0.0,open,Settled
O/2072111/0001698,2026-05-16,2026-05-16 16:25,Braden Shewmake,Texas Rangers,J deGrom,Houston Astros,K Teng,+12665,3,,1.0,0.0,open,Settled
O/2072111/0001698,2026-05-16,2026-05-16 16:25,Yordan Alvarez,Texas Rangers,J deGrom,Houston Astros,K Teng,+12665,3,,1.0,0.0,open,Settled
O/2072111/0001698,2026-05-16,2026-05-16 16:25,Elly De La Cruz,Cincinnati Reds,C Paddack,Cleveland Guardians,J Cantillo,+12665,3,+540,1.0,0.0,open,Settled
O/2072111/0001697,2026-05-16,2026-05-16 16:21,Liam Hicks,Miami Marlins,S Alcantara,Tampa Bay Rays,N Martinez,+64668,3,+1000,1.0,0.0,open,Settled
O/2072111/0001697,2026-05-16,2026-05-16 16:21,Chase Meidroth,Chicago Cubs,J Taillon,Chicago White Sox,D Martin,+64668,3,+820,1.0,0.0,open,Settled
O/2072111/0001697,2026-05-16,2026-05-16 16:21,Drake Baldwin,Boston Red Sox,P Tolle,Atlanta Braves,B Elder,+64668,3,+540,1.0,0.0,open,Settled
O/2072111/0001696,2026-05-16,2026-05-16 14:54,Bryce Harper,Philadelphia Phillies,C Sanchez,Pittsburgh Pirates,B Chandler,+37573,3,+410,1.0,0.0,open,Settled
O/2072111/0001696,2026-05-16,2026-05-16 14:54,Liam Hicks,Miami Marlins,S Alcantara,Tampa Bay Rays,N Martinez,+37573,3,+790,1.0,0.0,open,Settled
O/2072111/0001696,2026-05-16,2026-05-16 14:54,Drew Romo,Chicago Cubs,J Taillon,Chicago White Sox,D Martin,+37573,3,+730,1.0,0.0,open,Settled
O/2072111/0001695,2026-05-16,2026-05-16 13:37,Kyle Schwarber,Philadelphia Phillies,C Sanchez,Pittsburgh Pirates,B Chandler,+21587,3,+235,1.0,0.0,open,Settled
O/2072111/0001695,2026-05-16,2026-05-16 13:37,Spencer Steer,Cincinnati Reds,C Paddack,Cleveland Guardians,J Cantillo,+21587,3,+680,1.0,0.0,open,Settled
O/2072111/0001695,2026-05-16,2026-05-16 13:37,Drew Romo,Chicago Cubs,J Taillon,Chicago White Sox,D Martin,+21587,3,+730,1.0,0.0,open,Settled
O/2072111/0001693,2026-05-16,2026-05-16 12:36,Jordan Walker,Kansas City Royals,N Cameron,St. Louis Cardinals,K Leahy,+18939,3,,1.0,0.0,open,Settled
O/2072111/0001693,2026-05-16,2026-05-16 12:36,Bobby Witt Jr.,Kansas City Royals,N Cameron,St. Louis Cardinals,K Leahy,+18939,3,,1.0,0.0,open,Settled
O/2072111/0001693,2026-05-16,2026-05-16 12:36,Matt McLain,Cincinnati Reds,C Paddack,Cleveland Guardians,J Cantillo,+18939,3,+980,1.0,0.0,open,Settled
O/2072111/0001694,2026-05-16,2026-05-16 12:39,Jordan Walker,Kansas City Royals,N Cameron,St. Louis Cardinals,K Leahy,+16283,3,,1.0,0.0,open,Settled
O/2072111/0001694,2026-05-16,2026-05-16 12:39,Bobby Witt Jr.,Kansas City Royals,N Cameron,St. Louis Cardinals,K Leahy,+16283,3,,1.0,0.0,open,Settled
O/2072111/0001694,2026-05-16,2026-05-16 12:39,Michael Massey,Kansas City Royals,N Cameron,St. Louis Cardinals,K Leahy,+16283,3,,1.0,0.0,open,Settled
O/2072111/0001691,2026-05-15,2026-05-15 20:54,Shea Langeliers,San Francisco Giants,T Mahle,Athletics,A Civale,+10274,3,,1.0,0.0,open,Settled
O/2072111/0001691,2026-05-15,2026-05-15 20:54,Zack Gelof,San Francisco Giants,T Mahle,Athletics,A Civale,+10274,3,,1.0,0.0,open,Settled
O/2072111/0001691,2026-05-15,2026-05-15 20:54,Xander Bogaerts,San Diego Padres,R Vasquez,Seattle Mariners,E Hancock,+10274,3,+790,1.0,0.0,open,Settled
O/2072111/0001688,2026-05-15,2026-05-15 18:47,Edouard Julien,Arizona Diamondbacks,M Kelly,Colorado Rockies,K Freeland,+12983,3,,1.0,0.0,open,Settled
O/2072111/0001688,2026-05-15,2026-05-15 18:47,Ildemaro Vargas,Arizona Diamondbacks,M Kelly,Colorado Rockies,K Freeland,+12983,3,,1.0,0.0,open,Settled
O/2072111/0001688,2026-05-15,2026-05-15 18:47,Zack Gelof,San Francisco Giants,T Mahle,Athletics,A Civale,+12983,3,+470,1.0,0.0,open,Settled
O/2072111/0001674,2026-05-15,2026-05-15 16:47,Willi Castro,Arizona Diamondbacks,M Kelly,Colorado Rockies,K Freeland,+10857,3,,1.0,0.0,open,Settled
O/2072111/0001674,2026-05-15,2026-05-15 16:47,Ildemaro Vargas,Arizona Diamondbacks,M Kelly,Colorado Rockies,K Freeland,+10857,3,,1.0,0.0,open,Settled
O/2072111/0001674,2026-05-15,2026-05-15 16:47,Kyle Schwarber,Philadelphia Phillies,A Nola,Pittsburgh Pirates,B Ashcraft,+10857,3,+285,1.0,0.0,open,Settled
O/2072111/0001690,2026-05-15,2026-05-15 19:43,Mickey Moniak,Arizona Diamondbacks,M Kelly,Colorado Rockies,K Freeland,+17184,4,,1.0,0.0,open,Settled
O/2072111/0001690,2026-05-15,2026-05-15 19:43,Ketel Marte,Arizona Diamondbacks,M Kelly,Colorado Rockies,K Freeland,+17184,4,,1.0,0.0,open,Settled
O/2072111/0001690,2026-05-15,2026-05-15 19:43,Corbin Carroll,Arizona Diamondbacks,M Kelly,Colorado Rockies,K Freeland,+17184,4,,1.0,0.0,open,Settled
O/2072111/0001690,2026-05-15,2026-05-15 19:43,Brent Rooker,San Francisco Giants,T Mahle,Athletics,A Civale,+17184,4,+340,1.0,0.0,open,Settled
O/2072111/0001687,2026-05-15,2026-05-15 18:38,Ketel Marte,Arizona Diamondbacks,M Kelly,Colorado Rockies,K Freeland,+10361,4,,1.0,0.0,open,Settled
O/2072111/0001687,2026-05-15,2026-05-15 18:38,Corbin Carroll,San Francisco Giants,T Mahle,Athletics,A Civale,+10361,4,,1.0,0.0,open,Settled
O/2072111/0001687,2026-05-15,2026-05-15 18:38,Shea Langeliers,Arizona Diamondbacks,M Kelly,Colorado Rockies,K Freeland,+10361,4,,1.0,0.0,open,Settled
O/2072111/0001687,2026-05-15,2026-05-15 18:38,Brent Rooker,Arizona Diamondbacks,M Kelly,Colorado Rockies,K Freeland,+10361,4,,1.0,0.0,open,Settled
O/2072111/0001686,2026-05-15,2026-05-15 18:37,Mickey Moniak,Arizona Diamondbacks,M Kelly,Colorado Rockies,K Freeland,+10950,3,,1.0,0.0,open,Settled
O/2072111/0001686,2026-05-15,2026-05-15 18:37,TJ Rumfield,Arizona Diamondbacks,M Kelly,Colorado Rockies,K Freeland,+10950,3,,1.0,0.0,open,Settled
O/2072111/0001686,2026-05-15,2026-05-15 18:37,Cam Smith,Texas Rangers,J Leiter,Houston Astros,S Arrighetti,+10950,3,+710,1.0,0.0,open,Settled
O/2072111/0001685,2026-05-15,2026-05-15 18:36,Yordan Alvarez,Texas Rangers,J Leiter,Houston Astros,S Arrighetti,+46725,4,,1.0,0.0,open,Settled
O/2072111/0001685,2026-05-15,2026-05-15 18:36,Christian Walker,Texas Rangers,J Leiter,Houston Astros,S Arrighetti,+46725,4,,1.0,0.0,open,Settled
O/2072111/0001685,2026-05-15,2026-05-15 18:36,Josh Jung,Texas Rangers,J Leiter,Houston Astros,S Arrighetti,+46725,4,,1.0,0.0,open,Settled
O/2072111/0001685,2026-05-15,2026-05-15 18:36,Ian Happ,Chicago Cubs,E Cabrera,Chicago White Sox,S Burke,+46725,4,+440,1.0,0.0,open,Settled
O/2072111/0001689,2026-05-15,2026-05-15 19:20,Christian Walker,Texas Rangers,J Leiter,Houston Astros,S Arrighetti,+26131,3,+470,1.0,0.0,open,Settled
O/2072111/0001689,2026-05-15,2026-05-15 19:20,TJ Rumfield,Arizona Diamondbacks,M Kelly,Colorado Rockies,K Freeland,+26131,3,+490,1.0,0.0,open,Settled
O/2072111/0001689,2026-05-15,2026-05-15 19:20,Gavin Sheets,San Diego Padres,R Vasquez,Seattle Mariners,E Hancock,+26131,3,+680,1.0,0.0,open,Settled
O/2072111/0001679,2026-05-15,2026-05-15 18:01,Brandon Lowe,Philadelphia Phillies,A Nola,Pittsburgh Pirates,B Ashcraft,+14130,3,,1.0,0.0,open,Settled
O/2072111/0001679,2026-05-15,2026-05-15 18:01,Ryan O'Hearn,Philadelphia Phillies,A Nola,Pittsburgh Pirates,B Ashcraft,+14130,3,,1.0,0.0,open,Settled
O/2072111/0001679,2026-05-15,2026-05-15 18:01,Drake Baldwin,Boston Red Sox,C Early,Atlanta Braves,S Strider,+14130,3,+520,1.0,0.0,open,Settled
O/2072111/0001680,2026-05-15,2026-05-15 18:04,Ryan O'Hearn,Philadelphia Phillies,A Nola,Pittsburgh Pirates,B Ashcraft,+10260,3,+680,1.0,0.0,open,Settled
O/2072111/0001680,2026-05-15,2026-05-15 18:04,Mickey Moniak,Arizona Diamondbacks,M Kelly,Colorado Rockies,K Freeland,+10260,3,+285,1.0,0.0,open,Settled
O/2072111/0001680,2026-05-15,2026-05-15 18:04,Shea Langeliers,San Francisco Giants,T Mahle,Athletics,A Civale,+10260,3,+245,1.0,0.0,open,Settled
O/2072111/0001673,2026-05-15,2026-05-15 11:50,Chase Meidroth,Chicago Cubs,E Cabrera,Chicago White Sox,S Burke,+108318,3,,1.0,0.0,open,Settled
O/2072111/0001673,2026-05-15,2026-05-15 11:50,Drew Romo,Chicago Cubs,E Cabrera,Chicago White Sox,S Burke,+108318,3,,1.0,0.0,open,Settled
O/2072111/0001673,2026-05-15,2026-05-15 11:50,Konnor Griffin,Philadelphia Phillies,A Nola,Pittsburgh Pirates,B Ashcraft,+108318,3,+880,1.0,0.0,open,Settled
O/2072111/0001683,2026-05-15,2026-05-15 18:28,Kyle Schwarber,Philadelphia Phillies,A Nola,Pittsburgh Pirates,B Ashcraft,+14603,3,+285,1.0,0.0,open,Settled
O/2072111/0001683,2026-05-15,2026-05-15 18:28,Matt Olson,Boston Red Sox,C Early,Atlanta Braves,S Strider,+14603,3,+470,1.0,0.0,open,Settled
O/2072111/0001683,2026-05-15,2026-05-15 18:28,Ildemaro Vargas,Arizona Diamondbacks,M Kelly,Colorado Rockies,K Freeland,+14603,3,+570,1.0,0.0,open,Settled
O/2072111/0001678,2026-05-15,2026-05-15 17:59,Brandon Lowe,Philadelphia Phillies,A Nola,Pittsburgh Pirates,B Ashcraft,+44583,4,,1.0,0.0,open,Settled
O/2072111/0001678,2026-05-15,2026-05-15 17:59,Kyle Schwarber,Philadelphia Phillies,A Nola,Pittsburgh Pirates,B Ashcraft,+44583,4,,1.0,0.0,open,Settled
O/2072111/0001678,2026-05-15,2026-05-15 17:59,JJ Bleday,Cincinnati Reds,A Abbott,Cleveland Guardians,T Bibee,+44583,4,+490,1.0,0.0,open,Settled
O/2072111/0001678,2026-05-15,2026-05-15 17:59,Ryan Jeffers,Milwaukee Brewers,C Crow,Minnesota Twins,J Ryan,+44583,4,+490,1.0,0.0,open,Settled
O/2072111/0001675,2026-05-15,2026-05-15 17:14,Xavier Edwards,Miami Marlins,J Junk,Tampa Bay Rays,I Seymour,+121304,3,,1.0,0.0,open,Settled
O/2072111/0001675,2026-05-15,2026-05-15 17:14,Jakob Marsee,Miami Marlins,J Junk,Tampa Bay Rays,I Seymour,+121304,3,,1.0,0.0,open,Settled
O/2072111/0001675,2026-05-15,2026-05-15 17:14,Chase Meidroth,Chicago Cubs,E Cabrera,Chicago White Sox,S Burke,+121304,3,+1300,1.0,0.0,open,Settled
O/2072111/0001677,2026-05-15,2026-05-15 17:53,Kazuma Okamoto,Toronto Blue Jays,T Yesavage,Detroit Tigers,B Hanifee,+22574,3,+410,1.0,0.0,open,Settled
O/2072111/0001677,2026-05-15,2026-05-15 17:53,Nathaniel Lowe,Cincinnati Reds,A Abbott,Cleveland Guardians,T Bibee,+22574,3,+680,1.0,0.0,open,Settled
O/2072111/0001677,2026-05-15,2026-05-15 17:53,Matt Olson,Boston Red Sox,C Early,Atlanta Braves,S Strider,+22574,3,+470,1.0,0.0,open,Settled
O/2072111/0001681,2026-05-15,2026-05-15 18:05,Kazuma Okamoto,Toronto Blue Jays,T Yesavage,Detroit Tigers,B Hanifee,+34719,3,+420,1.0,0.0,open,Settled
O/2072111/0001681,2026-05-15,2026-05-15 18:05,Liam Hicks,Miami Marlins,J Junk,Tampa Bay Rays,I Seymour,+34719,3,+980,1.0,0.0,open,Settled
O/2072111/0001681,2026-05-15,2026-05-15 18:05,Drake Baldwin,Boston Red Sox,C Early,Atlanta Braves,S Strider,+34719,3,+520,1.0,0.0,open,Settled
O/2072111/0001676,2026-05-15,2026-05-15 17:51,Adley Rutschman,Baltimore Orioles,S Baz,Washington Nationals,Z Littell,+58080,3,+590,1.0,0.0,open,Settled
O/2072111/0001676,2026-05-15,2026-05-15 17:51,Xavier Edwards,Miami Marlins,J Junk,Tampa Bay Rays,I Seymour,+58080,3,+1260,1.0,0.0,open,Settled
O/2072111/0001676,2026-05-15,2026-05-15 17:51,Drake Baldwin,Boston Red Sox,C Early,Atlanta Braves,S Strider,+58080,3,+520,1.0,0.0,open,Settled
O/2072111/0001684,2026-05-15,2026-05-15 18:33,Munetaka Murakami,Chicago Cubs,E Cabrera,Chicago White Sox,S Burke,+31395,4,,1.0,0.0,open,Settled
O/2072111/0001684,2026-05-15,2026-05-15 18:33,Miguel Vargas,Chicago Cubs,E Cabrera,Chicago White Sox,S Burke,+31395,4,,1.0,0.0,open,Settled
O/2072111/0001684,2026-05-15,2026-05-15 18:33,Samuel Basallo,Baltimore Orioles,S Baz,Washington Nationals,Z Littell,+31395,4,+440,1.0,0.0,open,Settled
O/2072111/0001684,2026-05-15,2026-05-15 18:33,Aaron Judge,New York Yankees,C Schlittler,New York Mets,C Holmes,+31395,4,+310,1.0,0.0,open,Settled
O/2072111/0001670,2026-05-14,2026-05-14 18:32,Casey Schmitt,San Francisco Giants,L Roupp,Los Angeles Dodgers,E Sheehan,+7974,3,,1.0,0.0,open,Settled
O/2072111/0001670,2026-05-14,2026-05-14 18:32,Rafael Devers,San Francisco Giants,L Roupp,Los Angeles Dodgers,E Sheehan,+7974,3,,1.0,0.0,open,Settled
O/2072111/0001670,2026-05-14,2026-05-14 18:32,Bobby Witt Jr.,Kansas City Royals,K Bubic,Chicago White Sox,A Kay,+7974,3,+410,1.0,0.0,open,Settled
O/2072111/0001669,2026-05-14,2026-05-14 18:03,Bobby Witt Jr.,Kansas City Royals,K Bubic,Chicago White Sox,A Kay,+13132,3,,1.0,0.0,open,Settled
O/2072111/0001669,2026-05-14,2026-05-14 18:03,Maikel Garcia,Kansas City Royals,K Bubic,Chicago White Sox,A Kay,+13132,3,,1.0,0.0,open,Settled
O/2072111/0001669,2026-05-14,2026-05-14 18:03,Kyle Schwarber,Philadelphia Phillies,J Luzardo,Boston Red Sox,R Suarez,+13132,3,+390,1.0,0.0,open,Settled
O/2072111/0001672,2026-05-14,2026-05-14 19:02,Maikel Garcia,Kansas City Royals,K Bubic,Chicago White Sox,A Kay,+25262,3,,1.0,0.0,open,Settled
O/2072111/0001672,2026-05-14,2026-05-14 19:02,Salvador Perez,Kansas City Royals,K Bubic,Chicago White Sox,A Kay,+25262,3,,1.0,0.0,open,Settled
O/2072111/0001672,2026-05-14,2026-05-14 19:02,Matt Shaw,Chicago Cubs,B Brown,Atlanta Braves,C Sale,+25262,3,+820,1.0,0.0,open,Settled
O/2072111/0001671,2026-05-14,2026-05-14 18:39,Bryce Harper,Philadelphia Phillies,J Luzardo,Boston Red Sox,R Suarez,+20449,3,+710,1.0,0.0,open,Settled
O/2072111/0001671,2026-05-14,2026-05-14 18:39,Matt Olson,Chicago Cubs,B Brown,Atlanta Braves,C Sale,+20449,3,+330,1.0,0.0,open,Settled
O/2072111/0001671,2026-05-14,2026-05-14 18:39,Max Muncy,San Francisco Giants,L Roupp,Los Angeles Dodgers,E Sheehan,+20449,3,+490,1.0,0.0,open,Settled
O/2072111/0001668,2026-05-14,2026-05-14 17:32,Miguel Vargas,Kansas City Royals,K Bubic,Chicago White Sox,A Kay,+23115,3,,1.0,0.0,open,Settled
O/2072111/0001668,2026-05-14,2026-05-14 17:32,Bobby Witt Jr.,Kansas City Royals,K Bubic,Chicago White Sox,A Kay,+23115,3,,1.0,0.0,open,Settled
O/2072111/0001668,2026-05-14,2026-05-14 17:32,Ceddanne Rafaela,Philadelphia Phillies,J Luzardo,Boston Red Sox,R Suarez,+23115,3,+920,1.0,0.0,open,Settled
O/2072111/0001665,2026-05-14,2026-05-14 12:58,Cesar Salazar,Seattle Mariners,L Castillo,Houston Astros,M Burrows,+60767,3,,1.0,0.0,open,Settled
O/2072111/0001665,2026-05-14,2026-05-14 12:58,J.P. Crawford,Seattle Mariners,L Castillo,Houston Astros,M Burrows,+60767,3,,1.0,0.0,open,Settled
O/2072111/0001665,2026-05-14,2026-05-14 12:58,Cam Smith,Seattle Mariners,L Castillo,Houston Astros,M Burrows,+60767,3,,1.0,0.0,open,Settled
O/2072111/0001667,2026-05-14,2026-05-14 13:10,C.J. Abrams,Washington Nationals,F Griffin,Cincinnati Reds,C Burns,+37646,4,,1.0,0.0,open,Settled
O/2072111/0001667,2026-05-14,2026-05-14 13:10,James Wood,Washington Nationals,F Griffin,Cincinnati Reds,C Burns,+37646,4,,1.0,0.0,open,Settled
O/2072111/0001667,2026-05-14,2026-05-14 13:10,Yordan Alvarez,Seattle Mariners,L Castillo,Houston Astros,M Burrows,+37646,4,+250,1.0,0.0,open,Settled
O/2072111/0001667,2026-05-14,2026-05-14 13:10,Bobby Witt Jr.,Kansas City Royals,K Bubic,Chicago White Sox,A Kay,+37646,4,+430,1.0,0.0,open,Settled
O/2072111/0001664,2026-05-14,2026-05-14 12:57,Christian Walker,Seattle Mariners,L Castillo,Houston Astros,M Burrows,+33092,4,,1.0,0.0,open,Settled
O/2072111/0001664,2026-05-14,2026-05-14 12:57,Luke Raley,Seattle Mariners,L Castillo,Houston Astros,M Burrows,+33092,4,,1.0,0.0,open,Settled
O/2072111/0001664,2026-05-14,2026-05-14 12:57,James Wood,Washington Nationals,F Griffin,Cincinnati Reds,C Burns,+33092,4,+450,1.0,0.0,open,Settled
O/2072111/0001664,2026-05-14,2026-05-14 12:57,Shea Langeliers,St. Louis Cardinals,M McGreevy,Athletics,J Lopez,+33092,4,+310,1.0,0.0,open,Settled
O/2072111/0001666,2026-05-14,2026-05-14 12:59,Daylen Lile,Washington Nationals,F Griffin,Cincinnati Reds,C Burns,+39807,3,,1.0,0.0,open,Settled
O/2072111/0001666,2026-05-14,2026-05-14 12:59,Brady House,Washington Nationals,F Griffin,Cincinnati Reds,C Burns,+39807,3,,1.0,0.0,open,Settled
O/2072111/0001666,2026-05-14,2026-05-14 12:59,Matt McLain,Washington Nationals,F Griffin,Cincinnati Reds,C Burns,+39807,3,,1.0,0.0,open,Settled
O/2072111/0001663,2026-05-14,2026-05-14 12:56,Brady House,Washington Nationals,F Griffin,Cincinnati Reds,C Burns,+62150,3,+900,1.0,0.0,open,Settled
O/2072111/0001663,2026-05-14,2026-05-14 12:56,Liam Hicks,Miami Marlins,B Garrett,Minnesota Twins,Z Matthews,+62150,3,+650,1.0,0.0,open,Settled
O/2072111/0001663,2026-05-14,2026-05-14 12:56,Braden Shewmake,Seattle Mariners,L Castillo,Houston Astros,M Burrows,+62150,3,+730,1.0,0.0,open,Settled
O/2072111/0001662,2026-05-13,2026-05-13 22:26,Brent Rooker,St. Louis Cardinals,M Liberatore,Athletics,J Ginn,+11355,3,,1.0,0.0,open,Settled
O/2072111/0001662,2026-05-13,2026-05-13 22:26,Shea Langeliers,St. Louis Cardinals,M Liberatore,Athletics,J Ginn,+11355,3,,1.0,0.0,open,Settled
O/2072111/0001662,2026-05-13,2026-05-13 22:26,Rafael Devers,San Francisco Giants,R Ray,Los Angeles Dodgers,S Ohtani,+11355,3,+650,1.0,0.0,open,Settled
O/2072111/0001654,2026-05-13,2026-05-13 14:29,Evan Carter,Arizona Diamondbacks,R Nelson,Texas Rangers,K Rocker,+48726,3,,1.0,0.0,open,Settled
O/2072111/0001654,2026-05-13,2026-05-13 14:29,Ezequiel Duran,Arizona Diamondbacks,R Nelson,Texas Rangers,K Rocker,+48726,3,,1.0,0.0,open,Settled
O/2072111/0001654,2026-05-13,2026-05-13 14:29,Christian Vazquez,Seattle Mariners,B Miller,Houston Astros,L McCullers,+48726,3,+920,1.0,0.0,open,Settled
O/2072111/0001656,2026-05-13,2026-05-13 17:50,Mickey Moniak,Colorado Rockies,J Quintana,Pittsburgh Pirates,M Keller,+33915,3,+390,1.0,0.0,open,Settled
O/2072111/0001656,2026-05-13,2026-05-13 17:50,Nolan Arenado,Arizona Diamondbacks,R Nelson,Texas Rangers,K Rocker,+33915,3,+790,1.0,0.0,open,Settled
O/2072111/0001656,2026-05-13,2026-05-13 17:50,Braden Shewmake,Seattle Mariners,B Miller,Houston Astros,L McCullers,+33915,3,+680,1.0,0.0,open,Settled
O/2072111/0001643,2026-05-13,2026-05-13 10:42,Ezequiel Duran,Arizona Diamondbacks,R Nelson,Texas Rangers,K Rocker,+56087,3,,10.0,0.0,open,Settled
O/2072111/0001643,2026-05-13,2026-05-13 10:42,Evan Carter,Arizona Diamondbacks,R Nelson,Texas Rangers,K Rocker,+56087,3,,10.0,0.0,open,Settled
O/2072111/0001643,2026-05-13,2026-05-13 10:42,Carlos Narvaez,Philadelphia Phillies,A Painter,Boston Red Sox,S Gray,+56087,3,,10.0,0.0,void,Settled
O/2072111/0001661,2026-05-13,2026-05-13 19:54,Brandon Nimmo,Arizona Diamondbacks,R Nelson,Texas Rangers,K Rocker,+9419,3,,1.5,0.0,open,Settled
O/2072111/0001661,2026-05-13,2026-05-13 19:54,Josh Jung,Arizona Diamondbacks,R Nelson,Texas Rangers,K Rocker,+9419,3,,1.5,0.0,open,Settled
O/2072111/0001661,2026-05-13,2026-05-13 19:54,Yordan Alvarez,Seattle Mariners,B Miller,Houston Astros,L McCullers,+9419,3,+290,1.5,0.0,open,Settled
O/2072111/0001658,2026-05-13,2026-05-13 18:42,JJ Bleday,Washington Nationals,J Irvin,Cincinnati Reds,N Lodolo,+13830,3,+370,1.0,0.0,open,Settled
O/2072111/0001658,2026-05-13,2026-05-13 18:42,Spencer Torkelson,Detroit Tigers,F Valdez,New York Mets,C Scott,+13830,3,+420,1.0,0.0,open,Settled
O/2072111/0001658,2026-05-13,2026-05-13 18:42,Luke Raley,Seattle Mariners,B Miller,Houston Astros,L McCullers,+13830,3,+470,1.0,0.0,open,Settled
O/2072111/0001651,2026-05-13,2026-05-13 11:59,Elly De La Cruz,Washington Nationals,J Irvin,Cincinnati Reds,N Lodolo,+24974,4,,1.0,0.0,open,Settled
O/2072111/0001651,2026-05-13,2026-05-13 11:59,Nathaniel Lowe,Washington Nationals,J Irvin,Cincinnati Reds,N Lodolo,+24974,4,,1.0,0.0,open,Settled
O/2072111/0001651,2026-05-13,2026-05-13 11:59,C.J. Abrams,Washington Nationals,J Irvin,Cincinnati Reds,N Lodolo,+24974,4,,1.0,0.0,open,Settled
O/2072111/0001651,2026-05-13,2026-05-13 11:59,James Wood,Washington Nationals,J Irvin,Cincinnati Reds,N Lodolo,+24974,4,,1.0,0.0,open,Settled
O/2072111/0001657,2026-05-13,2026-05-13 18:23,Moises Ballesteros,Chicago Cubs,S Imanaga,Atlanta Braves,J Ritchie,+43096,3,+610,1.0,0.0,open,Settled
O/2072111/0001657,2026-05-13,2026-05-13 18:23,Liam Hicks,Miami Marlins,M Meyer,Minnesota Twins,S Woods Richardson,+43096,3,+680,1.0,0.0,open,Settled
O/2072111/0001657,2026-05-13,2026-05-13 18:23,Braden Shewmake,Seattle Mariners,B Miller,Houston Astros,L McCullers,+43096,3,+680,1.0,0.0,open,Settled
O/2072111/0001647,2026-05-13,2026-05-13 11:47,Marcell Ozuna,Colorado Rockies,J Quintana,Pittsburgh Pirates,M Keller,+11107,3,,1.0,0.0,open,Settled
O/2072111/0001647,2026-05-13,2026-05-13 11:47,Henry Davis,Colorado Rockies,J Quintana,Pittsburgh Pirates,M Keller,+11107,3,,1.0,0.0,open,Settled
O/2072111/0001647,2026-05-13,2026-05-13 11:47,Brent Rooker,St. Louis Cardinals,M Liberatore,Athletics,J Ginn,+11107,3,+240,1.0,0.0,open,Settled
O/2072111/0001659,2026-05-13,2026-05-13 19:10,Bryce Harper,Philadelphia Phillies,A Painter,Boston Red Sox,S Gray,+15890,3,+650,1.0,0.0,open,Settled
O/2072111/0001659,2026-05-13,2026-05-13 19:10,Seiya Suzuki,Chicago Cubs,S Imanaga,Atlanta Braves,J Ritchie,+15890,3,+420,1.0,0.0,open,Settled
O/2072111/0001659,2026-05-13,2026-05-13 19:10,Byron Buxton,Miami Marlins,M Meyer,Minnesota Twins,S Woods Richardson,+15890,3,+310,1.0,0.0,open,Settled
O/2072111/0001660,2026-05-13,2026-05-13 19:15,Bryce Harper,Philadelphia Phillies,A Painter,Boston Red Sox,S Gray,+89900,3,+650,1.0,0.0,open,Settled
O/2072111/0001660,2026-05-13,2026-05-13 19:15,A.J. Ewing,Detroit Tigers,F Valdez,New York Mets,C Scott,+89900,3,+1500,1.0,0.0,open,Settled
O/2072111/0001660,2026-05-13,2026-05-13 19:15,Braden Shewmake,Seattle Mariners,B Miller,Houston Astros,L McCullers,+89900,3,+650,1.0,0.0,open,Settled
O/2072111/0001648,2026-05-13,2026-05-13 11:51,Kyle Schwarber,Philadelphia Phillies,A Painter,Boston Red Sox,S Gray,+25251,4,+240,1.0,0.0,open,Settled
O/2072111/0001648,2026-05-13,2026-05-13 11:51,Seiya Suzuki,Chicago Cubs,S Imanaga,Atlanta Braves,J Ritchie,+25251,4,+410,1.0,0.0,open,Settled
O/2072111/0001648,2026-05-13,2026-05-13 11:51,Shea Langeliers,St. Louis Cardinals,M Liberatore,Athletics,J Ginn,+25251,4,+240,1.0,0.0,open,Settled
O/2072111/0001648,2026-05-13,2026-05-13 11:51,Max Muncy,San Francisco Giants,R Ray,Los Angeles Dodgers,S Ohtani,+25251,4,,1.0,0.0,void,Settled
O/2072111/0001655,2026-05-13,2026-05-13 14:37,Jarren Duran,Philadelphia Phillies,A Painter,Boston Red Sox,S Gray,+6224,2,+520,1.0,0.0,open,Settled
O/2072111/0001655,2026-05-13,2026-05-13 14:37,Nick Yorke,Colorado Rockies,J Quintana,Pittsburgh Pirates,M Keller,+6224,2,,1.0,0.0,void,Settled
O/2072111/0001649,2026-05-13,2026-05-13 11:52,Trent Grisham,New York Yankees,M Fried,Baltimore Orioles,K Bradish,+26014,3,+440,1.0,0.0,open,Settled
O/2072111/0001649,2026-05-13,2026-05-13 11:52,Liam Hicks,Miami Marlins,M Meyer,Minnesota Twins,S Woods Richardson,+26014,3,+680,1.0,0.0,open,Settled
O/2072111/0001649,2026-05-13,2026-05-13 11:52,Dalton Rushing,San Francisco Giants,R Ray,Los Angeles Dodgers,S Ohtani,+26014,3,,1.0,0.0,void,Settled
O/2072111/0001652,2026-05-13,2026-05-13 12:29,Ben Rice,New York Yankees,M Fried,Baltimore Orioles,K Bradish,+78917,4,+320,1.0,0.0,open,Settled
O/2072111/0001652,2026-05-13,2026-05-13 12:29,Spencer Torkelson,Detroit Tigers,F Valdez,New York Mets,C Scott,+78917,4,+440,1.0,0.0,open,Settled
O/2072111/0001652,2026-05-13,2026-05-13 12:29,Ryan Jeffers,Miami Marlins,M Meyer,Minnesota Twins,S Woods Richardson,+78917,4,,1.0,0.0,void,Settled
O/2072111/0001652,2026-05-13,2026-05-13 12:29,Tyler Soderstrom,St. Louis Cardinals,M Liberatore,Athletics,J Ginn,+78917,4,,1.0,0.0,void,Settled
O/2072111/0001653,2026-05-13,2026-05-13 12:49,Ben Rice,New York Yankees,M Fried,Baltimore Orioles,K Bradish,+130090,4,+310,5.0,0.0,open,Settled
O/2072111/0001653,2026-05-13,2026-05-13 12:49,Moises Ballesteros,Chicago Cubs,S Imanaga,Atlanta Braves,J Ritchie,+130090,4,+590,5.0,0.0,open,Settled
O/2072111/0001653,2026-05-13,2026-05-13 12:49,Liam Hicks,Miami Marlins,M Meyer,Minnesota Twins,S Woods Richardson,+130090,4,+680,5.0,0.0,open,Settled
O/2072111/0001653,2026-05-13,2026-05-13 12:49,Luke Raley,Seattle Mariners,B Miller,Houston Astros,L McCullers,+130090,4,+490,5.0,0.0,open,Settled
O/2072111/0001644,2026-05-13,2026-05-13 11:31,Ben Rice,New York Yankees,M Fried,Baltimore Orioles,K Bradish,+14172,3,+310,1.0,0.0,open,Settled
O/2072111/0001644,2026-05-13,2026-05-13 11:31,Willson Contreras,Philadelphia Phillies,A Painter,Boston Red Sox,S Gray,+14172,3,+490,1.0,0.0,open,Settled
O/2072111/0001644,2026-05-13,2026-05-13 11:31,Luke Raley,Seattle Mariners,B Miller,Houston Astros,L McCullers,+14172,3,+490,1.0,0.0,open,Settled
O/2072111/0001646,2026-05-13,2026-05-13 11:34,Luke Raley,Seattle Mariners,B Miller,Houston Astros,L McCullers,+32629,3,,1.0,0.0,open,Settled
O/2072111/0001646,2026-05-13,2026-05-13 11:34,J.P. Crawford,Seattle Mariners,B Miller,Houston Astros,L McCullers,+32629,3,,1.0,0.0,open,Settled
O/2072111/0001646,2026-05-13,2026-05-13 11:34,Mike Trout,Los Angeles Angels,R Detmers,Cleveland Guardians,P Messick,+32629,3,+610,1.0,0.0,open,Settled
O/2072111/0001650,2026-05-13,2026-05-13 11:54,Oswald Peraza,Los Angeles Angels,R Detmers,Cleveland Guardians,P Messick,+11528,2,+920,1.0,0.0,open,Settled
O/2072111/0001650,2026-05-13,2026-05-13 11:54,Carlos Narvaez,Philadelphia Phillies,A Painter,Boston Red Sox,S Gray,+11528,2,,1.0,0.0,void,Settled
O/2072111/0001645,2026-05-13,2026-05-13 11:32,Adley Rutschman,New York Yankees,M Fried,Baltimore Orioles,K Bradish,+17499,3,,1.0,0.0,open,Settled
O/2072111/0001645,2026-05-13,2026-05-13 11:32,Aaron Judge,New York Yankees,M Fried,Baltimore Orioles,K Bradish,+17499,3,,1.0,0.0,open,Settled
O/2072111/0001645,2026-05-13,2026-05-13 11:32,Oswald Peraza,Los Angeles Angels,R Detmers,Cleveland Guardians,P Messick,+17499,3,+920,1.0,0.0,open,Settled
O/2072111/0001641,2026-05-12,2026-05-12 21:45,Max Muncy,San Francisco Giants,A Houser,Los Angeles Dodgers,Y Yamamoto,+11679,4,,10.0,0.0,open,Settled
O/2072111/0001641,2026-05-12,2026-05-12 21:45,Shohei Ohtani,St. Louis Cardinals,A Pallante,Athletics,J Springs,+11679,4,,10.0,0.0,open,Settled
O/2072111/0001641,2026-05-12,2026-05-12 21:45,Shea Langeliers,San Francisco Giants,A Houser,Los Angeles Dodgers,Y Yamamoto,+11679,4,,10.0,0.0,open,Settled
O/2072111/0001641,2026-05-12,2026-05-12 21:45,Alec Burleson,San Francisco Giants,A Houser,Los Angeles Dodgers,Y Yamamoto,+11679,4,,10.0,0.0,open,Settled
O/2072111/0001640,2026-05-12,2026-05-12 21:41,Shea Langeliers,St. Louis Cardinals,A Pallante,Athletics,J Springs,+15182,4,,1.0,0.0,open,Settled
O/2072111/0001640,2026-05-12,2026-05-12 21:41,Brent Rooker,San Francisco Giants,A Houser,Los Angeles Dodgers,Y Yamamoto,+15182,4,,1.0,0.0,open,Settled
O/2072111/0001640,2026-05-12,2026-05-12 21:41,Max Muncy,St. Louis Cardinals,A Pallante,Athletics,J Springs,+15182,4,,1.0,0.0,open,Settled
O/2072111/0001640,2026-05-12,2026-05-12 21:41,Rafael Devers,St. Louis Cardinals,A Pallante,Athletics,J Springs,+15182,4,,1.0,0.0,open,Settled
O/2072111/0001636,2026-05-12,2026-05-12 20:03,Max Muncy,San Francisco Giants,A Houser,Los Angeles Dodgers,Y Yamamoto,+19469,4,,1.0,0.0,open,Settled
O/2072111/0001636,2026-05-12,2026-05-12 20:03,Andy Pages,St. Louis Cardinals,A Pallante,Athletics,J Springs,+19469,4,,1.0,0.0,open,Settled
O/2072111/0001636,2026-05-12,2026-05-12 20:03,Shea Langeliers,San Francisco Giants,A Houser,Los Angeles Dodgers,Y Yamamoto,+19469,4,,1.0,0.0,open,Settled
O/2072111/0001636,2026-05-12,2026-05-12 20:03,Brent Rooker,San Francisco Giants,A Houser,Los Angeles Dodgers,Y Yamamoto,+19469,4,,1.0,0.0,open,Settled
O/2072111/0001639,2026-05-12,2026-05-12 21:40,Andy Pages,San Francisco Giants,A Houser,Los Angeles Dodgers,Y Yamamoto,+10179,3,,1.0,0.0,open,Settled
O/2072111/0001639,2026-05-12,2026-05-12 21:40,Casey Schmitt,San Francisco Giants,A Houser,Los Angeles Dodgers,Y Yamamoto,+10179,3,,1.0,0.0,open,Settled
O/2072111/0001639,2026-05-12,2026-05-12 21:40,Jordan Walker,St. Louis Cardinals,A Pallante,Athletics,J Springs,+10179,3,+300,1.0,0.0,open,Settled
O/2072111/0001638,2026-05-12,2026-05-12 21:39,Shea Langeliers,St. Louis Cardinals,A Pallante,Athletics,J Springs,+14504,4,,1.0,0.0,open,Settled
O/2072111/0001638,2026-05-12,2026-05-12 21:39,Jordan Walker,San Francisco Giants,A Houser,Los Angeles Dodgers,Y Yamamoto,+14504,4,,1.0,0.0,open,Settled
O/2072111/0001638,2026-05-12,2026-05-12 21:39,Casey Schmitt,St. Louis Cardinals,A Pallante,Athletics,J Springs,+14504,4,,1.0,0.0,open,Settled
O/2072111/0001638,2026-05-12,2026-05-12 21:39,Shohei Ohtani,St. Louis Cardinals,A Pallante,Athletics,J Springs,+14504,4,,1.0,0.0,open,Settled
O/2072111/0001620,2026-05-12,2026-05-12 10:58,Nathaniel Lowe,Washington Nationals,M Mikolas,Cincinnati Reds,B Singer,+8301,3,,1.0,0.0,void,Settled
O/2072111/0001620,2026-05-12,2026-05-12 10:58,Yordan Alvarez,Seattle Mariners,B Woo,Houston Astros,T Imai,+8301,3,+235,1.0,0.0,open,Settled
O/2072111/0001620,2026-05-12,2026-05-12 10:58,Max Muncy,San Francisco Giants,A Houser,Los Angeles Dodgers,Y Yamamoto,+8301,3,+340,1.0,0.0,open,Settled
O/2072111/0001623,2026-05-12,2026-05-12 17:13,Vaughn Grissom,Los Angeles Angels,W Urena,Cleveland Guardians,S Cecconi,+72294,3,+1120,1.0,0.0,open,Settled
O/2072111/0001623,2026-05-12,2026-05-12 17:13,Evan Carter,Arizona Diamondbacks,Z Gallen,Texas Rangers,M Gore,+72294,3,+760,1.0,0.0,open,Settled
O/2072111/0001623,2026-05-12,2026-05-12 17:13,Braden Shewmake,Seattle Mariners,B Woo,Houston Astros,T Imai,+72294,3,+590,1.0,0.0,open,Settled
O/2072111/0001635,2026-05-12,2026-05-12 20:01,Braden Shewmake,Seattle Mariners,B Woo,Houston Astros,T Imai,+17898,3,,1.0,0.0,open,Settled
O/2072111/0001635,2026-05-12,2026-05-12 20:01,Luke Raley,Seattle Mariners,B Woo,Houston Astros,T Imai,+17898,3,,1.0,0.0,open,Settled
O/2072111/0001635,2026-05-12,2026-05-12 20:01,Evan Carter,Arizona Diamondbacks,Z Gallen,Texas Rangers,M Gore,+17898,3,+760,1.0,0.0,open,Settled
O/2072111/0001629,2026-05-12,2026-05-12 17:44,Christian Walker,Seattle Mariners,B Woo,Houston Astros,T Imai,+17596,3,,1.0,0.0,open,Settled
O/2072111/0001629,2026-05-12,2026-05-12 17:44,Braden Shewmake,Seattle Mariners,B Woo,Houston Astros,T Imai,+17596,3,,1.0,0.0,open,Settled
O/2072111/0001629,2026-05-12,2026-05-12 17:44,Xander Bogaerts,San Diego Padres,B Rodriguez,Milwaukee Brewers,B Sproat,+17596,3,+710,1.0,0.0,open,Settled
O/2072111/0001631,2026-05-12,2026-05-12 18:13,Munetaka Murakami,Kansas City Royals,S Kolek,Chicago White Sox,E Fedde,+1876,2,+235,1.0,0.0,open,Settled
O/2072111/0001631,2026-05-12,2026-05-12 18:13,Alec Burleson,St. Louis Cardinals,A Pallante,Athletics,J Springs,+1876,2,+490,1.0,0.0,open,Settled
O/2072111/0001630,2026-05-12,2026-05-12 17:56,Spencer Steer,Washington Nationals,M Mikolas,Cincinnati Reds,B Singer,+27527,4,+420,1.0,0.0,open,Settled
O/2072111/0001630,2026-05-12,2026-05-12 17:56,Kyle Schwarber,Philadelphia Phillies,Z Wheeler,Boston Red Sox,J Moran,+27527,4,+250,1.0,0.0,open,Settled
O/2072111/0001630,2026-05-12,2026-05-12 17:56,Yordan Alvarez,Seattle Mariners,B Woo,Houston Astros,T Imai,+27527,4,+245,1.0,0.0,open,Settled
O/2072111/0001630,2026-05-12,2026-05-12 17:56,Max Muncy,San Francisco Giants,A Houser,Los Angeles Dodgers,Y Yamamoto,+27527,4,+340,1.0,0.0,open,Settled
O/2072111/0001633,2026-05-12,2026-05-12 18:22,Sal Stewart,Washington Nationals,M Mikolas,Cincinnati Reds,B Singer,+20577,4,,1.0,0.0,open,Settled
O/2072111/0001633,2026-05-12,2026-05-12 18:22,JJ Bleday,Washington Nationals,M Mikolas,Cincinnati Reds,B Singer,+20577,4,,1.0,0.0,open,Settled
O/2072111/0001633,2026-05-12,2026-05-12 18:22,Spencer Steer,Washington Nationals,M Mikolas,Cincinnati Reds,B Singer,+20577,4,,1.0,0.0,open,Settled
O/2072111/0001633,2026-05-12,2026-05-12 18:22,Elly De La Cruz,Washington Nationals,M Mikolas,Cincinnati Reds,B Singer,+20577,4,,1.0,0.0,open,Settled
O/2072111/0001618,2026-05-12,2026-05-12 10:56,Nathaniel Lowe,Washington Nationals,M Mikolas,Cincinnati Reds,B Singer,+29299,4,,1.0,0.0,void,Settled
O/2072111/0001618,2026-05-12,2026-05-12 10:56,Kyle Schwarber,Philadelphia Phillies,Z Wheeler,Boston Red Sox,J Moran,+29299,4,+240,1.0,0.0,open,Settled
O/2072111/0001618,2026-05-12,2026-05-12 10:56,Matt Olson,Chicago Cubs,C Rea,Atlanta Braves,G Holmes,+29299,4,+310,1.0,0.0,open,Settled
O/2072111/0001618,2026-05-12,2026-05-12 10:56,Byron Buxton,Miami Marlins,E Perez,Minnesota Twins,B Ober,+29299,4,+270,1.0,0.0,open,Settled
O/2072111/0001621,2026-05-12,2026-05-12 10:59,Ian Happ,Chicago Cubs,C Rea,Atlanta Braves,G Holmes,+3263,2,+490,1.0,0.0,open,Settled
O/2072111/0001621,2026-05-12,2026-05-12 10:59,Christian Walker,Seattle Mariners,B Woo,Houston Astros,T Imai,+3263,2,+470,1.0,0.0,open,Settled
O/2072111/0001625,2026-05-12,2026-05-12 17:39,Bryson Stott,Philadelphia Phillies,Z Wheeler,Boston Red Sox,J Moran,+10430,2,+1200,1.0,0.0,open,Settled
O/2072111/0001625,2026-05-12,2026-05-12 17:39,Xander Bogaerts,San Diego Padres,B Rodriguez,Milwaukee Brewers,B Sproat,+10430,2,+710,1.0,0.0,open,Settled
O/2072111/0001632,2026-05-12,2026-05-12 18:16,Brady House,Washington Nationals,M Mikolas,Cincinnati Reds,B Singer,+47825,3,,1.0,0.0,open,Settled
O/2072111/0001632,2026-05-12,2026-05-12 18:16,Ke'Bryan Hayes,Washington Nationals,M Mikolas,Cincinnati Reds,B Singer,+47825,3,,1.0,0.0,open,Settled
O/2072111/0001632,2026-05-12,2026-05-12 18:16,Alec Bohm,Philadelphia Phillies,Z Wheeler,Boston Red Sox,J Moran,+47825,3,+1120,1.0,0.0,open,Settled
O/2072111/0001622,2026-05-12,2026-05-12 17:12,Ben Rice,New York Yankees,W Warren,Baltimore Orioles,T Rogers,+28125,3,+420,10.0,0.0,open,Settled
O/2072111/0001622,2026-05-12,2026-05-12 17:12,Ildemaro Vargas,Arizona Diamondbacks,Z Gallen,Texas Rangers,M Gore,+28125,3,+820,10.0,0.0,open,Settled
O/2072111/0001622,2026-05-12,2026-05-12 17:12,Christian Walker,Seattle Mariners,B Woo,Houston Astros,T Imai,+28125,3,+490,10.0,0.0,open,Settled
